article_id,title,company_name,published_date,category,arr_usd,summary,url,industry,founded_year,headquarters,employee_count,is_public,stock_ticker,company_age,company_size_category,embedding,top_similar_articles
ART0004,Confluent Reports Record Revenue Growth,Confluent,2023-12-13,AI_ML,980000000,Investors show strong confidence in the company's growth trajectory and market position.,https://technews.example.com/articles/4,Cloud Computing,1995,"London, UK",3884,False,,28,Small,"[-0.006355, -0.089051, -0.025803, 0.029953, -0.022219, -0.02588, 0.063317, 0.090591, 0.049902, -0.025935, 0.045065, 0.081102, 0.008341, -0.077002, -0.079772, -0.035531, 0.041999, -0.047993, 0.015765, -0.048081, -0.047281, -0.002984, 0.037943, 0.041277, 0.061648, -0.005657, -0.078456, 0.005449, 0.03662, -0.046299, -0.036567, 0.128105, -0.017766, 0.005304, -0.004088, 0.007254, 0.00109, 0.054146, 0.103917, 0.014385, 0.007806, -0.012147, 0.011613, -0.010112, -0.041981, -0.051085, 0.026395, 0.082525, -0.001349, 0.061819, -0.126295, -0.035619, 0.057763, -0.025629, -0.032739, 0.029471, -0.102496, -0.055516, 0.016518, 0.005267, -0.035844, 0.025533, -0.024654, 0.032286, 0.009312, 0.007029, -0.045127, 0.11938, -0.035465, -0.027323, 0.051694, 0.010585, -0.043115, -0.038009, -0.059606, 0.042715, -0.012597, 0.04499, 0.037435, -0.02551, 0.090861, -0.012637, -0.001208, -0.047425, 0.004309, -0.073228, 0.156255, -0.031145, 0.001407, -0.012348, -0.019822, 0.074235, -0.052218, -0.043179, -0.183361, 0.069334, -0.137893, -0.076616, 0.017418, 0.086001, 0.015591, 0.030288, -0.020249, 0.006333, -0.129564, -0.158523, 0.047036, 0.050179, 0.019187, 0.062961, 0.011612, 0.019393, -0.029753, -0.004261, 0.072385, 0.02128, -0.113476, -0.003276, 0.074479, -0.086368, 0.123386, 0.0405, 0.00155, -0.01262, -0.047138, 0.008035, 0.042157, -0.0, -0.001362, -0.002703, 0.038576, 0.128866, -0.033419, 0.066287, -0.084761, 0.023636, -0.0756, -0.055624, -0.04777, 0.049906, -0.060417, -0.017141, -0.006745, 0.019961, -0.030229, 0.115313, 0.024842, -0.012343, 0.057801, 0.032292, -0.003897, 0.032565, 0.035618, -0.034117, -0.058716, 0.112012, 0.003767, 0.031588, 0.045429, 0.003934, -0.052765, -0.078416, -0.107962, 0.016005, -0.053714, -0.074131, 0.025767, 0.031191, -0.003228, 0.095364, -0.031068, -0.051964, -0.040425, 0.017739, 0.054087, 0.007944, 0.007964, 0.038662, -0.008513, 0.002548, -0.018946, -0.041148, 0.06597, 0.064578, -0.040595, -0.015599, 0.014462, 0.046358, -0.035383, -0.002457, -0.1216, -0.037666, -0.117544, 0.113299, 0.028513, 0.047523, 0.058113, 0.088102, 0.040457, -0.049066, -0.019059, 0.027557, 0.035703, -0.076187, -0.057033, 0.006654, 0.011847, 0.052622, 0.028694, -0.070771, 0.059443, 0.031738, -0.020215, -0.02445, 0.064328, 0.054954, 0.076257, -0.001013, -0.000574, -0.01943, -0.028144, 0.0991, -0.008265, 0.0, -0.040983, 0.058886, -0.004561, 0.042474, -0.084147, 0.053475, 0.036435, 0.029646, 0.046998, -0.012965, 0.009172, 0.023393, -0.026832, -0.007294, -0.04979, -0.101663, 0.088531, -0.068396, -0.000981, -0.049892, -0.014692, -0.013544, 0.02947, 0.016295, 0.00294, 0.038688, -0.052297, -0.00136, -0.057538, 0.019206, -0.007586, 0.021813, 0.013512, 0.020933, -0.027034, -0.01926, 0.010296, -0.096985, -0.045794, 0.008972, -0.0068, 0.013672, 0.03002, -0.025795, -0.033315, -0.024419, 0.015404, -0.029779, 0.108503, -0.002517, 0.00778, 0.05744, -0.051328, 0.002605, -0.076256, 0.061509, -0.013503, 0.040381, -0.027427, 0.010511, -0.029534, 0.040819, -0.010948, -0.005662, 0.040479, 0.013348, -0.028593, -0.011936, 0.069684, -0.025176, -0.012795, 0.003285, 0.032997, -0.019992, -0.069137, 0.05009, 0.00317, -0.058231, -0.008534, 0.064738, 0.010616, 0.017791, 0.006367, -0.025945, -0.104524, 0.001983, 0.004369, -0.046801, -0.032586, 0.07472, -0.035381, -0.050298, -0.019155, -0.055788, 0.113204, -0.0, -0.042832, -0.02755, 0.02871, 0.010898, 0.071803, -0.008329, 0.021781, 0.026798, 0.031812, -0.00929, 0.048773, -0.007848, -0.113158, 0.000151, -0.013578, 0.055845, -0.036784, -0.034751, -0.071204, -0.040426, 0.017476, 0.103809, 0.030685, -0.037668, 0.023497, -0.041031, -0.022943, 0.050571, -0.058067, 0.047229, 0.00783, -0.02218, 0.074236, -0.020512, -0.01599, 0.037998, 0.034432, 0.030399, 0.010856, -0.016427, 0.002759, 0.06488, 0.00191, 0.016451, -0.018569, -0.006837, -0.029516, 0.040476, -0.006275, -0.086746, 0.062602, -0.002128, 0.034935, 0.042067, -0.012956, -0.021719, -0.078887, -0.01003, -0.069214, -0.042723, 0.04338, -0.032681, 0.106338, 0.062326]","[""ART0615"", ""ART0718"", ""ART0747""]"
ART0009,MongoDB Expands into European Market,MongoDB,2023-02-07,AI_ML,1480000000,Leadership outlines vision for responsible AI development and deployment.,https://technews.example.com/articles/9,SaaS,2008,"Austin, TX",16952,False,MONG,15,Medium,"[0.018105, -0.003096, -0.014866, 0.03618, 0.048721, -0.019016, -0.098627, 0.022304, 0.036168, 0.04843, -0.084171, 0.001356, 0.007818, 0.015508, -0.026138, 0.032425, -0.013749, -0.093858, -0.024123, -0.039536, -0.066017, -0.037603, 0.032315, -0.009992, -0.036032, -0.007583, 0.018405, -0.066928, -0.025253, -0.026132, 0.020513, -0.005584, 0.080954, 0.020267, -0.059002, 0.085255, 0.055277, -0.049701, 0.008073, -0.074941, 0.001166, -0.0621, -0.081434, -0.006958, 0.117434, 0.016249, -0.035276, 0.026648, -0.009193, 0.002192, -0.034005, -0.097059, 0.003353, 0.022459, -0.006644, 0.090736, 0.024987, -0.03931, 0.028517, 0.020089, 0.049326, -0.033926, -0.011938, 0.046782, 0.012308, 0.013038, -0.025396, 0.065997, -0.053472, -0.063755, 0.104377, -0.016541, -0.077915, -0.027778, 0.012139, 0.054226, 0.014217, -0.078421, 0.10194, 0.020745, -0.026665, 0.004123, -0.007543, 0.078844, -0.036644, -0.053585, 0.048921, -0.087365, -0.001949, 0.041358, -0.021374, -0.070454, 0.020973, 0.046744, -0.001975, 0.07417, 0.010819, 0.018058, 0.001056, -0.005631, -0.016942, 0.016775, 0.036601, -0.078443, -0.044406, 0.046831, 0.0733, -0.030617, -0.012923, -0.012603, -0.027679, -0.015927, -0.057226, -0.046427, 0.024184, 0.020623, -0.082623, 0.006592, 0.018443, 0.043391, 0.053482, 0.047081, 0.021713, 0.005358, 0.041107, 0.023492, -0.04452, -0.0, 0.006791, -0.028574, 0.033528, 0.022239, 0.01583, 0.02199, -0.038179, 0.001699, -0.115034, -0.001307, -0.092672, 0.06377, -0.021353, 0.023576, 0.068223, -0.061677, 0.065031, 0.108631, 0.024838, 0.002405, 0.043736, -0.029798, -0.038757, 0.007963, 0.113593, 0.052529, -0.001297, -0.002863, 0.087748, 0.050125, -0.065938, 0.017364, -0.090384, 0.034632, -0.023678, 0.042634, -0.111565, -0.072861, -0.012124, 0.008118, 0.037751, 0.068192, -0.034597, -0.02136, -0.027806, 0.033452, 0.042934, -0.060369, 0.060381, 0.006156, -0.093594, -0.022349, 0.015345, -0.002794, 0.129256, -0.006985, 0.0357, -0.036813, -0.011584, -0.090047, -0.042374, -0.015145, -0.083939, 0.14857, 0.073297, 0.003902, -0.006215, 0.067542, 0.008565, 0.067433, 0.021397, 0.0363, 0.008235, -0.000479, -0.082779, -0.00834, -0.044899, -0.04601, 0.00087, 0.017628, -0.063767, -0.057937, -0.049945, 0.027471, 0.050503, 0.06178, 0.027534, 0.011022, 0.05962, 0.03392, -0.03935, 0.02619, -0.055415, 0.008309, -0.080747, 0.0, -0.003709, -0.058082, 0.018607, 0.002913, 0.069252, -0.006596, -0.092733, -0.026397, 0.049134, -0.001094, -0.028367, -0.102551, 0.000361, -0.01715, -0.05063, -0.031735, 0.011259, -0.110626, 0.013657, -0.011889, -0.028121, 0.010959, -0.017486, 0.043292, 0.06567, -0.050702, -0.088376, -0.040522, -0.010547, 0.018624, -0.058353, -0.041577, -0.021486, 0.046576, -0.03204, 0.040359, 0.030745, -0.01532, 0.046679, 0.050884, -0.016586, -0.011766, -0.083896, -0.068551, 0.011941, 0.000476, -0.041355, 0.094279, -0.022333, -0.09125, -0.060823, 0.021554, 0.039192, -0.070606, -0.053247, -0.008879, 0.066932, 0.014338, 0.060515, 0.055285, 0.010694, 0.004372, 0.054901, 0.017659, -0.074232, 0.025859, -0.049522, 0.053053, -0.052187, -0.03521, 0.031674, -0.080654, -0.079459, 0.090712, -0.056027, -0.05995, -0.052299, -0.042104, 0.010136, -0.007277, 0.048008, -0.015392, 0.075266, 0.021157, 0.059642, -0.052209, -0.005979, -0.060807, -0.067193, 0.049361, -0.095679, 0.01796, -0.118006, 0.08313, -0.089945, -0.0, -0.097414, 0.082934, 0.045117, 0.047014, 0.067144, 0.005891, -0.008795, 0.044928, 0.055176, 0.057765, -0.017193, -0.003902, -0.010663, 0.011862, 0.065869, 0.040724, 0.024187, 0.001905, 0.00921, 0.053013, 0.109772, 0.054439, -0.009679, -0.074836, 0.017485, -0.029721, -0.049657, 0.084123, -0.042045, 0.035151, -0.010524, 0.050815, 0.097017, 0.025722, 0.134402, 0.0697, 0.008226, 0.042528, -0.050428, -0.004623, -0.012168, 0.122121, 0.012397, -0.025189, -0.012834, -0.046328, 0.043018, 0.015705, 0.040875, -0.045743, -0.007782, -0.029514, 0.082131, 0.098102, 0.099491, 0.053655, 0.055477, -0.092173, -0.007046, 0.025671, 0.073449, -0.088354, 0.058437, -0.000161]","[""ART0412"", ""ART0090"", ""ART0304""]"
ART0029,NVIDIA Announces Breakthrough in Large Language Models,NVIDIA,2023-09-13,DATA_ANALYTICS,40500000000,Company reaches important financial milestone ahead of schedule.,https://technews.example.com/articles/29,AI/ML,2017,"London, UK",22031,False,,6,Medium,"[-0.038888, -0.034029, -0.00076, -0.022232, -0.027325, 0.012864, -0.071517, 0.041887, 0.062662, -0.045932, -0.035595, 0.018294, -0.058823, 0.019984, 0.004852, -0.02429, 0.026884, -0.063253, -0.058305, -0.081393, 0.003028, 0.003957, 0.05165, -0.00268, 0.071727, 0.066245, -0.00454, -0.069256, 0.06458, -0.030934, -0.011796, 0.046328, 0.104516, 0.034086, -0.012337, 0.0083, -0.009116, -0.050056, -0.034612, -0.077149, -0.020507, -0.068147, 0.022439, 0.051455, 0.109257, -0.101967, 0.001279, 0.050968, -0.004429, -0.027947, -0.089511, -0.144464, 0.015583, -0.015849, -0.028125, 0.059744, 0.001435, -0.127367, 0.011685, -0.03937, 0.008802, -0.055512, 0.003456, 0.051404, 0.041514, 0.042769, 0.069208, -0.034478, -0.008879, 0.042783, 0.008591, 0.013712, 0.069176, 0.006009, -0.014232, 0.000274, 0.049809, 0.012868, 0.125939, -0.033649, 0.041399, -0.026893, 0.062873, -0.006301, 0.047248, 0.004701, 0.009532, 0.011007, 0.037312, -0.089724, -0.09455, -0.046126, 0.068088, -0.003268, -0.154587, 0.017624, -0.023903, -0.065333, 0.040546, 0.038281, 0.014109, -0.017811, 0.099423, 0.002622, -0.05155, -0.010189, 0.03608, 0.049546, -0.009024, -0.023064, -0.022551, 0.024335, -0.062152, 0.037971, -0.042672, 0.049757, -0.078461, -0.022824, 0.069186, 0.042669, -0.04658, 0.005898, -0.043403, -0.049262, -0.038677, 0.080781, 0.001133, 0.0, 0.048571, 0.056827, 0.017945, 0.077569, 0.024502, 0.075529, 0.052278, 0.043896, -0.014188, -0.058693, -0.04295, 0.051448, -0.030826, 0.099305, -0.025629, -0.102679, -0.033931, 0.089561, 0.013242, 0.044466, 0.141835, -0.009378, 0.031673, 0.000357, -0.020179, 0.017905, -0.02766, -0.033688, 0.020849, 0.023712, -0.007306, -0.034667, -0.011129, -0.061312, 0.020242, -0.012565, -0.005123, -0.099561, 0.105222, 0.065416, 0.00199, 0.105446, -0.079861, -0.111939, -0.083635, 0.087645, -0.025898, -0.040185, -0.02526, -0.021274, -0.04043, 0.03802, -0.086965, -0.001441, 0.089437, 0.017153, -0.008966, 0.005351, 0.049195, 0.010109, -0.050196, -0.073643, -0.001997, -0.00588, 0.026214, 0.057652, 0.090485, 0.043189, 0.000809, 0.022222, -0.01853, 0.016109, -0.020677, 0.006561, 0.062559, -0.020109, -0.031549, -0.077576, 0.011263, 0.070586, -0.061048, 0.010938, 0.02933, 0.004583, 0.020879, 0.033465, -0.006778, 0.001889, -0.04708, -0.052837, -0.07149, 0.009119, 0.047985, 0.025978, 0.062218, -0.0, 0.006742, -0.024621, -0.000858, 0.009099, 0.00852, -0.058238, -0.043443, 0.036724, 0.018632, 0.013167, 0.071453, 0.053, 0.063412, 0.005042, 0.003527, -0.079257, 0.038414, -0.011855, 0.022385, -0.044878, -0.019433, -0.039349, -0.112994, -0.049929, 0.043842, 0.015644, -0.031396, -0.047959, -0.009653, -0.016643, -0.04563, 0.013739, -0.057365, 0.069404, 0.04617, 0.02671, 0.035353, -0.075572, 0.022843, 0.007345, 0.105182, 0.029048, -0.009753, -1.5e-05, 0.006204, 0.021389, -0.053467, 0.011255, -0.008592, -0.034402, 0.012654, 0.017456, -0.000334, 0.006553, -0.060146, 0.017, 0.011849, -0.034881, 0.026125, -0.035083, -0.055492, 0.03538, -0.002856, -0.071721, 0.012744, -0.036019, -0.029454, 0.030161, 0.043549, -0.086253, 0.034195, -0.023854, -0.091124, 0.067581, -0.17218, -0.035991, 0.03513, -0.119447, 0.07096, -0.021031, 0.040508, -0.026642, 0.073262, 0.028087, 0.065246, 0.027041, 0.077266, -0.061605, 0.035028, 0.009392, -0.056643, 0.035448, -0.100659, 0.1059, -0.015813, -0.0, -0.00254, -0.003477, -0.055007, 0.051071, 0.066792, -0.074442, -0.119539, 0.030444, 0.045701, -0.017099, 0.038906, -0.04857, -0.037238, 0.026369, 0.032511, 0.070733, 0.051471, 0.070803, -0.032587, -0.018866, -0.053074, 0.033036, 0.061019, -0.04538, -0.041669, -0.032022, 0.043944, 0.001296, 0.100291, -0.085285, -0.027539, 0.00976, 0.046964, 0.032184, 0.039248, 0.000142, 0.034498, 0.012288, 0.127508, -0.008413, 0.091043, 0.012917, -0.006931, 0.009594, -0.012997, -0.014655, -0.054973, -0.142287, -0.039627, -0.007757, -0.057625, 0.048571, -0.001736, 0.040278, -0.055649, 0.0413, -0.048435, -0.040467, -0.006011, 0.003455, 0.037317, -0.096821, 0.054385, 0.038431]","[""ART0554"", ""ART0154"", ""ART0613""]"
ART0033,SpaceX Achieves Profitability Milestone,SpaceX,2022-02-15,CLOUD,5000000000,International expansion strategy focuses on enterprise customers in key markets.,https://technews.example.com/articles/33,AI/ML,2016,"Berlin, Germany",31018,False,,6,Large,"[0.074323, -0.021932, 0.075732, -0.087071, -0.01944, 0.003184, 0.033016, 0.029046, -0.017027, -0.021701, -0.025328, 0.063411, -0.00984, 0.003886, 0.062019, -0.045702, -0.009234, -0.078434, -0.031792, 0.020424, 0.009815, -0.103978, -0.011583, 0.001224, 0.027936, 0.014795, 0.088959, 0.048061, -0.001726, 0.00103, -0.001745, 0.039109, 0.071908, 0.006649, 0.021795, 0.073291, -0.049854, -0.043656, -0.026177, -0.013543, 0.056057, -0.029512, -0.037674, 0.050977, 0.015491, -0.114134, -0.019271, 0.026895, 0.041295, 0.027503, 0.001806, -0.026041, -0.008629, -0.061606, 0.010829, 0.012464, -0.014158, -0.035741, 0.008511, -0.074884, 0.01605, -0.077677, 0.042295, 0.051168, -0.010142, -0.020777, -0.015115, 0.037836, -0.103878, -0.078987, 0.009277, -0.056319, -0.094961, 0.086603, -0.003101, 0.064233, 0.099166, 0.014471, 0.060352, 0.057608, 0.017977, 0.052386, -0.039919, -0.02223, -0.06259, -0.029944, 0.065615, -0.068411, 0.008725, 0.00412, 0.005165, -0.014158, 0.006779, 0.019881, 0.021403, -0.023779, -0.060171, -0.076018, 0.050013, -0.004513, 0.057596, 0.008317, 0.023396, 0.009524, -0.038351, -0.066565, -0.045772, 0.043268, -0.001887, -0.04301, -0.098004, -0.028242, -0.051214, -0.045033, -0.045636, 0.027751, -0.042213, 0.013378, 0.100938, -0.069383, 0.015955, -0.025079, -0.009402, 0.054061, -0.07869, -0.00932, -0.050513, 0.0, -0.205633, -0.052524, 0.001016, 0.071265, -0.04663, -0.007242, 0.007198, 0.005659, -0.094841, -0.028643, -0.109376, 0.104663, 0.037236, 0.035537, 0.132945, 0.007909, 0.058916, 0.093047, 0.060286, 0.02865, 0.081202, -0.060819, 0.084705, 0.001247, 0.042004, 0.001746, -0.026398, 0.015607, -0.036569, 0.004229, -0.028194, -0.032694, -0.067608, -0.022186, -0.055112, 0.140042, -0.02671, -0.055981, 0.004284, 0.048113, -0.097459, 0.055879, -0.064636, -0.063587, 0.012157, 0.090243, 0.026454, -0.084889, 0.038016, 0.051263, -0.014903, 0.013573, 0.014292, -0.025476, 0.116702, 0.016064, 0.004652, -0.043864, -0.002998, -0.023764, -0.0811, -0.060752, -0.028729, 0.071734, 0.023045, 0.095034, 0.08033, -0.049375, -0.030725, 0.055201, 0.008027, 0.016112, 0.059875, -0.02672, 0.005796, -0.019676, -0.104972, -0.028058, 0.091922, 0.007113, -0.072198, 0.013196, 0.0012, 0.039554, 0.00814, 0.006946, 0.032769, 0.025115, 0.036509, 0.023318, -0.044043, -0.032471, -0.049753, 0.098125, -0.044952, -0.0, 0.048201, 0.014023, -0.009459, -0.061848, -0.039265, 0.033726, -0.006218, 0.044594, -0.052414, 0.019492, -0.057948, 0.043859, 0.060241, 0.035284, -0.098321, -0.01617, 0.076211, -0.02133, -0.017408, -0.039148, 0.065707, -0.023093, -0.047221, 0.025785, 0.038751, 0.001046, 0.013818, -0.027433, -0.052423, -0.061793, -0.016858, 0.047704, 0.031018, 0.061103, 0.031576, 0.097416, -0.030795, 0.010931, 0.068886, 0.042641, -0.057704, -0.060228, 0.020607, -0.018158, -0.067804, -0.007162, 0.0701, 0.031664, -0.020514, 0.028525, -0.063494, 0.009774, 0.021565, -0.031077, -0.11653, 0.053296, 0.000398, 0.026842, -0.03555, -0.015996, 0.053358, 0.058559, 0.098314, 0.078836, -0.051866, -0.042509, 0.025009, -0.022324, 0.023331, -0.074772, 0.021613, 0.042347, -0.162942, 0.034098, -0.017781, 0.055497, 0.014899, -0.069228, 0.014446, -0.020079, 0.018567, 0.01323, 0.025362, 0.064274, -0.014872, 0.034863, 0.000578, -0.005421, 0.010815, -0.005686, -0.052507, -0.00485, -0.062301, -0.005278, -0.032089, -0.0, -0.146028, 0.004477, 0.056857, 0.093429, -0.058752, 0.012237, 0.024084, 0.075357, 0.035724, -0.000374, -0.024455, -0.004858, -0.024051, 0.068605, 0.01363, 0.028855, 0.019055, 0.094639, -0.01915, 0.020881, -0.014578, 0.08226, 0.038765, -0.076961, 0.012768, -0.007888, -0.046949, 0.062351, 0.05849, -0.062061, 0.032816, -0.006647, -0.01689, 0.086717, -0.015916, 0.022736, 0.009234, 0.106936, -0.013812, 0.011648, -0.069151, 0.009805, 0.044108, -0.011847, -0.068173, 0.006358, -0.077881, -0.046008, -0.006478, -0.028628, 0.01084, 0.029616, -0.098608, 0.003327, 0.010856, 0.000519, -0.072579, 0.043805, -0.002177, 0.075565, -0.059376, -0.086078, -0.039609, 0.039996]","[""ART0060"", ""ART0589"", ""ART0648""]"
ART0036,NVIDIA Launches New AI-Powered Product,NVIDIA,2023-09-05,AI_ML,40500000000,Major partnership validates technology and opens new revenue opportunities.,https://technews.example.com/articles/36,AI/ML,2017,"London, UK",22031,False,,6,Medium,"[-0.077635, -0.012802, -0.022073, -0.005964, 0.015509, 0.008886, -0.067211, 0.028704, 0.015455, -0.023718, -0.066616, 0.0252, -0.02812, 0.032062, 0.004065, 0.093084, 0.07511, -0.063096, -0.053902, 0.00239, 0.0402, -0.038432, 0.009742, -0.067963, -0.018465, 0.034303, 0.040947, -0.083633, 0.021317, -0.047343, 0.021643, -0.033006, 0.069507, 0.011083, -0.014095, 0.007796, 0.01285, -0.033975, -0.027954, -0.094345, 0.020198, -0.099789, -0.001639, 0.030467, 0.055885, 0.024634, -0.006376, 0.01407, 0.067068, -0.027103, -0.092419, -0.080914, 0.003572, -0.044941, -0.039232, 0.077031, -0.041236, -0.121333, 0.004517, -0.031497, 0.118608, -0.056924, 0.055564, 0.033203, 0.03669, -0.000319, -0.01891, -0.026911, -0.064177, -0.044508, 0.02163, 0.004931, 0.003734, -0.024532, -0.036386, -0.004324, -0.009821, 0.000384, 0.130897, -0.04543, 0.012684, 0.048008, 0.020634, 0.020002, 0.020023, 0.050915, 0.015124, 0.004384, 0.039196, -0.040028, -0.074987, -0.00238, 0.034711, 0.009777, -0.0348, 0.009715, -0.035117, -0.091967, 0.006711, 0.033954, -0.026894, -0.009674, 0.05966, 0.016838, -0.017103, 0.031142, -0.02602, 0.034901, 0.080999, 0.055405, -0.00322, -0.008616, -0.03919, 0.006965, -0.010764, 0.080642, -0.097666, 0.048333, 0.050419, -0.006616, -0.037766, -0.058167, -0.007781, -0.001904, 0.023629, 0.029854, -0.06068, 0.0, -0.028002, -0.009598, 0.044349, 0.034611, 0.034435, 0.04203, -0.014781, 0.052971, -0.022275, 0.019258, -0.049801, 0.092377, -0.00247, 0.142946, 0.019975, -0.112523, -0.032283, 0.02455, 0.041396, 0.008516, 0.089377, 0.018052, 0.033794, 0.02838, -0.010536, -0.020394, -0.025114, 0.025214, 0.089117, 0.014426, -0.034301, -0.02656, -0.033228, -0.089281, -0.018322, 0.032138, -0.031134, -0.062699, -0.008245, 0.151111, 0.014312, 0.099454, -0.056708, -0.090712, -0.108049, 0.005403, -0.009476, -0.041893, -0.057682, -0.024021, -0.07824, 0.064811, -0.047842, -0.030806, 0.080319, -0.049411, -0.052083, 0.022619, 0.084806, -0.048058, -0.078914, -0.05331, -0.054837, 0.019202, -0.025908, 0.104661, 0.15707, 0.039044, -0.044056, 0.037266, 0.011684, 0.000692, -0.047229, -0.068852, 0.064325, 0.00837, -0.079046, -0.034986, 0.007047, -0.034415, -0.043611, 0.032086, 0.047083, 0.02245, -0.012998, -0.003993, -0.088728, 0.013951, -0.070121, -0.040665, -0.06297, 0.048993, 0.009304, 0.052335, 0.067386, -0.0, -0.000952, -0.023866, -0.012398, 0.014979, 0.067594, -0.009532, -0.057826, -0.072319, 0.008388, 0.058335, 0.034406, 0.05488, 0.059112, 0.044778, -0.019735, -0.055528, -0.028452, -0.01628, 0.025073, -0.105358, 0.075093, 0.036675, -0.025798, -0.036935, 0.035992, 0.035952, 0.028526, 0.00771, 0.007516, -0.016206, 0.010607, -0.008251, -0.04819, 0.078635, 0.065123, 0.058982, 0.018286, -0.075136, 0.022136, -0.068265, 0.097656, -0.014605, 0.016921, 0.026506, -0.03859, 0.010825, -0.031571, 0.029949, 0.051015, -0.024601, 0.00341, -0.003535, -0.014404, -0.041116, -0.086682, -0.011638, 0.092105, 0.096442, 0.004689, -0.008607, 0.01031, -0.001027, -0.044448, -0.030461, -0.040899, -0.004825, 0.038773, 0.096182, 0.077259, -0.036681, -0.020396, -0.022677, -0.013084, 0.003008, -0.136885, 0.013783, 0.03509, -0.115056, 0.042566, -0.054863, 0.023981, -0.096467, 0.100572, -0.013689, 0.04152, 0.036968, 0.046087, -0.086808, 0.039444, 0.040677, -0.074606, 0.043858, -0.09032, 0.091099, -0.089697, -0.0, 0.060256, -0.028827, 0.054498, 0.073579, 0.026059, -0.051559, -0.092251, 0.010693, 0.019995, -0.033662, 0.070639, -0.049977, 0.015373, 0.035579, 0.10548, 0.023975, 0.053679, 0.040227, -0.003092, -0.001451, -0.044865, 0.015063, 0.019112, -0.031058, -0.073425, -0.024652, 0.065593, -0.078604, 0.022862, -0.007883, -0.020795, 0.071185, 0.076019, 0.015377, 0.050516, -0.017401, 0.005459, 0.030491, 0.074371, -0.035196, 0.025605, 0.054129, -0.041656, -0.042011, -0.053674, -0.015782, -0.044669, -0.14217, -0.012445, 0.066546, -0.052582, 0.035041, -0.001981, 0.024429, 0.016555, 0.043707, -0.050563, -0.045697, 0.018067, 0.004038, 0.072059, -0.078727, 0.104495, 0.0367]","[""ART0214"", ""ART0066"", ""ART0411""]"
ART0040,SpaceX CEO Discusses Future of AI,SpaceX,2023-04-11,AI_ML,7600000000,Leadership outlines vision for responsible AI development and deployment.,https://technews.example.com/articles/40,AI/ML,2016,"Berlin, Germany",31018,False,,7,Large,"[-0.020441, -0.027514, 0.106044, -0.035622, -0.003988, -0.021115, 0.02175, -0.000341, 0.01155, -0.014946, -0.06947, 0.009374, 0.02249, 0.00691, -0.055422, 0.039966, -0.007646, -0.010236, -0.034812, -0.051874, 0.029635, -0.054927, -0.006835, -0.011254, -0.041903, 0.078032, 0.035063, -0.028454, -0.038031, 0.016073, 0.068878, -0.0242, 0.095797, -0.028992, -0.059385, 0.124376, 0.00021, -0.027787, 0.048406, -0.082433, 0.00925, -0.0504, -0.039328, -0.004946, 0.04175, -0.013029, -0.005189, -0.106372, -0.023499, 0.003211, -0.10641, -0.131859, 0.034518, -0.05015, 0.02813, 0.068308, 0.016919, -0.088833, 0.054933, -0.096748, -0.011898, -0.037026, 0.029652, 0.063479, 0.05217, 0.015959, -0.011105, 0.026534, -0.070625, -0.024238, 0.065343, 0.038802, -0.008641, -0.037728, -0.00447, 0.071703, 0.041211, 0.014108, 0.099886, -0.053151, 0.066414, 0.02707, -0.037307, 0.095944, -0.072579, 0.011298, 0.038066, -0.060392, -0.009612, 0.028595, -0.026027, -0.057304, 0.045888, -0.00297, -0.011438, 0.072334, -0.089733, -0.056915, -0.083882, -0.021318, -0.011203, 0.006646, 0.039891, -0.045702, -0.039303, 0.01821, 0.093229, -0.042117, -0.00284, -0.024674, -0.049973, -0.008802, -0.049748, -0.037992, 0.036225, 0.056105, -0.066171, 0.088704, 0.090818, -0.090322, 0.058774, -0.031154, 0.059123, 0.080363, 0.045309, -2.7e-05, -0.049111, -0.0, -0.088886, 0.000599, 0.059923, 0.064079, 0.069648, -0.014157, 0.037222, -0.000899, -0.037254, -0.042601, -0.091938, -0.021928, -0.003641, 0.050654, -0.002854, -0.089273, 0.035274, 0.029765, -0.009773, -0.018327, 0.050758, -0.020867, -0.028525, -0.011489, 0.082846, -0.028699, 0.034518, -0.040281, 0.036353, 0.02715, -0.147108, 0.07079, -0.053099, 0.010706, -0.017585, 0.094326, -0.092502, -0.002287, -0.051046, 0.060782, -0.012413, 0.040785, -0.046598, -0.049295, -0.02405, -0.012035, 0.032084, -0.062259, 0.086346, 0.011089, -0.039767, -0.001272, 0.04243, -0.056239, 0.103711, -0.021137, 0.043249, 0.010338, -0.05215, 0.001372, -0.019249, -0.018462, -0.104256, 0.145714, 0.010093, 0.033627, 0.029542, 0.044654, 0.059786, 0.076102, -0.02092, 0.053474, -0.005381, -0.006304, -0.111904, -0.008603, -0.073389, -0.048708, 0.022022, 0.035105, -0.043946, -0.02079, -0.010166, 0.062137, 0.08638, -0.00344, 0.022857, 0.102986, 0.006374, 0.09364, -0.022426, -0.089126, 0.001887, 0.095586, -0.140034, 0.0, 0.003016, 0.032109, 0.009238, -0.003674, 0.045356, -0.011708, -0.014283, 0.025859, 0.089471, 0.014298, -0.012725, 0.047683, -0.001022, 0.014879, 0.004151, -0.015586, 0.010664, -0.090599, -0.067848, -0.053792, 0.05846, 0.078567, -0.058015, 0.021375, -0.042847, 0.035483, 0.056606, 0.115511, -0.03763, 0.02032, -0.043757, -0.054915, -0.008868, 0.06084, 0.050928, 0.053616, 0.016104, -0.062388, 0.009522, 0.062401, 0.004387, -0.038795, 0.004362, -0.029111, -0.038916, 0.021233, -0.029034, 0.049915, -0.056757, 0.031657, -0.086785, -0.020363, -0.045468, -0.021842, -0.062054, 0.030801, 0.021582, 0.084837, 0.073445, 0.033886, -0.003303, -0.011959, 0.117696, -0.020308, -0.072193, 0.04425, -0.02662, 0.034621, -0.058062, 0.020124, 0.036645, -0.063771, -0.179265, 0.029777, -0.060756, -0.012459, -0.053858, -0.016244, 0.013261, 0.026317, 0.064209, -0.013499, -0.005038, 0.052176, 0.022297, 0.049052, 0.00734, -0.017935, 0.03312, 0.005252, -0.063667, -0.058026, -0.073769, 0.035692, -0.098384, -0.0, -0.08968, 0.014665, 0.036695, 0.018375, 0.066848, 0.033459, -0.000622, -0.067774, 0.033837, 0.000478, 0.041699, -0.031408, -0.047533, 0.031393, 0.041204, 0.000567, -0.051838, 0.058737, -0.008783, -0.075051, 0.01868, 0.036, 0.002747, -0.008225, -0.023054, -0.065593, -0.036732, 0.063522, -0.03688, 0.113349, 0.010207, 0.019533, -0.006401, 0.014112, 0.032843, 0.015008, -0.000884, 0.011576, 0.065325, -0.006889, -0.029687, 0.100138, 0.051134, -0.012847, -0.006809, 0.037065, -0.047284, -0.056164, -0.011129, -0.017841, -0.039535, 0.027974, -0.035663, 0.088406, 0.061062, 0.017497, 0.032411, -0.033143, -0.051032, 0.018815, 0.048702, -0.012676, 0.022852, -0.011037]","[""ART0303"", ""ART0031"", ""ART0363""]"
ART0051,Scale AI Unveils Next-Generation Platform,Scale AI,2022-10-02,AI_ML,570000000,Company reaches important financial milestone ahead of schedule.,https://technews.example.com/articles/51,AI/ML,2003,"Berlin, Germany",23379,False,,19,Medium,"[-0.01873, -0.002427, -0.014405, -0.004166, 0.046489, -0.018471, -0.070261, 0.06158, 0.005982, -0.021009, -0.03987, -0.039315, -0.029043, 0.004873, -0.02392, -0.013367, -0.043137, -0.043606, -0.100743, -0.056692, -0.014875, -0.033221, -0.013002, -0.004603, 0.054242, 0.073071, -0.023199, -0.040204, 0.015888, -0.015704, 0.043725, 0.004753, 0.083063, 0.054149, -0.03721, 0.052874, -0.016288, -0.052657, -0.004856, -0.062766, -0.005688, -0.067093, -0.026617, -0.007058, 0.096465, -0.000534, -0.035, -0.006233, -8.2e-05, 0.035776, -0.111322, -0.106513, 0.018678, -0.01889, -0.056106, 0.072111, 0.082649, -0.0407, 0.007919, -0.058511, -0.026644, -0.054833, 0.056234, 0.033808, 0.071286, 0.066397, -0.0018, -0.02313, -0.022184, -0.012564, 0.088229, -0.073857, 0.025782, 0.059192, 0.017089, 0.02873, 0.0054, 0.024451, 0.116022, 0.032403, -0.026161, -0.01226, 0.000814, 0.084428, -0.042078, -5.1e-05, 0.001829, -0.018373, 0.05674, 0.018216, 0.015603, 0.010875, 0.014681, 0.020073, -0.015417, -0.003025, -0.102872, -0.103724, 0.004059, 0.025185, 0.01793, 0.052909, 0.05161, 0.000863, -0.016318, -0.001883, 0.089898, -0.008208, 0.062583, -0.051531, -0.022026, -0.028364, 0.022344, -0.030754, 0.049177, -0.004319, -0.055614, 0.064162, 0.058115, 0.006436, 0.049096, 0.015168, -0.056737, 0.012035, -0.02637, 0.047249, -0.047329, 0.0, -0.121663, 0.010292, 0.071488, 0.022404, -0.013564, -0.03447, -0.009892, 0.032044, -0.106411, 0.03783, -0.055439, 0.092023, -0.038805, 0.04796, 0.078327, -0.17289, 0.056874, 0.045145, 0.043923, -0.010138, 0.081529, -0.116124, -0.007444, -0.020075, 0.062299, -0.025575, -0.019087, -0.047739, 0.014164, -0.001756, -0.018442, 0.025777, -0.07125, -0.052642, -0.083164, -0.002891, -0.059448, -0.051616, -0.011409, 0.073021, 0.005843, 0.036184, -0.04183, -0.04371, -0.030632, 0.024191, 0.058101, -0.016317, -0.013577, -0.097994, -0.017631, 0.024993, 0.00253, -0.072808, 0.087949, 0.007556, 0.020723, -0.040404, -0.003786, -0.04192, -0.0061, -0.059144, -0.076552, 0.10341, -0.052259, 0.100571, 0.039577, 0.041871, 0.067917, 0.063582, 0.074986, -0.026956, 0.047961, 0.017241, -0.025266, 0.011812, -0.0193, -0.086511, 0.030243, 0.06899, -0.070625, 0.06657, 0.007997, -0.003304, 0.096257, -0.040957, 0.007923, 0.000156, -0.01118, 0.063753, -0.062159, -0.01511, -0.01389, 0.142545, -0.039725, -0.0, -0.03276, -0.020334, -0.043936, -0.023297, 0.031596, -0.001526, -0.045869, 0.007937, 0.033739, 0.109535, -0.050579, -0.005034, 0.029488, -0.030111, 0.011954, -0.009793, -0.033215, -0.041058, 0.046078, -0.026331, 0.079732, 0.030719, -0.068285, 0.042823, 0.08725, -0.020918, -0.063824, -0.037189, -0.040023, -0.066796, -0.026959, -0.079221, 0.048964, 0.037609, 0.082714, 0.053117, 0.008822, -0.115326, -0.030874, 0.034862, 0.04196, -0.03348, -0.083486, -0.041041, -0.011502, -0.027551, 0.008613, 0.077744, 0.008757, -0.054279, 0.004505, 0.05035, 0.005074, -0.069596, -0.093993, 0.08587, 0.004778, 0.021604, -0.036018, 0.019671, 0.001273, -0.077455, 0.025928, 0.01395, -0.030857, 0.000163, 0.069335, 0.068579, -0.084897, -0.072009, -0.028644, -0.03761, 0.015376, 0.080165, -0.106554, -0.059893, -0.034505, -0.062733, 0.068555, -0.040621, 0.01806, -0.003815, 0.036344, 0.067928, 0.0405, 0.019711, 0.037299, -0.053811, -0.022716, 0.089909, -0.065357, -0.019347, -0.063571, 0.044384, -0.055182, -0.0, -0.007993, -0.009079, 0.056551, 0.043192, 0.089618, -0.037034, -0.027158, 0.023545, -0.02216, 0.043974, -0.014666, -0.087716, -0.007712, 0.103385, 0.076438, 0.052616, 0.05954, -0.011333, 0.002905, -0.035035, 0.065004, 0.048705, -0.014528, -0.059304, -0.038074, -0.108489, -0.030088, 0.084884, -0.032945, 0.048392, -0.028571, -0.003713, 0.045601, 0.035697, 0.051754, 0.006893, 0.002046, 0.06641, -0.003277, -0.015838, 0.005237, 0.068765, 0.040913, 0.022944, -0.003956, -0.011941, -0.128637, -0.027197, 0.057888, -0.044554, 0.051969, -0.005311, 0.008615, 0.102517, 0.101375, -0.005574, -0.005755, -0.031521, -0.012031, 0.06787, 0.113854, -0.081249, -0.010797, -0.041109]","[""ART0370"", ""ART0315"", ""ART0092""]"
ART0056,Meta AI Raises Series D Funding Round,Meta AI,2022-03-31,AI_ML,700000000,Regulatory concerns focus on data privacy and market competition issues.,https://technews.example.com/articles/56,Data Analytics,2001,"Seattle, WA",20240,True,,21,Medium,"[-0.020487, -0.034884, -0.011714, -0.028232, 0.075092, 0.069186, -0.018709, 0.02298, 0.020518, 0.057765, -0.076824, 0.096876, -0.026004, -0.058873, 0.026689, -5.3e-05, 0.009144, -0.034712, -0.107078, 0.023684, 0.023095, -0.001566, 0.038812, -0.003374, 0.001462, 0.018367, 0.037462, -0.031382, -0.018496, -0.006523, -0.006428, 0.041616, 0.035063, 0.000229, 0.021265, -0.058887, 0.009288, 0.062792, -0.005746, 0.006375, 0.02448, -0.081598, -0.033587, 0.000744, 0.012358, 0.051241, -0.008609, 0.006315, -0.0155, -0.017118, -0.088606, -0.02633, -0.008786, 0.051529, -0.046711, -0.079524, -0.018642, -0.05133, -0.001732, 0.061558, 0.022987, -0.061485, 0.012096, 0.028636, 0.091625, 0.054273, -0.03958, -0.008516, 0.004711, -0.111502, 0.054806, 0.044427, -0.005695, 0.016892, 0.067264, 0.096793, -0.026745, 0.03621, 0.178087, -0.059037, 0.042784, -0.015786, 0.030436, 0.036351, -0.100899, -0.008782, 0.018329, -0.068542, 0.025581, -0.014745, 0.027895, -0.062041, 0.029952, 0.043482, -0.06723, 0.029386, -0.045716, -0.037593, 0.019483, 0.046809, 0.009138, 0.037385, -0.048637, 0.011761, -0.044279, 0.032121, 0.063163, -0.046105, 0.051484, 0.042594, -0.000249, -0.009273, 0.03588, -0.009842, 0.019128, -0.021152, -0.059696, 0.043431, 0.098463, 0.014296, -0.067678, -0.01328, -0.007347, 0.013821, 0.069147, -0.014109, -0.16474, -0.0, -0.073191, -0.00841, 0.005118, -0.02593, -0.018336, -0.030742, -0.037402, -0.004722, -0.114206, 0.033099, -0.031134, 0.043433, -0.027782, -0.015753, 0.049881, -0.011723, 0.034909, 0.063722, 0.022424, -0.042201, 0.157821, -0.080654, 0.019073, 0.036333, 0.044117, -0.00866, -0.02821, -0.040596, 0.120304, 0.047513, -0.071806, 0.00332, 0.11805, 0.028444, 0.028131, 0.084635, -0.007381, -0.016986, -0.006909, 0.09319, 0.020341, 0.031469, -0.017172, -0.024986, -0.064604, 0.002809, -0.028088, -0.064269, -0.003493, 0.02499, -0.021325, 0.067029, -0.049227, -0.119476, -0.014078, -0.029549, -0.083349, -0.075384, -0.021506, -0.013289, -0.037202, 0.002314, -0.035181, 0.073614, -0.08317, 0.04689, 0.04936, -0.007212, 0.042112, 0.002458, 0.004885, -0.011129, -0.034837, -0.005736, -0.070693, -0.064679, 0.032712, -0.046917, 0.022611, -0.041087, -0.00526, 0.015449, -0.080887, 0.07846, -0.048006, -0.059813, -0.017217, 0.04104, 0.035382, -0.049267, -0.040778, -0.017166, -0.052364, 0.072362, -0.043619, -0.0, -0.151077, 0.026404, -0.077318, -0.037796, 0.033428, 0.061482, -0.00171, -0.036778, 0.124497, 0.038806, -0.028, -0.029716, -0.015416, 0.009426, -0.017014, -0.040861, 0.007124, -0.088835, -0.018484, 0.037092, 0.058802, 0.025226, -0.051841, 0.062469, 0.070597, 0.006218, -0.080801, 0.043123, 0.090254, 0.084986, 0.007766, 0.012139, -0.059021, 0.001965, -0.061055, 0.041632, 0.071535, -0.055311, -0.005228, 0.017151, 0.00239, -0.004701, -0.052532, 0.000758, 0.000366, -0.008461, 0.013963, 0.084515, 0.075461, -0.021291, 0.013623, 0.024583, 0.048674, -0.008996, -0.069135, 0.031474, 0.124978, 0.032344, -0.061589, 0.103403, 0.015751, -0.000473, -0.030692, -0.020162, -0.026401, -0.007815, -0.001611, -0.028767, 0.01884, -0.082997, 0.047389, -0.067593, -0.050831, 0.001682, -0.031155, 0.044423, -0.007311, 0.039133, -0.040221, 0.152003, 0.040309, 0.017509, 0.033929, -0.056865, 0.070733, 0.015991, 0.050024, -0.037119, -0.107313, 0.02682, -0.069207, -0.052061, -0.069344, 0.023691, -0.061403, -0.0, 0.034458, -0.042124, 0.059265, 0.096471, 0.084088, -0.02518, -0.068375, 0.046, -0.03446, -0.032634, 0.087765, 0.009578, -0.035125, 0.026304, 0.080367, 0.044522, -0.013065, -0.033575, -0.035841, 0.047778, -0.012692, 0.03748, -0.06511, -0.122059, 0.03453, 0.000746, 0.013728, 0.059472, -0.035374, 0.125249, 0.023597, 0.000347, 0.0352, 0.007688, -0.034903, -0.052188, -0.011706, 0.042223, -0.081344, 0.004081, 0.026949, 0.059254, 0.03556, -0.013345, -0.024011, 0.020074, -0.081054, -0.046176, 0.0605, -0.013456, 0.003841, -0.059212, 0.053995, 0.028121, 0.108766, 0.062394, -0.029319, -0.029105, -0.085703, -0.002698, 0.076036, -0.002965, -0.015868, -0.029369]","[""ART0620"", ""ART0587"", ""ART0068""]"
ART0060,SpaceX Raises Series D Funding Round,SpaceX,2023-01-20,CLOUD,7000000000,International expansion strategy focuses on enterprise customers in key markets.,https://technews.example.com/articles/60,AI/ML,2016,"Berlin, Germany",31018,False,,7,Large,"[0.044667, -0.04681, 0.081823, -0.075265, -0.01369, -0.006351, -0.004046, 0.025058, 0.03098, 0.046818, -0.040406, 0.10895, -0.03747, -0.027565, 0.053297, -0.045208, -0.026774, -0.057798, -0.042965, 0.048053, -0.005558, -0.092562, 0.002982, 0.007408, 0.061544, -0.006155, 0.12349, 0.024877, -0.002288, 0.026931, -0.011477, 0.105319, 0.054556, -0.042351, 0.036427, 0.039905, 0.03046, 0.038985, -0.054665, 0.022452, 0.033721, -0.01255, 0.029211, 0.089271, -0.008335, -0.080469, -0.093805, 0.053429, -0.003337, -0.018006, 0.032803, -0.048635, 0.00667, -0.019121, -0.015843, -0.001876, -0.009333, -0.027221, 0.041562, -0.051721, 0.012184, -0.082615, 0.028453, 0.03191, -0.004324, -0.016671, -0.021049, 0.029724, -0.080321, -0.083912, 0.033395, -0.041968, -0.058443, 0.017776, 0.034165, 0.074527, 0.081181, -0.007869, 0.12109, -0.005958, 0.044175, 0.063489, -0.002855, -0.039033, -0.077247, 0.010514, 0.07385, -0.102933, -0.005919, 0.024974, -0.007235, -0.043795, -0.01959, 0.009837, -0.08312, -0.009677, -0.045215, -0.051898, 0.023587, 0.015303, 0.084033, 0.030547, 0.018202, -0.011616, -0.050961, -0.038925, -0.032278, 0.013113, 0.043127, -0.041983, -0.074254, -0.022439, -0.018429, 0.014701, -0.070603, -0.022504, -0.027727, -0.023233, 0.105068, -0.08617, 0.007695, -0.023747, -0.006264, 0.007558, -0.015898, -0.018722, -0.093903, 0.0, -0.170566, -0.050548, -0.025213, 0.075959, -0.068039, -0.029786, -0.007531, 0.019549, -0.119767, -0.048738, -0.117812, 0.089024, 0.023277, 0.041993, 0.066869, -0.056914, 0.065455, 0.132648, 0.04722, 0.040618, 0.082091, -0.042821, 0.065761, 0.027982, 0.090104, -0.004059, -0.010079, 0.042554, 0.005924, 0.020659, -0.033243, -0.011871, 0.014959, -0.02952, -0.059899, 0.12593, -0.014007, -0.053393, 0.002216, 0.045861, -0.052935, 0.039751, -0.065024, -0.059668, -0.03459, 0.105822, 0.024899, -0.097635, -0.00573, 0.058889, -0.006876, 0.01776, -0.021896, -0.058509, 0.067078, -0.007182, -0.028475, -0.081199, 0.01596, -0.01331, -0.057159, -0.05388, -0.035984, 0.103226, -0.007087, 0.06208, 0.115614, -0.017188, -0.040503, 0.07912, -0.019397, -0.006192, 0.015043, 0.018454, -0.015124, -0.026091, -0.035518, -0.008977, 0.080448, -0.004617, -0.057977, -0.013569, -0.013444, 0.044639, 0.005576, 0.006337, 0.018793, 0.036541, 0.035989, -0.043627, -0.072379, -0.073154, -0.052924, 0.098744, -0.006884, -0.0, -0.000404, 0.030731, -0.035756, -0.066993, 0.012667, 0.052779, 0.009052, 0.026751, 0.045722, -0.004846, -0.031836, 0.018871, -0.036582, 0.055458, -0.066863, -0.068749, 0.047875, -0.067668, 0.002071, -0.009397, 0.054009, -0.080931, -0.043837, 0.040817, 0.079075, 0.015728, -0.014776, 0.029108, -0.061348, 0.019413, -0.007764, 0.031737, 0.018361, 0.107156, -0.025437, 0.093463, 0.013544, 0.000636, 0.009374, 0.055821, -0.065801, -0.057824, 0.042409, 0.00611, -0.036958, -0.011457, 0.058347, 0.058066, -0.01342, 0.00074, -0.077464, 0.002611, 0.085552, 0.045119, -0.098676, 0.070559, 0.082719, 0.037721, -0.050181, 0.02312, 0.015156, 0.012701, 0.091627, 0.011902, -0.057844, -0.061101, 0.011799, -0.033373, -0.000137, -0.052644, 0.038888, 0.063316, -0.108397, 0.035754, -0.040795, 0.014527, 0.048645, -0.045871, 0.047665, 0.041877, -0.021685, 0.022831, 0.017521, 0.087384, -0.013291, 0.032373, 0.046073, 0.004225, -0.029272, 0.007481, -0.060559, 0.005729, -0.041972, 0.006489, -0.035492, -0.0, -0.107849, -0.032085, 0.034144, 0.076475, 0.035437, -0.047761, -0.034312, 0.108529, 0.016891, 0.009086, -0.011447, 0.027748, -0.00569, 0.042361, 0.0438, 0.02257, -0.033607, 0.060763, -0.077612, 0.012766, -0.030319, 0.084805, 0.022856, -0.09177, 0.009377, -0.002909, -0.033793, 0.103168, 0.015556, -0.062059, 0.042746, 0.012071, -0.047584, 0.027953, -0.01096, 0.008825, -0.006647, 0.090411, 0.020181, 0.045397, -0.050668, 0.000997, 0.03966, -0.008455, -0.080794, 0.003403, -0.150632, -0.017084, -0.023905, -0.048831, -0.009181, 0.028065, -0.063458, -0.008017, 0.022326, 0.046055, -0.063126, 0.028747, -0.025076, 0.067852, -0.048057, -0.101603, -0.019478, 0.042442]","[""ART0589"", ""ART0457"", ""ART0033""]"
ART0071,Palantir Raises Series D Funding Round,Palantir,2022-12-13,AI_ML,1700000000,International expansion strategy focuses on enterprise customers in key markets.,https://technews.example.com/articles/71,Cloud Computing,2005,"Berlin, Germany",42306,True,,17,Large,"[0.085982, -0.036698, 0.029361, -0.051394, 0.004035, -0.001832, -0.019305, 0.054839, 0.040142, 0.067911, -0.001717, 0.080287, -0.10482, -0.005253, 0.101005, -0.061115, -0.033355, -0.071772, -0.028053, 0.008222, -0.006412, -0.053726, 0.02881, 0.011187, 0.021368, -0.046298, 0.049888, 0.032493, 0.025009, -0.030856, 0.026741, 0.134427, 0.081503, -0.036182, 0.051, 0.028337, 0.054415, 0.085181, -0.011273, 0.025507, 0.039462, -0.027863, 0.020387, 0.066384, 0.009786, -0.0503, -0.109248, 0.132107, -0.024578, -0.013511, 0.002868, 0.006712, 0.034369, -0.068318, -0.067293, -0.058245, 0.005511, -0.005053, 0.068342, -0.022668, 0.027017, -0.02717, -0.006787, -0.008868, -0.016836, -0.03573, -0.010519, 0.005083, -0.04115, -0.052662, 0.039936, -0.062917, -0.005643, -0.0283, -0.009212, 0.049824, 0.061209, -0.025896, 0.061189, -0.004006, 0.042592, 0.084831, 0.035031, -0.030342, -0.078736, 0.020562, 0.04462, -0.119715, 0.005042, -0.007741, 0.038386, -0.080987, -0.029038, 0.037817, -0.076527, 0.037776, -0.036839, -0.05848, 0.008403, 0.059105, 0.095747, 0.006781, -0.035929, -0.042409, -0.071594, -0.011643, -0.00884, -0.017544, 0.081073, -0.005348, -0.122197, -0.008016, 0.014553, 0.037076, -0.036706, -0.04306, -0.046394, -0.012753, 0.081725, -0.051831, 0.032112, -0.025032, 0.008567, -0.012165, -0.031333, -0.010266, -0.065706, 0.0, -0.073979, -0.010882, -0.002654, 0.0513, -0.073396, -0.017223, -0.03131, -0.002074, -0.151175, -0.04508, -0.104784, 0.031073, -0.004144, 0.027705, 0.021962, -0.048883, -0.020721, 0.179781, 0.067709, -0.002488, 0.047671, -0.017587, 0.027807, 0.069456, 0.07694, 0.07536, 0.037654, 0.036102, 0.030413, 0.036806, 0.049572, 0.013699, 0.01557, 0.006862, -0.086365, 0.070912, -0.039994, -0.088246, 0.00576, 0.04803, -0.022115, 0.040871, -0.032066, 0.015295, -0.045922, 0.042583, 0.034015, -0.035417, -0.028758, 0.002291, -0.060838, 0.003402, -0.018736, -0.026538, 0.014764, -0.041434, -0.065503, -0.080958, 0.047109, -0.105563, -0.014161, -0.084441, -0.06253, 0.053314, -0.043002, 0.001263, 0.055073, 0.003154, 0.01728, 0.056798, 0.026234, 0.015414, 0.019231, 0.047146, -0.004729, 0.012679, -0.010718, 0.07805, 0.057049, 0.011793, -0.079417, 0.024977, -0.02817, 0.03059, 0.022179, 0.017043, -0.004811, -0.048833, 0.020842, -0.050973, -0.053697, -0.034068, -0.10039, 0.101825, 0.020803, -0.0, -0.010275, 0.061755, -0.021693, -0.054361, 0.024643, 0.015224, -0.016142, 0.028583, 0.048826, -0.052, -0.047702, -0.020109, 0.030169, 0.028347, -0.091918, -0.014372, 0.116913, -0.068456, 0.018166, 0.009473, 0.006554, -0.083114, -0.05362, 0.003834, 0.107843, 0.024076, -0.065463, -0.015881, -0.065816, 0.018276, 0.068364, 0.041511, -0.021817, 0.111106, -0.052171, 0.074812, -0.034408, -0.019514, -0.018767, 0.08753, -0.013945, -0.052586, 0.027298, -0.029641, 0.001932, -0.03675, 0.07169, 0.013406, 0.006914, -0.021677, -0.046007, 0.008545, 0.050414, 0.039971, -0.02375, 0.093168, 0.100046, 0.05404, -0.126592, 0.04434, 0.036839, 0.024822, 0.064405, -0.003355, -0.044449, -0.016183, 0.059056, -0.010582, 0.083689, -0.075345, 0.038879, 0.05059, -0.059598, 0.050434, -0.042377, 0.013305, 0.017689, -0.100927, 0.003674, 0.00206, -0.108846, -0.015843, 0.033008, 0.034633, 0.002606, 0.012753, 0.056765, 0.024834, -0.025111, 0.047438, -0.069385, 0.003098, -0.019848, 0.008418, 0.037363, -0.0, -0.048897, -0.030338, 0.023923, 0.077712, -0.015702, -0.071576, -0.048784, 0.089341, -0.042765, 0.031183, -0.035637, -0.003195, -0.007827, 0.029367, 0.077605, 0.0042, 0.015415, 0.070934, -0.090212, -0.026495, -0.022323, 0.070735, 0.053382, -0.135315, -0.025401, -0.003443, -0.044078, 0.044942, 0.026074, -0.071189, 0.033336, 0.05732, 0.001188, 0.005105, 0.043166, 0.063219, -0.05368, 0.045528, -0.013004, 0.05608, 0.016781, 0.005581, 0.006357, 0.013445, -0.029879, -0.023422, -0.157599, 0.001929, -0.029364, -0.067615, 0.008663, 0.087359, -0.008331, 0.026111, 0.066363, 0.050998, -0.046521, 0.014019, -0.001754, 0.04477, -0.033986, -0.098637, -0.018412, 0.003612]","[""ART0367"", ""ART0059"", ""ART0457""]"
ART0079,Scale AI Raises Series D Funding Round,Scale AI,2023-07-09,AI_ML,735000000,Investors show strong confidence in the company's growth trajectory and market position.,https://technews.example.com/articles/79,AI/ML,2003,"Berlin, Germany",23379,False,,20,Medium,"[-0.010149, -0.065723, 0.024966, 0.026363, 0.036261, 0.008411, -0.029771, 0.072392, 0.068126, 0.053092, -0.061589, 0.089094, -0.008451, -0.08112, -0.01985, -0.034722, -0.035868, -0.02246, -0.086466, -0.033372, -0.031805, -0.059021, 0.026311, -0.000372, 0.077565, -0.005201, 0.057443, 0.029368, 0.006746, 0.005068, -0.003705, 0.054609, 0.091199, -0.035729, 0.00508, -0.003125, 0.044299, 0.044324, -0.00766, 0.035769, 0.016382, 0.001174, 0.086694, 0.003236, 0.011477, -0.01087, -0.06471, 0.057689, -0.019562, -0.019395, -0.059122, -0.074995, -0.005874, -0.040769, -0.065978, 0.009798, -0.009334, -0.027087, 0.048707, -0.014682, 0.023432, -0.04243, 0.034087, 0.02256, 0.089275, 0.016427, -0.026678, -0.016606, -0.02646, -0.022649, 0.100145, -0.03949, -0.00787, -0.00514, 0.03454, 0.022396, -0.025662, -0.044224, 0.136382, -0.001004, 0.002497, 0.007677, 0.005613, 0.034267, -0.102209, 0.01694, 0.112149, -0.096841, 0.047412, 0.023535, 0.025841, -0.027562, -0.126145, 0.022316, -0.110709, 0.04321, -0.114373, -0.065109, -0.024846, 0.047318, 0.076235, 0.053989, 0.009503, -0.027851, -0.053248, -0.019482, 0.060456, -0.049399, 0.088392, 0.018132, -0.035323, 0.017481, 0.037493, 0.065648, 0.03452, -0.091425, -0.045943, 0.007858, 0.02311, -0.035101, 0.06737, -6.9e-05, 0.015765, -0.008002, -0.013293, 0.024539, -0.053501, -0.0, -0.057766, -0.013471, 0.036368, 0.046007, -0.044223, -0.045788, -0.034072, -0.012134, -0.110746, -0.014266, -0.10043, 0.027141, -0.019351, 0.034754, 0.022235, -0.09368, 0.090553, 0.078237, -0.000489, 0.007818, 0.075959, -0.075319, -0.027901, -0.001501, 0.070999, -0.009004, -0.008248, 0.038117, -0.01023, 0.019842, -0.020034, 0.007467, -0.03646, -0.053779, -0.085809, 0.002991, -0.041105, -0.023719, 0.01351, 0.074061, 0.040187, 0.036152, -0.047833, -0.007198, -0.03787, 0.056981, 0.017541, -0.030647, -0.061306, -0.035263, -0.020285, 0.00616, -0.003558, -0.102692, 0.057172, 0.029323, -0.05668, -0.043337, -0.008255, -0.024757, -0.045089, -0.032736, -0.094191, 0.10414, -0.081958, 0.091351, 0.042662, 0.027646, 0.023699, 0.091735, 0.045715, -0.042666, -0.034842, 0.006408, -0.055039, -0.034678, -0.018654, -0.026962, 0.046046, 0.032647, -0.059187, -0.045806, -0.03409, -0.009337, 0.002, -0.029594, 0.011131, 0.025581, -0.00794, -0.006199, -0.023285, -0.052466, -0.003325, 0.108038, -0.052262, 0.0, -0.055229, 0.033574, -0.032371, -0.02222, 0.022389, 0.070146, -0.014424, 0.036434, 0.094273, 0.04501, -0.00794, 0.007294, -0.070377, 0.031666, 0.004575, -0.08611, 0.04311, -0.0684, 0.066178, -0.03602, 0.082868, -0.036984, -0.05713, 0.050812, 0.093353, -0.012107, -0.088325, 0.058921, -0.075485, 0.026244, -0.001626, -0.033895, 0.042712, 0.130887, 0.009699, 0.08246, 0.06032, -0.139883, -0.041683, 0.071061, -0.003793, -0.033802, 0.027479, -0.043783, -0.006456, -0.014249, 0.09025, 0.066248, 0.000916, 0.014412, -0.019897, 0.032191, 0.016134, 0.060224, -0.097421, 0.073224, 0.034133, 0.028831, -0.074745, 0.031734, -0.072447, -0.033729, 0.019434, -0.012808, -0.088853, 0.031564, 0.027227, -0.005891, 0.008785, -0.100747, 0.012094, -0.013147, 0.060228, 0.044212, -0.131797, -0.071507, 0.030333, -0.035137, 0.028134, 0.039716, -0.037528, 0.008551, 0.019814, 0.042204, -0.016369, 0.049338, 0.04754, 0.014285, -0.073802, 0.10708, -0.038221, -0.027069, -0.021486, -0.027358, -0.024981, -0.0, -0.039394, -0.006416, 0.068621, 0.048003, 0.129349, -0.046574, -0.029285, 0.064839, -0.011722, 0.02024, 0.030538, -0.021608, -0.06341, 0.060783, 0.073543, 0.002236, -0.01591, 0.040808, -0.06953, -0.024872, 0.052326, 0.077855, -0.014932, -0.075417, -0.008024, -0.026315, -0.046242, 0.084012, -0.105347, 0.078433, 0.018277, 0.032572, 0.012713, 0.016813, 0.010744, 0.024626, 0.018337, 0.04296, 0.053703, -0.024718, 0.020277, 0.080756, 0.01851, -0.007042, -0.011908, -0.003167, -0.124117, 0.003769, 0.04743, -0.060424, 0.031254, 0.010883, -0.001924, 0.085501, 0.080649, 0.051966, -0.063906, -0.038421, -0.110298, 0.036554, 0.043823, -0.07079, 0.008762, 0.00247]","[""ART0135"", ""ART0072"", ""ART0219""]"
ART0085,Cloudflare Faces Regulatory Scrutiny,Cloudflare,2022-04-15,AI_ML,875000000,Investors show strong confidence in the company's growth trajectory and market position.,https://technews.example.com/articles/85,Cybersecurity,1998,"Austin, TX",4422,False,CLOU,24,Small,"[0.040032, -0.104986, -0.040703, -0.010772, 0.089912, 0.036287, 0.087117, -0.032223, 0.063283, 0.032497, 0.014252, 0.068934, -0.019721, -0.06276, -0.03866, -0.106027, 0.00565, -0.117831, -0.093322, -0.026855, 0.011559, -0.085971, -0.020621, 0.011169, -0.033117, 0.024615, -0.032696, 0.058503, -0.014789, -0.049079, -0.011067, 0.041051, 0.003963, 0.013717, 0.006851, -0.012663, -0.017829, -0.024145, 0.043009, 0.003421, -0.011841, -0.116381, -0.018456, -0.047754, 0.052004, -0.008568, 0.08602, 0.015291, 0.010154, 0.062918, -0.094534, -0.085796, 0.093176, -0.043243, -0.091943, -0.039888, -0.095981, -0.050175, 0.087782, -0.014797, -0.007652, -0.048566, 0.027627, 0.073269, 0.044747, 0.032815, -0.06559, -0.005222, -0.003772, -0.015929, 0.04894, -0.017495, -0.02545, 0.030304, 0.005512, 0.06892, -0.026793, 0.079993, 0.133025, -0.026582, 0.191735, -0.028139, 0.044494, 0.062993, -0.070527, 0.008216, 0.144308, -0.034919, 0.035931, 0.020184, 0.08489, 0.017726, 0.06366, 0.043169, -0.059234, 0.088453, -0.102841, -0.03279, -0.009584, 0.02409, 0.024374, 0.014153, -0.036059, 0.029258, -0.04994, -0.050447, -0.006757, -0.031949, 0.048247, 0.023687, -0.067407, 0.041606, -0.017043, 0.00191, 0.04002, 0.050939, -0.014948, 0.017444, -0.013271, -0.038016, 0.02971, 0.020249, 0.025967, 0.006706, -0.026061, 0.028243, -0.111462, -0.0, -0.041448, 0.059228, 0.018301, -0.009761, -0.024993, -0.041358, -0.015274, -0.029661, -0.088034, 0.03012, -0.078768, 0.010263, -0.078019, 0.010662, 0.04507, 0.009739, -0.029506, 0.062588, 0.049634, -0.054446, 0.033803, -0.074506, 0.011792, 0.01352, 0.033387, -0.047653, 0.000527, 0.027912, 0.045841, 0.053534, -0.032866, -0.075524, 0.057863, -0.062075, -0.023203, 0.005965, -0.072641, -0.018083, -0.007355, 0.071375, 0.005342, 0.030659, -0.078613, 0.045083, -0.026435, 0.012797, -0.027206, -0.058788, -0.035225, 0.009295, -0.041112, 0.049345, 0.037262, -0.059201, 0.040463, 0.034405, -0.040226, -0.023503, -0.052966, -0.034172, -0.065541, 0.005479, -0.122639, -0.004129, -0.131376, 0.077745, 0.04384, 0.102573, -0.00378, 0.037088, 0.012434, -0.036874, -0.036587, -0.007736, 0.011004, -0.040185, -0.13005, 0.05497, 0.007306, -0.016708, 0.012319, -0.044403, 0.01164, 0.096504, -0.127368, -0.03175, 0.055947, 0.043336, 0.010262, 0.030475, -0.003333, -0.015974, 0.038623, 0.070166, -0.02767, 0.0, -0.101304, -0.047981, -0.075663, 0.05531, -0.040462, 0.022898, 0.036119, 0.02325, 0.097206, 0.020484, -0.048852, 0.016564, -0.023042, -0.042836, -0.031296, -0.032998, 0.040138, -0.079918, 0.020445, -0.05672, 0.012106, -0.073369, 0.030777, 0.044856, -0.026863, 0.080181, -0.004693, 0.013091, 0.037271, 0.074159, -0.034979, 0.06304, 0.051855, 0.091881, -0.027069, -0.008264, 0.022154, -0.017603, 0.025445, -0.004433, -0.032988, -0.024027, 0.056315, -0.081911, -0.032957, 0.031627, 0.095386, -0.000894, 0.034837, -0.012286, -4.4e-05, 0.087236, 0.01169, 0.070731, -0.028626, 0.021386, 0.010943, 0.013368, -0.077099, 0.051372, -0.001702, 0.037722, -0.005394, 0.021423, 0.055575, 0.041481, -0.046732, -0.059782, 0.053806, -0.046133, 0.056772, -0.11942, -0.067703, -0.010654, -0.033367, 0.05501, 0.014537, -0.031202, -0.042142, 0.093088, 0.019757, 0.049107, 0.007515, -0.028491, 0.001657, -0.011578, 0.042808, -0.076182, -0.055576, 0.050112, -0.015109, -0.057597, -0.055781, -0.065593, 0.027803, -0.0, -0.037591, -8.4e-05, 0.114191, 0.040286, 0.041824, -0.026095, 0.094557, 0.020522, 0.011207, -0.020235, 0.01662, -0.034878, 0.012689, 0.022891, 0.021763, -0.036738, -0.026431, 0.104417, -0.049017, -0.041371, 0.007202, 0.070678, -0.017121, -0.034971, 0.061989, 0.0111, 0.027421, -0.013374, -0.042056, 0.11767, -0.051673, -0.010201, 0.080148, -0.046737, -0.094755, 0.032148, -0.056854, -0.009293, 0.008516, -0.023563, -0.022013, 0.107219, -0.017504, -0.028541, 0.027781, 0.01788, 0.009601, 0.040359, 0.038709, -0.022077, 0.032832, -0.057344, 0.037592, 0.072398, -0.005456, 0.021797, -0.056729, 0.012345, -0.04107, -0.02974, -0.009026, 0.003444, 0.03901, 0.040367]","[""ART0294"", ""ART0075"", ""ART0344""]"
ART0100,Cloudflare Releases Open Source Framework,Cloudflare,2023-09-28,AI_ML,1260000000,Financial results exceed analyst expectations across all key metrics.,https://technews.example.com/articles/100,Cybersecurity,1998,"Austin, TX",4422,False,CLOU,25,Small,"[0.040792, -0.104936, -0.105852, 0.014897, 0.056127, -0.022897, -0.052473, 0.048131, 0.085457, 0.055007, -0.022405, 0.049137, -0.042957, -0.059579, 0.008037, -0.058595, -0.019966, -0.099771, -0.071116, -0.012091, -0.025274, -0.037002, 0.011639, -0.022454, 0.041041, -0.021548, -0.070562, -0.020836, -0.037725, -0.044571, 0.004702, 0.022335, 0.049889, 0.027272, 0.009908, 0.0296, -0.006685, 0.022462, -0.00439, -0.01592, -0.062077, -0.043257, 0.050759, 0.008314, 0.052269, -0.041918, 0.00819, -0.055118, 0.04051, 0.062147, -0.176787, -0.036778, 0.018358, -0.007223, -0.006043, 0.002936, -0.042658, -0.033996, 0.001266, -0.068889, -0.049516, -0.012558, 0.010424, 0.061867, 0.071208, 0.043663, -0.03012, 0.00032, -0.071551, -0.015907, -0.039831, -0.029877, -0.060555, 0.01622, 0.052016, 0.059842, -0.049077, 0.071464, 0.093467, 0.019539, 0.118456, -0.003545, 0.013546, 0.021398, -0.013656, 0.014999, 0.148002, -0.015481, 0.073767, 0.008733, 0.047352, 0.034121, 0.097466, 0.032358, -0.012081, 0.01329, -0.037115, -0.054574, -0.017519, 0.075511, -0.02914, -0.025871, 0.053961, 0.005621, -0.062957, -0.03911, 0.056378, 0.048059, 0.015949, -0.016471, 0.031524, 0.027865, 0.008565, -0.104658, -0.004092, 0.013013, -0.067204, -0.0323, 0.026309, 0.055216, -0.001581, 0.05946, 0.04169, 0.026385, -0.052248, 0.077843, -0.114204, 0.0, -0.016184, 0.004557, 0.067807, -0.099052, 0.04548, -0.006799, -0.00454, -0.050134, -0.069829, 0.012749, -0.0356, 0.158742, -0.048396, -0.034926, 0.053699, -0.012986, -0.0208, 0.106243, 0.073291, -0.038586, 0.08839, -0.102957, 0.042466, -0.010813, 0.049734, -0.014954, 0.019334, 0.032991, 0.016917, 0.0326, 0.022665, 0.017736, 0.005849, -0.060134, -0.031171, -0.031782, -0.094939, -0.038341, -0.011509, 0.044146, -0.08172, 0.030956, 0.010549, -0.023382, -0.036906, 0.003895, 0.039772, -0.02164, 0.079704, -0.029536, -0.071529, -0.002626, 0.016222, 0.0189, 0.010037, 0.074354, 0.033474, -0.048919, -0.01292, 0.032194, -0.119026, 0.022219, -0.06766, -0.09984, -0.14249, 0.037639, 0.001126, 0.096651, 0.017688, 0.078814, 0.051704, -0.011834, 0.029605, 0.005438, 0.040776, -0.057598, -0.012876, -0.047724, 0.07368, -0.05244, -0.02387, 0.012813, 0.045702, 0.075886, -0.063097, 0.025647, -0.014327, 0.025309, -0.015934, 0.017577, -0.035984, -0.02715, 0.013987, -0.001793, -0.023743, -0.0, -0.09442, -0.062919, -0.069147, 0.086686, 0.036929, -0.009509, 0.005806, 0.034479, 0.076088, 0.034514, 0.023744, -0.003902, 0.017554, -0.019585, 0.003014, -0.073493, -0.001156, -0.14694, -0.041466, -0.032557, -0.018805, -0.035732, 0.03532, 0.037565, 0.027864, 0.06863, -0.007778, 0.048593, -0.04615, -0.022866, -0.025526, 0.042577, -0.063732, 0.025209, -0.014298, -0.033413, 0.010352, 0.002121, -0.011574, 0.003499, 0.002982, -0.032748, 0.009049, -0.094493, 0.062574, 0.037578, -0.0374, -0.006488, 0.038832, -0.065481, -0.002707, 0.052532, -0.027051, 0.008502, -0.024753, -0.021899, 0.028727, 0.002136, -0.072521, 0.060393, -0.054382, 0.015032, 0.037798, 0.096075, 0.06113, 0.009122, -0.059639, 0.003757, -0.035743, -0.002301, 0.011381, -0.099006, -0.006765, 0.008197, -0.023835, 0.120987, -0.014913, 0.010429, 0.04134, 0.098557, 0.07917, 0.033313, 0.060743, -0.018159, 0.006111, -0.031249, 0.076916, -0.087238, -0.019295, 0.067197, -0.111035, -0.021249, -0.002217, 0.065651, 0.020514, -0.0, -0.082301, 0.045971, 0.06371, 0.005691, -0.000863, 0.024339, 0.054166, 0.030367, -0.011694, 0.013438, 0.017491, -0.06186, -0.028191, 0.079687, -0.011244, 0.022629, -0.028812, 0.025657, -0.026494, -0.094156, -0.027326, 0.076608, 0.032803, -0.089427, 0.027315, -0.060463, -0.022197, 0.059425, -0.027625, 0.001545, -0.073077, -0.025924, 0.106328, -0.076603, -0.030481, 0.040918, -0.008909, 0.020217, -0.021886, 0.107863, -0.009953, 0.08248, -0.007212, -0.058141, 0.002822, 0.048901, -0.023929, 0.06776, 0.035904, -0.035823, 0.09199, -0.025946, -0.041569, 0.077697, 0.044653, 0.010001, -0.049889, 0.003864, -0.00883, -0.015594, 0.026749, -0.134201, 0.046809, 0.066379]","[""ART0321"", ""ART0734"", ""ART0679""]"
ART0119,Cloudflare Partners with Major Enterprise Client,Cloudflare,2023-06-14,AI_ML,1180000000,International expansion strategy focuses on enterprise customers in key markets.,https://technews.example.com/articles/119,Cybersecurity,1998,"Austin, TX",4422,False,CLOU,25,Small,"[0.053566, -0.103809, 0.002425, -0.088233, 0.019765, 0.028582, 0.014676, -0.001808, 0.039621, -0.019188, 0.046619, 0.063839, -0.043013, 0.011235, 0.081111, -0.065791, -0.035516, -0.132758, -0.067463, -0.024912, -0.070541, -0.108551, -0.04814, -0.037125, -0.003542, 0.00216, 0.041422, 0.016507, -0.026247, -0.02028, 0.051336, 0.045469, 0.010533, 0.039745, -0.006184, 0.034312, -0.072981, -0.009119, 0.018766, -0.005821, 0.037034, -0.090257, 0.013257, -0.017743, 0.099263, -0.013741, -0.008142, 0.082289, 0.040288, 0.048313, -0.005352, -0.027257, 0.003591, -0.008774, -0.032357, -0.015389, -0.029864, -0.021056, -0.007513, -0.028492, -0.021262, -0.052363, 0.042379, 0.045133, -0.04902, -0.000582, -0.033404, 0.012085, -0.106704, -0.079541, -0.016882, -0.049027, -0.086217, 0.084117, 0.021099, 0.040255, -0.00211, 0.040174, 0.078848, 0.036433, 0.111221, 0.08017, 0.042241, 0.001154, -0.065203, -0.012828, 0.070058, -0.085142, 0.026247, 0.004093, 0.029141, -0.013683, 0.041768, 0.059948, -0.008155, 0.049207, -0.023683, -0.040282, -0.01137, 0.031272, 0.035168, 0.011372, 0.043957, -0.003205, -0.078425, -0.056613, -0.070627, 0.042052, 0.066187, -0.023006, -0.111164, -0.072853, -0.042373, -0.084258, -0.013611, -0.022714, -0.004109, -0.003973, 0.042427, -0.062767, -0.003962, 0.029858, 0.002419, -0.00779, -0.088555, 0.025666, -0.076069, 0.0, -0.123854, 0.037126, -0.015194, 0.033856, -0.005244, -0.02526, 0.030232, -0.023842, -0.109537, -0.050948, -0.118685, 0.110993, -0.00924, 0.004056, 0.077406, 0.003211, 0.037044, 0.129163, 0.087604, -0.03232, 0.079601, -0.012324, 0.108785, 0.023737, 0.063688, -0.018789, 0.034213, 0.053396, 0.076462, 0.030572, 0.023605, -0.043305, -0.044719, -0.075923, -0.037088, 0.097816, -0.068768, -0.122839, -0.033705, 0.072846, -0.049502, 0.084323, -0.098844, 0.0096, -0.041688, 0.029919, 0.057749, -0.01186, 0.067334, 0.011634, -0.056853, 0.009257, 0.019326, -0.009325, 0.096427, 0.043097, 0.001785, -0.048329, 0.02783, -0.056828, -0.06367, -0.07713, -0.065691, 0.011204, -0.040667, 0.003887, 0.069586, 0.003923, 0.008268, -0.012579, 0.067893, -0.009839, 0.098294, 0.00528, -0.017294, -0.012571, -0.108025, 0.004356, 0.065295, -0.04477, -0.111391, -0.004442, 0.015882, 0.105384, -0.097757, 0.007257, 0.058172, -0.007357, -0.012061, 0.003707, -0.082, 0.016798, -0.005029, 0.04257, 0.061073, -0.0, -0.044537, -0.049139, -0.099477, 0.019881, 0.034539, -0.000923, 0.023968, 0.062325, 0.015505, 0.008065, -0.062592, -0.013822, 0.044192, -0.009057, -0.093827, -0.0063, 0.051916, -0.063248, 0.045225, 0.004397, 0.038807, -0.100508, 0.03897, 0.036449, 0.07581, 0.045048, -0.01231, -0.010359, -0.03705, -0.036094, -0.008572, 0.040647, 0.044353, 0.057115, -0.038429, 0.06647, -0.014675, 0.036056, 0.034636, 0.012675, -0.015835, -0.078944, 0.033096, -0.049698, -0.038941, 0.037985, 0.04696, 0.006989, -0.013544, -0.05786, -0.046647, 0.056785, -0.014221, -0.007474, -0.048551, 0.022153, 0.058805, 0.045184, -0.113693, 0.011638, 0.029422, 0.020042, 0.084746, 0.073933, 0.036449, 0.008656, 0.004104, 0.000115, 0.01135, -0.057439, -0.00391, -0.046915, -0.082235, -0.004205, 0.027856, 0.022912, 0.003481, -0.068735, 0.020919, -0.003929, -0.060176, 0.008108, 0.009415, 0.027273, 0.002828, -0.046321, 0.034679, -0.041297, -0.006968, 0.015673, -0.063837, 0.010611, -0.033742, -0.025936, -0.009629, -0.0, -0.125517, 0.055822, 0.082838, 0.077794, -0.033287, -0.005902, 0.056239, 0.095949, 0.023681, 0.00059, -0.052455, -0.035159, 0.055136, 0.062951, 0.084424, 0.024226, 0.01899, 0.078044, -0.041453, -0.014729, -0.045261, 0.106197, 0.017502, -0.135961, 0.029363, 0.047582, -0.037002, 0.01758, -0.001191, -0.024151, -0.049516, 0.004941, 0.054751, -0.004511, -0.004975, 0.048016, -0.031695, 0.03415, -0.090148, 0.041161, -0.028133, 0.055052, 0.00054, -0.045985, 0.021916, 0.021393, -0.037733, 0.038672, 0.005215, 0.023203, -0.013351, 0.032007, -0.042715, 0.05864, 0.034241, -0.038787, -0.019258, -0.001574, 0.056425, 0.067937, -0.06623, -0.03201, 0.013268, 0.069351]","[""ART0045"", ""ART0075"", ""ART0498""]"
ART0120,SpaceX Achieves Profitability Milestone,SpaceX,2023-06-29,AI_ML,7600000000,Regulatory concerns focus on data privacy and market competition issues.,https://technews.example.com/articles/120,AI/ML,2016,"Berlin, Germany",31018,False,,7,Large,"[-0.005974, 0.014567, 0.02989, -0.044514, 0.009216, 0.029884, 0.04007, -0.005648, 0.015912, 0.002644, -0.017119, 0.105049, 0.031827, -0.050366, 0.009958, -0.047283, 0.029998, -0.039869, -0.0666, 0.062046, 0.063006, -0.095768, -0.019642, 0.025964, -0.00092, 0.032961, 0.076364, 0.029348, 0.000621, -0.037995, -0.032444, 0.030677, 0.078724, 0.021305, 0.022619, -0.05143, -0.028829, -0.081493, -0.072599, -0.03852, -0.000827, -0.104809, -0.114479, 0.060689, -0.026336, -0.042312, 0.096569, -0.031428, -0.00105, 0.011028, -0.054944, -0.045744, 0.028717, -0.021761, -0.042746, -0.085729, -0.042386, -0.040813, 0.025127, 0.014971, 0.018387, -0.089151, -0.001458, 0.094018, 0.037084, 0.032704, -0.049309, 0.017861, -0.033446, -0.08235, 0.018311, -0.028563, -0.050286, 0.049488, 0.032854, 0.031872, 0.009515, 0.016582, 0.0787, -0.005174, 0.049754, -0.083193, -0.027837, 0.053544, -0.038081, -0.025638, 0.017192, 0.010015, 0.015108, -0.034593, -0.027831, 0.024352, 0.064887, 0.030832, -0.008208, -0.022989, -0.049032, -0.024318, 0.072119, -0.024068, 0.00105, 0.027839, -0.020097, 0.078891, -0.02461, -0.010404, 0.022999, 0.011328, 0.013738, 0.021934, -0.06166, -0.004692, -0.061133, -0.016809, -0.021605, 0.03806, -0.109459, 0.02447, 0.092326, -0.032928, -0.033343, -0.034486, 0.017096, -0.001124, -0.007345, -0.029936, -0.100288, -0.0, -0.130243, -0.051721, 0.002005, -0.038469, -0.019782, 0.010762, -0.040097, -0.003869, -0.108625, 0.089808, -0.054253, 0.047349, 0.031586, 0.037845, 0.130248, 0.041844, 0.028636, 0.039203, 0.050708, 0.011911, 0.105693, -0.066146, 0.007859, 0.024482, 0.04589, 0.006387, -0.029643, -0.048794, 0.080048, 0.019678, -0.087155, -0.021724, 0.093459, 0.034605, 0.050908, 0.13999, -0.032809, -0.033634, -0.020665, 0.084009, -0.02166, -0.016038, -0.025374, -0.06159, -0.034245, 0.064721, -0.020824, -0.077027, 0.00509, 0.077522, 0.012645, 0.113967, -0.031973, -0.05661, 0.034978, -0.048695, -0.017528, -0.03758, -0.036952, 0.033528, -0.092717, 0.008442, 0.032003, -0.00725, -0.037715, 0.093708, 0.073903, -0.050181, -0.014701, 0.032747, -0.034027, 0.024103, -0.004015, -0.061611, 0.033223, -0.034648, -0.071246, 0.001701, 0.05434, -0.017265, 0.035415, -0.039493, 0.021652, 0.09096, -0.071293, -0.029643, -0.0174, 0.075377, -0.002314, 0.072944, -0.014701, -0.041948, -0.07607, 0.080199, -0.074755, -0.0, -0.092223, 0.01571, -0.024542, -0.002869, -0.029801, 0.043524, 0.002276, -0.012824, 0.060596, 0.055799, -0.033989, 0.018729, 0.057742, -0.040123, -0.04754, 0.030925, 0.00445, -0.035868, -0.106005, -0.062392, 0.013242, 0.034289, -0.035547, 0.05241, 0.008951, 0.01122, -0.026659, -0.021633, 0.108041, 0.039431, -0.054162, 0.017098, -0.024573, -0.021033, -0.013435, -0.006838, 0.037893, 0.054516, 0.057142, -0.062336, -0.011215, 0.004066, -0.064654, 0.011815, -0.033014, -0.019814, 0.02524, 0.021701, 0.050347, 0.047008, -0.009429, 0.041492, 0.090908, -0.038671, -0.089702, 0.057729, 0.053971, 0.042895, 0.053039, 0.050478, 0.092669, 0.051106, 0.021084, 0.070381, 0.002878, -0.044193, 0.003269, -0.007162, -0.034548, -0.014978, 0.050348, -0.067695, -0.118281, 0.004911, -0.029349, 0.068402, 0.001788, -0.011187, -0.063306, 0.149833, 0.146396, 0.036187, 0.074161, 0.007736, 0.042313, 0.037573, 0.044631, -0.087199, -0.032794, -0.032847, -0.090484, -0.053313, -0.146009, 0.024384, -0.033695, -0.0, -0.045762, -0.071097, 0.03408, 0.07379, -0.010826, 0.02493, 0.02581, 0.060244, -0.001427, -0.014342, 0.110086, -0.032649, -0.098326, 0.016768, -0.00189, 0.024386, 0.022979, -0.009313, 0.011725, 0.046059, -0.059822, 0.042735, -0.069007, -0.038299, 0.042629, 0.02208, 0.066547, 0.072537, 0.074509, 0.052098, 0.010731, -0.051358, 0.045593, 0.044252, -0.119373, -0.050095, -0.00592, 0.094809, 0.026835, 0.011759, -0.058547, 0.045465, 0.039196, 0.007683, -0.06847, 0.032554, -0.047898, -0.095597, 0.03566, 0.010108, 0.032684, -0.051994, -0.0154, 0.015397, 0.019025, 0.011147, -0.044934, 0.040371, -0.034437, 0.001239, 0.035568, -0.052675, -0.034738, -0.00545]","[""ART0552"", ""ART0180"", ""ART0245""]"
ART0121,SpaceX Announces Breakthrough in Large Language Models,SpaceX,2023-06-13,FINTECH,7600000000,Community contribution aims to accelerate innovation and adoption.,https://technews.example.com/articles/121,AI/ML,2016,"Berlin, Germany",31018,False,,7,Large,"[0.00809, -0.126291, 0.065231, -0.018725, -0.038483, 0.038916, -0.04081, -0.019946, 0.068374, -0.030162, -0.012796, 0.020526, 0.00879, 0.048166, 0.044153, -0.012714, 0.013573, -0.030828, -0.038161, -0.051718, 0.040718, 0.037207, 0.037142, 0.045792, 0.04431, 0.113109, -0.01878, -0.038526, 0.065269, 0.003541, 0.00402, 0.10188, 0.10524, 0.006502, 0.001687, 0.09617, 0.012708, -0.032044, -0.030587, -0.066318, -0.05709, -0.046738, 0.02943, 0.049468, 0.074357, -0.104025, -0.023604, -0.009165, 0.009448, 0.07053, -0.078631, -0.157168, 0.057104, 0.002782, 0.009871, 0.008555, -0.019957, 0.001892, 0.015063, -0.134355, -0.024114, -0.060056, -0.000898, 0.083449, -0.0297, 0.011097, -0.025337, 0.048745, -0.040335, -0.0058, -0.036097, 0.021401, 0.01654, 0.063088, 0.042852, 0.015285, 0.108383, -0.056253, 0.080862, -0.032208, 0.039921, -0.03627, -0.023914, 0.00516, 0.003413, -0.002457, 0.012899, -0.022261, -0.037802, -0.035099, -0.065292, 0.024547, 0.105948, -0.042916, -0.066048, 0.012837, -0.034144, -0.01277, 0.014701, 0.070352, 0.008403, -0.042629, 0.064167, -0.01832, -0.0394, -0.086797, 0.018662, 0.014586, 0.055563, -0.028793, -0.061309, -0.021614, -0.049027, 0.014468, 0.01794, -0.031545, 0.018036, -0.029736, 0.103158, 0.011879, -0.033844, -0.009099, -0.00459, -0.001311, 0.009167, 0.029879, -0.083178, -0.0, -0.002417, 0.067946, 0.003021, 0.116, 0.040774, -0.078425, -0.023538, 0.00726, -0.073754, -0.098564, -0.040608, 0.070285, -0.001976, 0.102698, 0.055765, -0.012992, -0.005958, 0.010544, -0.010633, -0.030802, 0.064236, -0.014298, 0.064308, 0.006049, -0.038452, 0.011985, 0.044508, -0.053912, 0.008467, 0.022277, -0.091608, -0.006348, -0.015052, -0.021644, -0.009798, 0.015424, 0.046505, -0.126309, 0.035772, 0.003738, -0.077039, 0.04301, -0.045288, -0.103812, -0.005742, 0.083378, 0.009542, -0.058681, 0.056466, 0.025579, 0.018857, 0.031144, -0.053063, 0.108803, 0.101826, -0.003063, 0.000689, 0.057473, 0.019795, -6.9e-05, -0.033099, 0.023062, 0.086641, 0.082497, 0.085695, 0.076431, 0.064246, 0.015119, 0.050745, 0.069107, -0.024007, 0.000605, -0.056885, 0.006128, -0.021708, -0.074092, -0.090859, -0.127018, 0.041002, 0.060904, -0.050455, -0.089288, 0.001604, 0.007501, 0.011776, -0.029063, 0.011605, 0.007663, 0.006548, -0.029901, -0.01709, -0.107565, 0.025396, 0.040095, -0.046526, 0.0, -0.082057, -0.011663, -0.025023, 0.062624, -0.028827, -0.002113, -0.028342, -0.002518, 0.043755, 0.005937, 0.035432, -0.008017, 0.087785, 0.006676, 0.054089, -0.01087, 0.050432, -0.00452, -0.013472, 0.01835, 0.088893, -0.031811, -0.103423, 0.050161, 0.030259, -0.015885, -0.002352, -0.027755, -0.037267, 0.006131, -0.100687, 0.055677, -0.023513, 0.006611, 0.023676, 0.086269, -0.008673, -0.024769, 0.017085, -0.016264, 0.035523, -0.027502, -0.05788, -0.010264, -0.068821, 0.018407, -0.044478, 0.000581, -0.031647, 0.008004, 0.007713, -0.063964, 0.044395, -0.089235, -0.062884, -0.006798, 0.015781, -0.002465, 0.058747, 0.00263, -0.048557, -0.02413, 0.012136, -0.036841, 0.002643, -0.094625, -0.027942, 0.026121, -0.024616, -0.030379, 0.07905, -0.012481, -0.156034, 0.087762, -0.099573, 0.01496, 0.056385, -0.021562, -0.026626, -0.023498, 0.069051, 0.078118, 0.090875, 0.027248, 0.103158, 0.063588, -0.047157, 0.054066, -0.028499, 0.061522, -0.01634, 0.044712, -0.022678, 0.054303, -0.087236, -0.0, -0.097533, 0.014435, -0.037309, 0.061626, 0.002071, 0.032988, -0.07652, 0.023864, -0.001902, 0.040146, 0.017192, 0.026899, -0.048195, 0.052801, 0.004085, 0.048175, -0.030395, 0.069303, -0.031081, -0.05373, 0.031433, 0.071864, 0.009458, 0.004836, -0.004563, -0.019679, -0.06697, 0.083462, 0.039426, -0.093713, -0.028012, -0.024015, -0.115709, 0.031526, 0.013885, 0.035428, -0.026642, -0.008566, 0.05415, 0.01049, 0.032823, 0.01369, 0.004152, -0.017193, -0.052916, 0.094323, -0.035504, -0.123657, -0.036492, -0.042493, -0.004828, -0.021504, -0.071214, 0.019122, -0.022128, 0.060132, -0.055278, 0.076247, 0.068753, -0.025026, 0.053802, 0.026012, 0.001044, -0.03535]","[""ART0070"", ""ART0680"", ""ART0581""]"
ART0122,Elastic Announces Breakthrough in Large Language Models,Elastic,2022-03-10,AI_ML,1010000000,Strategic acquisition strengthens competitive position and technology capabilities.,https://technews.example.com/articles/122,Cybersecurity,2016,"San Francisco, CA",24508,True,ELAS,6,Medium,"[0.057862, -0.050661, 0.029121, -0.016141, 0.019732, 0.046815, -0.004882, 0.009224, 0.096646, 0.015248, 0.011233, 0.06885, 0.068365, 0.024248, 0.084882, -0.028341, -0.047628, -0.036384, -0.037104, -0.077761, 0.024078, 0.030331, 0.060687, -0.039222, 0.007901, -0.00592, -0.043228, 0.005078, 0.06321, -0.071987, -0.026841, -0.000416, 0.072184, 0.065788, -0.005327, 0.109816, -0.051606, -0.06369, 0.022859, -0.009, -0.053546, -0.056793, -0.031788, -0.039139, 0.042353, -0.096171, 0.033167, 0.056089, -0.07545, 0.036788, -0.099984, -0.110786, 0.051107, -0.018215, -0.008215, 0.1027, -0.008137, -0.013958, -0.001682, -0.050213, 0.001735, -0.066863, -0.027518, 0.005174, -0.022805, 0.012659, 0.015908, 0.100659, -0.068679, 0.045847, -0.010625, -0.031677, 0.043542, 0.068107, 0.080616, 0.01084, 0.087678, 0.0395, 0.097342, 0.026691, -0.01747, -0.086353, -0.07287, -0.048494, -0.00187, 0.01753, 0.018142, -0.052813, 0.031573, -0.017685, -0.046111, -0.106045, 0.057458, 0.001731, -0.04542, 0.012549, -0.099207, 0.011126, 0.022019, 0.051092, 0.040458, 0.037916, 0.07647, -0.021679, -0.09413, -0.072992, -0.029279, 0.048404, 0.064744, 0.016982, 0.000977, 0.034414, -0.006927, 0.067695, 0.003267, 0.009592, -0.058829, -0.040327, 0.103972, 0.029106, 0.031213, 0.004374, -0.030553, -0.005537, -0.066642, 0.054328, -0.035697, -0.0, 0.090032, 0.101584, -0.039831, 0.096266, -0.052015, 0.03028, 0.037033, 0.01809, -0.102468, -0.088827, -0.069357, 0.111096, 0.043144, 0.066628, 0.045739, -0.019054, -0.007575, 0.116071, 0.061286, 0.001426, 0.038925, -0.001691, 0.0283, -0.023756, -0.024407, -0.02846, 0.056115, -0.040385, -0.050661, 0.035603, -0.079828, -0.046272, -0.011656, 0.03009, 0.013236, -0.017593, -0.016066, -0.068531, 0.062393, 0.011309, -0.021405, 0.029034, -0.047511, 0.010955, -0.030489, 0.01275, -0.011527, 0.012629, 0.035427, -0.054927, -0.007449, -0.025198, 0.05026, 0.000684, 0.098782, 0.050814, -0.045923, 0.018737, -0.024898, 0.046325, -0.014252, 0.022222, 0.140913, 0.097237, 0.109342, 0.038866, -0.029919, 0.005498, 0.065922, -0.002263, 0.012162, -0.024872, 0.019107, 0.009679, 0.021246, -0.085683, 0.015631, -0.061715, 0.091051, 0.021556, -0.067634, -0.041993, 0.043079, 0.008666, -0.048963, -0.044127, 0.030248, -0.120702, 0.043975, 0.024526, -0.054719, -0.019394, -0.072678, 0.042854, 0.035536, 0.0, -0.029059, 0.022401, -0.028949, 0.035291, -0.035186, -0.060185, 0.00025, 0.04777, -0.105025, -0.07166, 0.040535, -0.043417, 0.046692, -0.034911, 0.03656, -0.016618, 0.060416, -0.059326, 0.143779, 0.044285, 0.051454, -0.059682, -0.058021, 0.069665, 0.018703, -0.055367, -0.072442, -0.047963, -0.083926, 0.0124, -0.035678, 0.011024, -0.003302, 0.102601, -0.042988, 0.057346, 0.034809, -0.057841, 0.069866, 0.006192, 0.03028, -0.034242, -0.027925, -0.014941, -0.002957, -0.010428, 0.018277, -0.019042, 0.00439, -0.037935, 0.036292, 0.019198, 0.020062, -0.086185, -0.125089, -0.004293, 0.005352, -0.021556, -0.048275, 0.023519, -0.044609, 0.056156, 0.030973, -0.065394, -0.010063, -0.053753, -0.034502, -0.028002, -0.063212, -0.089511, -0.002123, -0.017911, -0.088405, 0.057809, -0.066118, -0.017851, -0.037564, -0.078448, -0.085998, -0.019959, 0.002654, 0.065475, 0.035012, 0.011033, 0.050152, 0.113679, -0.040499, 0.038182, -0.044317, 0.035916, -0.030084, -0.040198, -0.035557, 0.024786, -0.058854, -0.0, -0.082681, 0.047675, 0.022868, 0.045483, 0.029816, 0.008107, -0.104408, 0.018461, 0.037331, -0.016956, -0.094042, 0.002256, -0.05993, 0.050389, 0.034431, 0.046316, 0.007106, 0.110555, -0.076064, -0.00188, 0.014506, 0.085787, 0.042446, 0.005648, 0.034626, -0.015089, -0.067821, 0.025469, 0.067747, -0.02692, 0.004745, -0.030555, -0.018514, -0.016496, 0.034912, 0.05023, -0.003994, -0.012051, -0.019614, 0.014255, 0.0118, 0.061392, -0.048593, 0.05905, 0.022313, 0.00962, -0.120813, -0.065028, 0.003237, -0.00353, 0.055388, -0.039673, -0.032477, 0.045389, -0.016362, 0.034444, -0.01535, -0.033617, 0.030432, 0.054231, 0.04566, -0.030438, 0.01795, -0.032001]","[""ART0309"", ""ART0467"", ""ART0198""]"
ART0142,Cloudflare Expands into European Market,Cloudflare,2022-10-15,AI_ML,1010000000,The company demonstrated significant advances in model performance and efficiency.,https://technews.example.com/articles/142,Cybersecurity,1998,"Austin, TX",4422,False,CLOU,24,Small,"[0.042385, -0.1182, -0.038224, -0.049319, 0.078162, 0.018427, -0.060502, 0.001415, 0.07017, -0.028861, 0.023978, 0.053433, -0.022663, -0.012374, 0.023459, -0.132223, 0.0081, -0.140184, -0.085705, -0.034332, -0.015083, -0.119753, -0.025662, -0.0205, 0.017974, 0.055462, -0.013785, 0.012544, -0.037361, -0.063997, 0.011521, 0.011222, 0.013965, 0.034505, 0.00271, -0.021404, -0.030687, -0.023465, -0.006666, 0.015337, -0.039604, -0.147299, -0.018924, -0.033554, 0.095831, 0.024347, 0.063096, 0.034246, 0.018905, 0.046972, -5.7e-05, -0.03887, 0.048518, -0.015959, -0.062895, -0.00322, -0.079517, 0.004303, 0.016549, 0.000962, -0.042467, -0.035214, 0.059002, 0.056701, -0.028011, -0.004213, -0.08441, -0.017889, -0.086998, -0.027915, -0.002684, -0.033206, -0.055768, 0.044385, 0.085039, 0.064772, -0.009997, 0.048076, 0.076335, 0.020053, 0.169003, -0.007981, 0.004217, 0.027937, -0.034176, -0.002813, 0.118062, -0.06433, 0.040615, -0.045371, 0.035926, 0.044051, 0.003918, 0.058563, -0.033833, 0.057533, -0.028473, 0.04618, -0.008682, 0.018965, 0.00772, 0.005845, 0.051516, -0.008804, -0.061827, -0.082937, -0.009649, 0.057976, 0.071044, -0.054427, -0.08326, -0.039303, -0.055721, -0.055826, -0.008548, 0.011243, 0.009125, -0.074972, 0.003817, 0.002939, 0.025809, 0.007764, 0.021513, 0.053386, -0.064753, 0.04422, -0.119146, -0.0, -0.117838, 0.044453, -0.00161, -0.014332, 0.007026, -0.028743, -0.016701, -0.01228, -0.073445, -0.019559, -0.169374, 0.064774, -0.083045, 0.02989, 0.081125, -0.003638, 0.01411, 0.084296, 0.051171, -0.039985, 0.078086, -0.019798, 0.088561, 0.049588, 0.058975, -0.008105, 0.042118, 0.029475, 0.085761, 0.034993, 0.00199, -0.073778, -0.009013, -0.077686, -0.0446, 0.038763, -0.098286, -0.08632, -0.030305, 0.074661, -0.028573, 0.024293, -0.093724, 0.022513, -0.060144, -0.011102, -0.000999, -0.017776, 0.078633, -0.025558, -0.019986, 0.049238, 0.016355, -0.023255, 0.077674, 0.050519, -0.008113, -0.035581, 0.025359, -0.004651, -0.106559, -0.018235, -0.063019, -0.01108, -0.049613, -0.004378, 0.091375, 0.089726, -0.016997, 0.020863, 0.059211, -0.03181, 0.065733, -0.023435, 0.066575, -0.028078, -0.069923, -0.042833, 0.018883, -0.051016, -0.060366, -0.006292, -0.000974, 0.073579, -0.056533, -5.6e-05, 0.028162, -0.010263, -0.006406, 0.001416, -0.028101, -0.006999, 0.016226, -0.016696, 0.022262, 0.0, -0.027982, -0.025228, -0.083494, 0.070883, 0.030637, 0.023792, -0.001079, 0.039663, 0.029685, 0.042383, -0.010832, -0.003891, 0.044727, -0.034198, -0.023393, 0.055394, 0.016048, -0.15155, 0.042487, -0.016378, 0.026146, -0.051918, 0.065546, 0.04008, -0.038105, 0.035985, -0.056535, 0.040374, 0.026277, -0.011054, -0.085321, 0.046607, 0.077961, 0.049592, -0.009255, 0.017579, 0.054247, 0.023852, 0.0458, -0.032191, -0.037204, -0.081423, 0.018918, -0.050657, 0.026491, 0.054387, 0.004556, -0.030856, 0.041946, -0.06341, 0.017866, 0.062128, -0.034081, -0.001439, -0.008573, -0.009217, 0.028438, 0.02326, -0.091877, 0.042813, -0.008481, -0.029779, 0.055252, 0.014499, 0.056829, 0.005202, -0.070202, -0.020246, -0.021428, -0.014487, 0.016997, -0.051412, -0.045851, 0.034262, -0.046962, -0.023412, 0.063453, -0.005132, 0.027185, 0.030054, -0.058479, 0.001781, 0.02262, -0.069503, 0.010066, -0.053964, 0.058802, -0.0833, -0.034048, 0.041763, -0.03668, 0.032588, -0.002515, 0.016242, 0.003483, -0.0, -0.076571, 0.061331, 0.103735, 0.081927, -0.003693, -0.034611, 0.109123, 0.128101, 0.021514, -0.057961, -0.038169, -0.039474, 0.080947, 0.074948, 0.075923, 0.044428, 0.00097, 0.073923, 0.01108, -0.006015, 0.008139, 0.124616, -0.006333, -0.071805, -0.000475, 0.038308, -0.013467, -0.002398, -0.049196, -0.012621, -0.06597, -0.013236, 0.090171, -0.020485, -0.001611, 0.023069, -0.066322, 0.021731, -0.063234, 0.031307, 0.040108, 0.070494, -0.069314, -0.055848, 0.057468, 0.014605, -0.01072, 0.005966, -0.001261, 0.089087, 0.019425, 0.023478, -0.020393, 0.054517, 0.027012, -0.035729, 0.000724, -0.051259, 0.041045, -0.005189, -0.052154, -0.025486, 0.046446, 0.088864]","[""ART0498"", ""ART0045"", ""ART0644""]"
ART0168,SpaceX Releases Open Source Framework,SpaceX,2022-02-15,FINTECH,5000000000,The company demonstrated significant advances in model performance and efficiency.,https://technews.example.com/articles/168,AI/ML,2016,"Berlin, Germany",31018,False,,6,Large,"[0.04795, -0.056691, 0.023713, -0.030974, 0.080805, -0.030384, -0.056282, 0.037599, 0.028662, 0.008784, -0.0244, 0.077735, 0.002637, -0.062162, 0.046879, -0.003881, 0.031086, 0.002423, -0.015621, -0.003996, -0.013286, -0.035814, 0.007865, 0.021703, 0.036447, 0.03184, -0.027074, -0.019714, 0.019567, -0.034173, -0.006555, 0.060235, 0.067548, -0.084398, -9.5e-05, 0.064847, 0.072749, -0.081804, -0.114895, -0.032018, -0.078433, -0.028357, 1.8e-05, 0.054221, -0.012966, -0.095701, 0.025283, -0.088959, 0.032044, -0.051546, -0.062827, -0.149802, 0.014734, -0.047361, 0.043726, 0.023305, -0.062749, -0.058768, -0.022533, -0.095846, 0.033474, -0.060311, -0.06607, 0.097524, 0.031332, 0.028923, -0.008467, -0.001017, 0.027623, -0.12558, -0.077013, 0.015142, 0.000964, -0.015763, 0.027185, 0.009822, 0.095129, 0.016755, 0.142332, 0.046702, 0.05605, 0.033237, -0.085406, 0.01505, -0.033599, -0.022528, 0.096491, 0.051273, -0.005645, -0.015972, 0.032228, 0.073229, 0.074595, -0.006128, -0.050213, -0.056831, -0.000332, -0.011301, 0.016115, 0.035403, -0.034409, -0.022861, 0.059397, 0.027484, -0.00608, 0.005435, 0.082897, 0.073452, 0.004278, 0.013392, -0.008088, -0.015317, -0.04909, -0.075082, -0.020255, 0.018823, -0.079651, -0.021688, 0.070489, -0.019385, -0.004652, -0.018112, 0.045878, 0.00369, -0.013762, 0.033341, -0.061963, -0.0, -0.060407, 0.040018, 0.052696, 0.008182, 0.052388, -0.054041, 0.002927, 0.026085, -0.083733, 0.008711, -0.042217, 0.067511, -0.006029, 0.104766, 0.136149, -0.080091, -0.010172, 0.096337, 0.075622, 0.037696, 0.031544, -0.070938, 0.01023, 0.014144, 0.050568, 0.00299, 0.017016, 0.000455, -0.059465, 0.006872, -0.041195, 0.047307, -0.039099, 0.015328, -0.047938, 0.02315, -0.074545, -0.070493, 0.02282, -0.00841, -0.085037, 0.066497, 0.02932, -0.08062, -0.005806, 0.005419, -0.044079, -0.069724, 0.06491, 0.013321, 0.012847, 0.054069, -0.012944, 0.089736, 0.055773, 0.031761, 0.030344, -0.005434, 0.009963, 0.141858, -0.120202, 0.030602, -0.023908, -0.001005, 0.035172, 0.046055, 0.012204, -0.034271, -0.012432, 0.094388, -0.061445, 0.000947, 0.002091, -0.051106, 0.068563, -0.046713, -0.071417, -0.04148, 0.005683, 0.009083, -0.080302, 0.058006, 0.023855, 0.053528, -0.012849, 0.036304, -0.013171, 0.092982, 0.001305, 0.052837, -0.009331, -0.088193, -0.003164, 0.026981, -0.06698, 0.0, 0.017743, -0.014307, 0.013291, 0.007142, 0.029865, 0.034992, -0.043202, 0.028665, -0.021805, 0.02915, 0.057483, 0.028603, 0.066756, 0.011056, 0.016388, -0.032374, -0.024705, -0.150253, -0.073999, -0.063089, 0.015145, -0.016805, 0.011187, -0.051836, 0.008949, -0.027156, 0.01199, -0.037247, -0.030197, -0.012318, -0.063921, 0.050019, -0.034523, 0.042093, 0.065986, 0.059715, -0.027053, 0.010107, 0.014072, -0.035777, -0.02854, 0.010744, -0.025516, -0.029983, -0.052704, 0.03482, -0.070262, 0.039041, -0.011308, -0.041106, -0.049067, 0.016721, 0.007096, -0.103845, -0.036979, -0.04871, 0.007112, 0.04891, 0.048934, 0.027123, -0.006559, 0.026132, 0.025131, 0.000414, 0.01475, -0.023907, -0.066274, 0.046316, -0.032388, 0.050027, 0.00335, -0.001078, -0.050984, 0.076646, -0.056422, 0.027185, 0.031075, -0.020388, 0.004822, 0.09229, 0.112406, -0.021076, 0.130915, 0.074541, -0.018634, 0.001877, 0.035001, -0.075637, 0.018553, 0.04913, -0.061478, 0.052471, -0.035176, 0.159971, 0.023034, -0.0, -0.052428, -0.025675, 0.0168, 0.013227, -0.064148, 0.060838, 0.055965, 0.032682, 0.004004, 0.009836, 0.030205, -0.018849, -0.070102, 0.068039, -0.038965, 0.08081, -0.017431, 0.051877, -0.011861, -0.074874, 0.010675, 0.064783, 0.054574, 0.003032, -0.003915, -0.06582, 0.04234, 0.088706, 0.046536, -0.033769, 0.026161, -0.001806, -0.042004, 0.042288, 0.013318, 0.052016, -0.059201, 0.048415, 0.080448, 0.0458, -0.047962, 0.07114, -0.01576, -0.05125, -0.085021, 0.040179, -0.068359, -0.11231, -0.034385, -0.008197, 0.00868, 0.04172, -0.087689, 0.019018, -0.048162, 0.07138, -0.04153, -0.002671, 0.040237, -0.024369, -0.03506, -0.11272, 0.066361, 0.033048]","[""ART0159"", ""ART0577"", ""ART0700""]"
ART0219,Scale AI Raises Series D Funding Round,Scale AI,2023-12-12,AI_ML,760000000,Company reaches important financial milestone ahead of schedule.,https://technews.example.com/articles/219,AI/ML,2003,"Berlin, Germany",23379,False,,20,Medium,"[-0.043624, -0.023246, 0.007735, 0.010434, 0.010632, -0.0045, -0.084312, 0.067517, 0.038763, 0.05403, -0.037261, 0.026606, -0.051176, -0.019959, -0.017943, -0.011958, -0.062743, -0.012448, -0.094489, -0.0269, -0.011083, -0.049418, 0.021738, -0.012176, 0.070082, 0.025003, 0.031354, -0.004289, 0.013634, 0.009413, 0.006969, 0.040075, 0.117157, -0.02276, 0.001182, 0.031918, 0.043266, 0.037899, -0.034573, 0.007687, 0.008254, -0.029996, 0.067386, 0.019923, 0.021477, -0.004247, -0.081984, 0.041727, -0.046406, -0.003157, -0.022748, -0.081815, -0.008009, 0.014222, -0.034485, 0.059667, 0.060251, -0.039124, 0.039499, -0.032443, -0.025692, -0.051969, 0.028098, -0.001044, 0.063796, 0.033475, -0.011457, -0.048622, -0.024773, -0.026356, 0.098233, -0.050471, 0.043471, 0.00718, 0.073123, 0.056431, -0.011824, -0.014084, 0.15757, -0.038062, -0.009863, 0.026006, 0.029906, 0.040826, -0.053193, 0.031598, 0.067558, -0.075531, 0.064687, 0.038412, 0.012646, -0.0376, -0.081501, 0.012877, -0.114956, 7.7e-05, -0.082311, -0.052973, 0.01138, 0.025178, 0.049182, 0.044564, 0.0273, -0.041019, -0.028201, -0.014965, 0.071269, -0.01274, 0.058422, -0.044877, 0.010493, -0.016711, 0.063488, 0.023551, 0.003581, -0.031993, -0.009213, -0.018783, 0.058421, -0.051833, 0.049103, 0.00983, -0.013515, -0.030694, -0.008109, 0.016986, -0.043821, 0.0, -0.078705, -0.003426, 0.027581, 0.018936, -0.036976, -0.054618, -0.047951, 0.007369, -0.097086, -0.020809, -0.098879, 0.078955, -0.009205, 0.029262, -0.001767, -0.161195, 0.100871, 0.083232, -0.004884, -0.007419, 0.090419, -0.120824, -0.013627, 0.018714, 0.09143, 0.008296, -0.009118, 0.015203, -0.002989, 0.015422, -0.014462, 0.027533, -0.015343, -0.064343, -0.079056, 0.021637, -0.010907, -0.033521, -0.001325, 0.057661, 0.041551, 0.013807, -0.051067, -0.020598, -0.063909, 0.071723, 0.044104, -0.027875, -0.009988, -0.019306, -0.012452, 0.004499, -0.019398, -0.122707, 0.047261, 0.008262, -0.029643, -0.082531, 0.03124, -0.007119, 0.00369, -0.049913, -0.080766, 0.144353, -0.069296, 0.039058, 0.060731, 0.009893, 0.047841, 0.062662, 0.043629, -0.021975, 0.022127, 0.020699, -0.036713, -0.013231, 0.024396, -0.052912, 0.030734, 0.033878, -0.074668, 0.016602, -0.008482, -0.015617, 0.054682, -0.024527, -0.030118, 0.018819, -0.02703, -0.021271, -0.080187, -0.054906, -0.006379, 0.106233, -0.013671, -0.0, -0.02673, 0.038569, -0.044577, -0.038617, 0.083657, 0.054891, -0.016095, 0.010552, 0.093246, 0.080649, -0.030422, -0.020054, -0.085133, 0.017903, 0.020706, -0.059936, -0.02188, -0.096019, 0.039365, 0.002265, 0.076664, -0.016987, -0.073909, 0.054486, 0.085683, 0.013796, -0.076231, 0.04395, -0.060392, 0.036656, -0.019545, -0.060403, 0.015342, 0.104056, 0.011617, 0.053375, 0.061326, -0.145193, -0.039079, 0.033296, 0.020249, -0.031442, -0.018268, -0.013573, 0.025373, -0.040225, 0.080199, 0.073463, -0.014739, -0.029277, -0.016024, 0.011932, 0.055807, 0.041463, -0.0937, 0.091657, 0.056126, 0.007586, -0.092081, 0.023654, -0.03391, -0.07766, 0.053022, -0.021618, -0.060308, 0.008482, 0.072894, 0.016092, -0.029451, -0.087818, -0.017121, 0.015257, 0.068002, 0.041808, -0.109629, -0.078945, 0.017408, -0.035968, 0.057918, 0.021721, -0.032536, -0.010068, 0.02672, 0.07604, -0.002965, 0.046549, 0.071571, 0.001256, -0.037984, 0.116856, -0.070225, -0.01222, -0.026455, 0.04755, -0.028649, -0.0, -0.027671, 0.009424, 0.005445, 0.034229, 0.13362, -0.087931, -0.040668, 0.086251, -0.012694, 0.017555, 0.007697, -0.033255, -0.00224, 0.073626, 0.080389, -0.002212, 0.006864, 0.022011, -0.069219, -0.036943, 0.002591, 0.05334, -0.026127, -0.08341, -0.051416, -0.060471, -0.036496, 0.12799, -0.059008, 0.016852, 0.014163, 0.044509, -0.000295, 0.020065, 0.02535, -0.019557, 0.011185, 0.052534, 0.035425, 0.024316, 0.026633, 0.042111, 0.023203, 0.017823, -0.019925, 0.01169, -0.20094, 0.004127, 0.026955, -0.042094, 0.020853, 0.005082, 0.001545, 0.059734, 0.072015, 0.037884, -0.0317, -0.050019, -0.068624, 0.045418, 0.065209, -0.105685, 0.009011, -0.012047]","[""ART0072"", ""ART0001"", ""ART0135""]"
ART0222,SpaceX Faces Regulatory Scrutiny,SpaceX,2023-11-07,CLOUD,8500000000,Strategic acquisition strengthens competitive position and technology capabilities.,https://technews.example.com/articles/222,AI/ML,2016,"Berlin, Germany",31018,False,,7,Large,"[0.058626, -0.007505, 0.029567, -0.065882, 0.021009, 0.033173, 0.061537, -0.019256, 0.033188, -0.018055, -0.032943, 0.079908, 0.059675, 0.005573, 0.008157, -0.03681, 0.046897, -0.032606, -0.011891, 0.015286, 0.029513, -0.115245, 0.039731, 0.001635, -0.01396, -0.007093, 0.017116, 0.044871, 0.01698, -0.045634, -0.027312, 0.090418, 0.048388, -0.032397, 0.013139, 0.060017, 0.028197, -0.074494, 0.025201, -0.056707, 0.012737, -0.064859, -0.056079, 0.036912, -0.037918, -0.05997, 0.069605, -0.066805, -0.014531, 0.046459, -0.05613, -0.050164, 0.031867, -0.05916, 0.001449, 0.05925, -0.067337, -0.092488, 0.042997, -0.073224, 0.017065, -0.06435, -0.034127, 0.072683, 0.023745, -0.025304, -0.055412, 0.02449, -0.042296, -0.036478, 0.017632, -0.03474, -0.008998, 0.050554, -0.006614, 0.085961, 0.068078, 0.063749, 0.135472, -0.018734, 0.066232, 0.009374, -0.056551, 0.015821, -0.035014, -0.036147, 0.034363, -0.033736, -0.017324, 0.011067, -0.009467, -0.029832, 0.069096, -0.005462, -0.001251, -0.003655, -0.099181, -0.00162, 0.063867, -0.029715, 0.038906, 0.014366, -0.011807, 0.04544, -0.058188, -0.027843, -0.033779, 0.013523, 0.044628, 0.014265, -0.054339, 0.04119, -0.0324, 0.014477, -0.004055, 0.139553, -0.085867, 0.057773, 0.103603, -0.111575, -0.006572, -0.053095, 0.003296, 0.025595, 0.020772, -0.036566, -0.099524, -0.0, -0.06546, 0.006488, -0.020182, 0.059397, -0.079856, -0.016266, 0.040282, -0.000716, -0.103465, 0.03047, -0.080039, 0.054454, -0.005078, 0.062, 0.093872, -0.002903, -0.005068, 0.036107, 0.071282, 0.011185, 0.002929, -0.059105, 0.011321, 0.018175, 0.030474, -0.096346, -0.035629, 0.004001, -0.040764, 0.02915, -0.112118, -0.050327, 0.070775, 0.017429, 0.04053, 0.070612, -0.035287, -0.049754, -0.007362, 0.049592, -0.02537, -0.012256, -0.092858, -0.01798, 0.004185, 0.035584, -0.086142, -0.105746, -0.040755, 0.061205, 0.004389, 0.055308, 0.060028, -0.059718, 0.04082, -0.004665, -0.032146, 0.007228, -0.048974, 0.073148, -0.106983, 0.024949, -0.020145, 0.114476, 0.060917, 0.108487, 0.092204, 0.03217, -0.057828, 0.059234, -0.044011, -0.026972, -0.025589, -0.035759, 0.03785, -0.070225, -0.10962, 0.039842, 0.053763, -0.014841, -0.005821, -0.023518, 0.049214, 0.083932, -0.022612, -0.04377, 0.042021, -0.021669, 0.072067, 0.102662, -0.05391, -0.052192, -0.071667, 0.110443, -0.002698, 0.0, -0.01137, -0.018287, 0.018077, -0.023799, -0.105366, 0.001946, -0.006086, -0.01333, -0.039558, -0.034823, -0.015455, 0.029495, 0.004127, -0.027426, -0.031152, -0.03239, -0.000577, -0.029918, -0.012832, -0.022821, 0.117858, -0.007977, 0.013376, 0.053997, -0.041278, 0.027431, 0.027064, -0.031294, 0.029428, 0.047701, -0.010609, 0.074874, 0.013432, 0.119947, 0.026927, 0.048678, 0.010881, -0.03098, 0.063124, -0.042451, -0.05501, -0.011509, 0.007995, -0.008818, -0.048804, -0.003045, 0.128792, -0.024748, 0.028098, 0.006609, -0.018584, 0.03357, 0.058021, -0.037328, -0.083389, -0.003585, 0.039364, 0.034801, 0.085063, 0.014311, 0.096471, 0.072305, 0.018548, -0.02854, -0.019359, -0.009876, 0.014907, 0.036034, -0.009878, 0.008926, 0.028271, -0.034369, -0.135165, 0.028216, -0.043352, 0.081133, -0.02961, -0.062402, -0.067822, 0.123088, 0.067656, 0.028465, 0.039068, 0.047085, 0.024627, 0.102565, -0.018446, -0.061621, -0.020288, -0.085253, -0.031866, -0.063427, -0.080041, -0.041103, -0.045385, -0.0, -0.069203, -0.059452, 0.028619, 0.047215, -0.001098, 0.024423, -0.026329, 0.014425, 0.036397, -0.010154, -0.004906, -0.034691, -0.06804, 0.01379, -0.013701, -0.01391, -0.007134, 0.090587, -0.027977, 0.03028, -0.028205, 0.083336, 0.054653, 0.021898, 0.011061, -0.021757, 0.038724, 0.053886, 0.097979, 0.030953, 0.067578, -0.03046, -0.018232, 0.015511, -0.035953, -0.022505, -0.00048, 0.080829, 0.061232, 0.003786, -0.110606, 0.06617, 0.011045, 0.047217, -0.094087, 0.02155, -0.096432, -0.053456, 0.000538, -0.040082, 0.067345, -0.047677, -0.018888, -0.025436, -0.07485, 0.037281, -0.047062, 0.041276, -0.02641, -0.01435, -0.008271, -0.035995, 0.022988, -0.020284]","[""ART0713"", ""ART0451"", ""ART0207""]"
ART0223,NVIDIA Releases Open Source Framework,NVIDIA,2023-05-15,FINTECH,36000000000,Regulatory concerns focus on data privacy and market competition issues.,https://technews.example.com/articles/223,AI/ML,2017,"London, UK",22031,False,,6,Medium,"[0.01416, -0.004127, -0.047329, -0.033911, 0.133309, 0.03936, -0.018929, 0.00658, 0.008427, 0.003776, -0.007462, 0.079587, -0.033574, -0.052668, 0.054688, 0.008997, 0.025894, -0.03974, -0.072994, 0.008869, 0.006921, -0.015647, 0.030499, 0.039915, -0.036175, -0.029482, -0.00021, -0.04225, 0.026328, -0.03836, -0.023171, 0.04464, 0.074003, 0.033791, 0.03174, -0.108804, -0.005245, -0.069597, -0.125901, -0.056725, 0.01727, -0.086111, -0.099928, 0.070851, 0.020065, 0.012049, 0.062389, -0.023645, -3.4e-05, -0.06556, -0.053528, -0.054088, -0.011282, -0.057573, -0.039153, -0.05105, -0.043382, -0.114249, 0.028527, 0.054377, 0.067374, -0.063702, -0.062405, 0.109812, 0.058684, 0.032658, -0.004596, -0.005831, 0.023391, -0.095846, -0.005925, -0.013045, 0.039092, -0.000491, 0.000945, -0.019063, -0.013381, 0.029115, 0.121535, 0.025312, 0.064291, -0.01837, 0.035181, 0.030397, 0.021273, -0.026934, 0.060613, 0.007797, -0.009452, -0.083646, -0.041489, -0.005942, 0.10413, 0.065032, -0.049504, -0.01651, 0.014651, -0.040855, 0.048208, 0.020688, -0.043405, -0.00702, -0.019183, 0.109334, -0.045771, 0.064516, 0.032144, 0.019201, -0.000891, 0.094179, 0.003727, 0.015545, -0.029679, -0.040686, -0.019015, -0.013782, -0.120495, 0.010122, 0.056293, 0.042539, -0.095335, -0.023649, -0.024561, -0.043105, 0.016723, 0.049367, -0.071386, -0.0, -0.01143, -0.025032, 0.007702, -0.077445, 0.022633, 0.064136, -0.005732, 0.037693, -0.063576, 0.099243, 0.019766, 0.059823, 0.00108, 0.039988, 0.083067, -0.011734, -0.046356, 0.079906, 0.079629, 0.069435, 0.092725, -0.033121, -0.028504, 0.034591, 0.004625, -0.009806, -0.056525, -0.036092, 0.100151, 0.033867, -0.010896, -0.011365, 0.078729, 0.029507, 0.047992, 0.060002, 0.004534, -0.040458, 0.004988, 0.054983, 0.017611, 0.062394, -0.012795, -0.069178, -0.051721, 0.011878, -0.013892, -0.03936, -0.023792, 0.029774, -0.043932, 0.10979, -0.038583, -0.035797, 0.038481, -0.014511, -0.062228, -0.044951, 0.014916, 0.036305, -0.145552, -0.005114, -0.011027, -0.073925, -0.018714, 0.031333, 0.0303, -0.047903, -0.027595, -0.002505, -0.023027, 0.004828, -0.053747, -0.025108, 0.039327, -0.036164, -0.073547, 0.060923, 0.027067, -0.064718, -0.009625, 0.027857, 0.030555, 0.090457, -0.08945, -0.020085, -0.014202, 0.072247, -0.0262, -0.021438, -0.06137, 0.000783, -0.002264, 0.026241, 0.038583, -0.0, -0.025965, 0.015499, -0.048341, 0.003248, 0.037257, 0.032378, -0.047791, -0.004895, 0.064086, 0.043649, 0.023953, 0.013471, 0.083544, -0.001863, -0.030144, -0.076857, -0.043105, -0.029124, -0.08708, -0.057139, -0.044316, 0.003945, -0.031115, -0.021372, 0.074071, 0.016308, -0.047322, -0.042892, 0.106568, 0.013591, -0.074097, 0.014527, -0.079965, 0.008406, 0.010485, -0.020121, 0.017887, 0.034679, 0.009442, -0.019363, 0.02205, 0.029381, -0.032042, 0.000553, -0.014356, -0.003833, -0.019444, 0.029575, 0.06481, -0.017959, 0.003032, 0.04169, 0.055279, -0.021799, -0.060973, 0.017366, 0.145787, 0.046054, 0.006607, 0.043179, 0.076726, 0.076913, -0.083816, 0.027251, 0.034747, -0.057102, -0.012083, 0.022625, 0.053678, -0.038128, -0.029108, -0.103558, -0.035136, -0.012013, -0.081409, 0.043577, -0.008218, -0.020542, 0.003288, 0.136066, 0.122925, -0.088505, 0.111539, 0.022259, 0.041532, -0.035439, 0.112059, -0.172507, 0.007163, -0.005782, -0.12551, 0.000969, -0.124868, 0.062721, 0.014206, -0.0, 0.025438, -0.058068, 0.023448, 0.095419, -0.007077, 0.022429, -0.017491, 0.013149, -0.033008, 0.02556, 0.093059, -0.012602, -0.079697, 0.01022, 0.006279, 0.077434, 0.019482, 0.018434, 0.002122, 0.063163, -0.068183, 0.048159, -0.036805, -0.056241, -0.011527, 0.007292, 0.114867, 0.002569, 0.071578, 0.03931, -0.017183, 0.009748, 0.095152, 0.013206, -0.073274, -0.032423, 0.009864, 0.049628, 0.047326, -0.015041, -0.028732, 0.049078, 0.013506, -0.039671, -0.043856, 0.006097, -0.011183, -0.069313, 0.008925, 0.032907, -0.004666, -0.019429, 0.015964, 0.027131, 0.015169, 0.025527, -0.039117, -0.022659, -0.042677, -0.007751, 0.010501, -0.058527, 0.066994, 0.00834]","[""ART0552"", ""ART0088"", ""ART0604""]"
ART0228,SpaceX Raises Series D Funding Round,SpaceX,2022-07-17,AI_ML,6100000000,Platform improvements deliver enhanced performance and new capabilities.,https://technews.example.com/articles/228,AI/ML,2016,"Berlin, Germany",31018,False,,6,Large,"[-0.001631, -0.028032, 0.082677, -0.066018, -0.020985, -0.035577, -0.088757, 0.015612, 0.047192, 0.067227, -0.095162, 0.107124, -0.063922, -0.046421, 0.026902, -0.014391, 0.047599, 0.013733, -0.019313, 0.031858, 0.028346, -0.065574, 0.006381, 0.022346, 0.082051, 0.039344, 0.03711, 0.006694, 0.020039, 0.011055, -0.031041, 0.104496, 0.039442, -0.064961, -0.005858, 0.035996, 0.093393, 0.028206, -0.103429, -0.024035, -0.032346, 0.005975, 0.035624, 0.132435, -0.041436, -0.062115, -0.060856, -0.011746, 0.019319, -0.033026, 0.029105, -0.116105, 0.046055, -0.006679, -0.028358, 0.031067, -0.019742, -0.018983, 0.056883, -0.076746, 0.008433, -0.091799, 0.009377, 0.05009, 0.011457, -0.021868, -0.006063, -0.010721, -0.02601, -0.063331, 0.02819, -0.006706, 0.008628, -0.038304, 0.055775, 0.090309, 0.056668, -0.025023, 0.147016, -0.042487, 0.069925, 0.034211, -0.019079, 0.016499, -0.050762, 0.015037, 0.056232, -0.047586, -0.019098, -0.011154, -0.010081, 0.019387, -0.003735, -0.013824, -0.156178, -0.020167, -0.033713, -0.030753, 0.009987, 0.037686, 0.062426, 0.022344, 0.032221, -0.022483, -0.006115, -0.018658, 0.016674, 0.0346, 0.028331, -0.034417, -0.013803, -0.004423, -0.016158, 0.052829, -0.063332, 0.016903, -0.082802, -0.042534, 0.119138, -0.073478, 0.017982, -0.056867, 0.038317, -0.022448, 0.043911, -0.028615, -0.109993, 0.0, -0.097324, -0.023032, -0.004038, 0.029222, -0.031712, -0.050293, -0.012957, 0.020383, -0.110295, -0.022592, -0.095693, 0.04147, 0.003557, 0.073319, 0.064397, -0.133344, 0.065276, 0.09595, 0.003746, 0.039414, 0.049676, -0.050184, 0.026326, 0.005731, 0.120929, 0.006139, 0.011404, 0.026874, 0.019221, 0.018549, -0.115789, -0.003088, 0.053646, 0.001074, -0.079679, 0.062088, -0.018325, -0.074176, -0.004363, 0.066034, -0.052213, 0.016351, -0.06113, -0.093534, -0.048454, 0.094436, 0.001964, -0.08294, -0.020188, 0.051593, 0.016153, 0.054803, -0.022765, -0.03734, 0.050228, -0.048903, -0.021218, -0.045706, 0.052286, 0.061784, -0.051633, -0.025242, -0.023958, 0.092244, -0.035023, 0.070338, 0.12438, 0.023749, -0.05073, 0.092504, -0.067551, -0.049146, 0.02995, 0.001972, 0.030972, -0.049181, -0.027208, -0.038599, 0.016749, 0.020634, -0.033201, -0.010392, -0.002883, 0.042624, 0.039319, -0.003177, -0.026549, 0.071476, 0.010592, -0.031167, -0.061895, -0.120964, -0.024511, 0.080249, -0.034867, -0.0, -0.028199, 0.018817, -0.00313, -0.005159, 0.013256, 0.062558, 0.015241, -0.033351, 0.06323, -0.010116, 0.024859, 0.033404, -0.0629, 0.036392, -0.040816, -0.02421, -0.035017, -0.119438, -0.01929, -0.051409, 0.075813, -0.014768, -0.013233, 0.041087, 0.054929, 0.002757, 0.014528, 0.037044, -0.009119, 0.046057, -0.006447, 0.009069, 0.007456, 0.101661, 0.040119, 0.086927, 0.058704, -0.01651, -0.030686, 0.009517, -0.042305, -0.025219, 0.044692, 0.036018, -0.014086, 0.014422, 0.007263, 0.053102, 0.011925, -0.001067, -0.028159, -0.018101, 0.104641, 0.037307, -0.057364, 0.027414, 0.063039, 0.077128, 0.019566, 0.028404, -0.009086, -0.035193, 0.03038, -0.042143, -0.011714, -0.036726, -0.045602, 0.006784, -0.043872, 0.047556, 0.031248, 0.04062, -0.073187, 0.036634, -0.060566, 0.006965, 0.059704, -0.014354, 0.060359, 0.072362, -0.008114, 0.030137, 0.041932, 0.05875, 0.006863, 0.057663, 0.051542, 0.002403, -0.038266, 0.028329, -0.0425, 0.015398, -0.039734, 0.062444, -0.023393, -0.0, -0.010318, -0.044324, -0.033838, 0.010651, 0.055216, -0.054745, -0.057061, 0.124944, 0.007572, 0.013341, 0.055654, -0.003551, -0.003836, 0.016682, 0.045312, 0.023078, -0.042753, 0.039626, -0.072259, -0.032077, -0.013985, 0.075334, -0.005808, -0.064835, -0.035336, -0.038038, 0.021239, 0.115463, -0.001897, -0.043787, 0.02157, -0.022637, -0.061733, 0.007158, 0.034331, -0.024384, -0.040647, 0.076927, 0.099484, 0.061258, -0.040013, -0.011064, 0.014099, 0.003746, -0.120704, 0.005655, -0.160266, -0.035835, -0.047361, -0.065563, 0.032212, 0.025196, -0.046883, -0.035158, 0.00324, 0.092254, -0.049134, 0.024299, -0.009628, 0.035414, 0.024939, -0.13666, 0.005835, 0.025575]","[""ART0060"", ""ART0645"", ""ART0191""]"
ART0231,Meta AI Reports Record Revenue Growth,Meta AI,2022-11-08,AI_ML,1130000001,New product features leverage cutting-edge AI technology to solve customer problems.,https://technews.example.com/articles/231,Data Analytics,2001,"Seattle, WA",20240,True,,21,Medium,"[-0.041937, -0.024043, -0.005485, -0.022211, 0.01111, 0.018317, 0.025692, 0.070198, -0.040286, -0.014709, -0.031463, 0.050236, -0.012217, -0.010268, 0.038673, 0.043306, 0.022908, -0.010867, -0.034629, -0.04589, 0.072996, 4.2e-05, 0.003002, 0.00036, -0.017948, 0.07095, -0.023338, -0.012381, 0.010737, -0.040386, 0.041837, 0.062439, 0.058146, 0.022002, -0.022279, -0.002206, -0.033257, 0.057044, 0.061814, -0.008593, 0.020918, -0.061523, -0.059821, -0.074598, 0.094619, 0.026165, -0.024191, 0.037131, 0.047142, 0.110669, -0.176152, 0.010793, 0.022941, 0.060548, 0.007548, 0.029484, 0.015411, -0.029805, -0.034719, 0.005094, 0.025784, -0.059824, 0.071881, -0.003451, 0.04242, 0.066471, -0.100582, 0.003598, -0.11558, -0.086776, 0.047288, 0.085857, -0.049325, 0.041075, -0.010341, 0.064317, 0.039288, 0.032888, 0.113861, -0.025177, -0.020049, 0.009104, -0.049274, 0.066614, -0.062477, -0.050954, 0.088501, -0.066213, 0.009638, -0.021572, 0.024464, 0.025874, 0.014162, 0.009621, -0.018864, -0.003707, -0.071179, -0.113305, 0.013982, 0.064368, -0.007506, 0.025144, 0.011653, -0.038839, -0.031343, -0.040022, 0.052923, 0.046187, 0.007868, 0.023282, -0.029029, 0.005605, -0.011465, -0.09381, 0.076748, 0.028155, -0.069684, 0.092934, 0.082372, 0.060355, 0.004703, 0.057043, -0.03723, 0.061594, 0.030322, 0.042618, -0.071895, 0.0, -0.10282, 0.018412, 0.035688, -0.040636, 0.0588, 0.008289, -0.039754, 0.057822, -0.028542, -0.012432, -0.082402, 0.032416, -0.029322, 0.009252, 0.068186, -0.014003, -0.034768, 0.038298, -0.00956, -0.084958, 0.093762, -0.111159, 0.094345, 0.095225, 0.002233, 0.005283, 0.008728, -0.016476, 0.070148, 0.020149, -0.012488, -0.022858, 0.015059, -0.036656, -0.071934, 0.042293, -0.010987, -0.066874, 0.02332, 0.082419, -0.044323, 0.058809, 0.00645, -0.016135, -0.123676, -0.001767, 0.009179, -0.040143, -0.007003, 0.040659, -0.061625, -0.01099, 0.032846, -0.041751, -0.00273, -0.01237, -0.025925, -0.041562, 0.049945, -0.042144, 0.021303, -0.048644, -0.020731, 0.090343, -0.114057, 0.081937, 0.092993, 0.030581, 0.057929, 0.040126, 0.037067, 0.028152, -0.021037, -0.012493, -0.067391, -0.052201, -0.005699, -0.112747, 0.04512, 0.002904, -0.030755, 0.02916, -0.022992, -0.004817, 0.060853, -0.001201, 0.015832, -0.022357, 0.04196, -0.017017, -0.006782, 0.041537, -0.018502, 0.131034, -0.031997, -0.0, -0.137203, 0.029221, -0.048108, 0.013143, -6.8e-05, 0.035699, -0.052278, -0.013396, -0.004368, 0.061044, -0.04556, 0.016059, -0.05747, 0.028837, -0.008366, -0.034638, 0.072222, -0.077585, 0.073014, 0.013177, 0.042652, 0.072519, -0.081571, 0.015379, -0.003132, 0.002993, -0.077277, 0.057359, 0.021335, -0.001265, 0.027645, -0.002651, -0.051302, 0.00749, 0.04379, 0.032393, -0.002355, -0.118697, 0.010916, 0.040661, 0.029311, -0.052152, -0.061549, -0.021111, -0.039316, -0.043801, 0.004483, 0.042278, 0.055059, -0.024132, -0.026783, -0.01987, -0.035354, -0.045327, -0.148677, 0.039204, 0.009383, 0.039463, -0.06365, 0.067809, -0.044978, -0.037477, 0.032958, -0.042515, -0.020172, -0.028902, 0.102078, -0.019051, -0.010783, -0.086648, 0.017418, 0.004095, 0.00694, 0.023379, -0.072996, 0.05533, -0.07345, -0.035411, -0.041309, -0.022655, 0.05051, -0.019534, 0.073721, -0.035632, -0.054865, -0.004627, -0.013805, -0.002263, -0.067711, 0.011516, -0.062863, -0.022387, -0.078739, 0.047392, -0.065101, -0.0, -0.007128, -0.033744, 0.088359, 0.088699, 0.080073, -0.033977, -0.005697, 0.068692, -0.015974, -0.116212, -0.000682, -0.040076, -0.028256, 0.111024, 0.088045, 0.040846, 0.005295, 0.049233, 0.003036, -0.048701, 0.054327, 0.05294, 0.083589, -0.092812, 0.013614, -0.08899, 0.024503, 0.040899, -2.7e-05, 0.013961, -0.016605, 0.033883, 0.088224, 0.020067, 0.09619, -0.000115, -0.024163, 0.023813, -0.125074, -0.035237, 0.048361, 0.066806, 0.003523, -0.03145, -0.001126, 0.032366, -0.03769, -0.07311, 0.037384, -0.021742, 0.077728, -0.023708, 0.061637, 0.041401, 0.05463, 0.009433, -0.013905, -0.06444, 0.009806, 0.015925, 0.06607, -0.034138, 0.033637, -0.007185]","[""ART0316"", ""ART0656"", ""ART0693""]"
ART0236,NVIDIA Releases Open Source Framework,NVIDIA,2022-04-25,DATA_ANALYTICS,17800000000,New product features leverage cutting-edge AI technology to solve customer problems.,https://technews.example.com/articles/236,AI/ML,2017,"London, UK",22031,False,,5,Medium,"[-0.040133, -0.02418, -0.00259, -0.013254, 0.121977, -0.024784, -0.017569, 0.031924, -0.011425, -0.013149, -0.043031, -0.011205, -0.03755, -0.032867, 0.048967, 0.062514, 0.061874, -0.006815, -0.053542, -0.01873, -0.001503, -0.021075, 0.006018, 0.012279, -0.006535, 0.026874, 0.009473, -0.076369, 0.034178, -0.014987, 0.046658, 0.035382, 0.098386, 0.012084, -0.033427, -0.010367, -0.026616, -0.063013, -0.087457, -0.086887, -0.002135, -0.017376, -0.017528, 0.023822, 0.101934, 0.020759, -0.008066, -0.016072, 0.070476, -0.033035, -0.108786, -0.086782, -0.003478, -0.031837, -0.005097, 0.056146, -0.003685, -0.095054, 0.015739, 0.024263, 0.126549, -0.081459, 0.017128, 0.09601, 0.076214, 0.046571, -0.011189, -0.048759, -0.006189, -0.076175, -0.004102, 0.103647, 0.030652, -0.011696, -0.022173, -0.028688, 0.016055, 0.00087, 0.138785, -6.4e-05, 0.017426, 0.011907, -0.005401, 0.052826, 0.039758, 0.000738, 0.064772, 0.006697, 0.003485, -0.056742, -0.033921, 0.005073, 0.076202, -0.00752, -0.017634, -0.048038, 0.008367, -0.086065, -0.044191, 0.059217, -0.097686, -0.043238, 0.050109, 0.032227, -0.021797, 0.058201, 0.07893, 0.013794, -0.022489, 0.038181, -0.000265, 0.015788, 0.015541, -0.053583, 0.005828, 0.022703, -0.093498, 0.030527, 0.040536, 0.064855, -0.05555, -0.01166, -0.061311, -0.004185, 0.049009, 0.077955, -0.051441, 0.0, -0.026412, -0.004025, 0.034151, -0.064048, 0.094531, 0.017767, 0.026962, 0.081953, -0.013557, 0.029298, -0.020443, 0.040958, -0.052203, 0.094746, 0.095675, -0.108665, -0.059375, 0.065478, 0.027982, 0.018091, 0.062644, -0.062665, 0.022191, 0.0553, -0.008205, -0.002711, 0.004348, -0.033823, 0.10148, 0.005507, -0.022053, 0.021873, -0.048708, 0.003292, -0.009437, 0.039717, -0.024342, -0.037463, 0.013014, 0.092089, -0.018567, 0.079129, -0.001112, -0.077311, -0.09475, -0.013142, -0.002036, -0.055516, -0.03963, 0.023757, -0.082075, 0.047821, 0.000736, -0.006194, 0.030691, -0.049553, -0.006542, 0.004678, 0.061319, -0.004057, -0.084245, -0.050301, -0.047242, -0.014621, -0.031558, 0.041979, 0.07039, 0.034532, 0.013858, 0.033042, -0.015321, 0.041734, -0.037431, -0.030853, 0.014702, -0.015103, -0.09616, -0.039744, 0.027791, -0.084847, -0.069993, 0.065469, 0.009993, -0.000687, 0.039546, 0.010348, -0.033538, 0.007568, -0.081814, -0.030275, -0.102053, -0.006566, 0.060174, 0.063884, 0.040945, -0.0, -0.036481, -0.023627, -0.03458, 0.02229, 0.050967, -0.008325, -0.085977, 0.016317, 0.014913, 0.061981, 0.037389, 0.053826, 0.036205, 0.039839, -0.007095, -0.080845, -0.041831, -0.044119, -0.030577, -0.096167, -0.046448, 0.012739, -0.063316, -0.092224, 0.031259, 0.032785, -0.017456, 0.010309, 0.012836, -0.043475, -0.058521, 0.016505, -0.089337, 0.064574, 0.101833, 0.064813, 0.00163, -0.01169, -0.039462, 0.040672, 0.062247, -0.025539, -0.034588, -0.028238, 0.002107, 0.022678, -0.054623, 0.025857, -0.023886, -0.042985, -0.020339, 0.002907, 0.002861, -0.034501, -0.093894, -0.003806, 0.088691, 0.050558, 0.028107, 0.014353, -0.033079, 0.003009, -0.041094, -0.043623, 0.0238, -0.063107, 0.004475, 0.079829, 0.012894, -0.009997, -0.042173, -0.03177, 0.020992, 0.043091, -0.106706, 0.003855, -0.027079, -0.067054, 0.040688, 0.011255, 0.099079, -0.162925, 0.158261, 0.060234, 0.011785, 0.005295, 0.089033, -0.104366, 0.043637, 0.040742, -0.12712, 0.082907, -0.055731, 0.095449, -0.054937, -0.0, -0.001823, -0.064212, 0.034508, 0.067844, 0.03158, 0.001921, -0.040968, 0.028729, -0.05215, -0.015297, 0.020323, -0.044953, -0.03859, 0.043747, 0.023667, 0.08137, 0.028372, 0.059113, 0.005776, -0.01694, 0.00616, 0.017871, 0.04393, -0.028233, -0.053731, -0.09444, 0.09447, 0.012651, 0.040588, 0.013931, -0.050332, 0.063244, 0.12907, 0.018377, 0.062789, 0.034323, 0.006528, 0.020488, 0.033932, -0.014105, 0.007666, 0.061569, -0.021586, -0.076086, -0.004172, 0.012953, 0.003775, -0.119653, 0.016449, 0.04179, -0.018311, 0.050026, -0.008659, 0.109055, 0.02447, -0.012994, 0.003666, -0.046931, 0.024945, 0.029283, -0.006448, -0.079287, 0.095931, 0.038334]","[""ART0583"", ""ART0700"", ""ART0115""]"
ART0239,Palantir Expands into European Market,Palantir,2022-06-08,AI_ML,1550000000,New product features leverage cutting-edge AI technology to solve customer problems.,https://technews.example.com/articles/239,Cloud Computing,2005,"Berlin, Germany",42306,True,,17,Large,"[0.006097, -0.036679, 0.038928, -0.04219, 0.02913, -0.007734, 0.005597, 0.044341, -0.012109, -0.006231, -0.028329, -0.001289, -0.053181, 0.020025, 0.067114, -0.007448, 0.043001, -0.052142, -0.048744, -0.042862, 0.054307, -0.035225, -0.030724, -0.020536, -0.057585, 0.047549, 0.027891, -0.057465, 0.040228, -0.064166, 0.059353, 0.097907, 0.111356, -0.006377, -0.020943, 0.017002, -0.009587, 0.017251, 0.03046, -0.044021, -0.008643, -0.067054, -0.062355, -0.005378, 0.115367, 0.024304, -0.037263, 0.074125, 0.040487, 0.026521, -0.145707, -0.00586, 0.050173, -0.080394, -0.076378, -0.02658, 0.02657, 0.044206, 0.066385, 0.013376, 0.095954, -0.042756, 0.047032, 0.013845, -0.007431, 0.008288, -0.099605, -0.035489, -0.037962, -0.016676, 0.039969, 0.017416, 0.009269, 0.012118, -0.010329, 0.028232, 0.046889, -0.064901, 0.049329, -0.00933, -0.00996, -0.010249, -0.008141, 0.053444, -0.035974, -0.004793, 0.010058, -0.055192, 0.015625, -0.068557, 0.045912, -0.048305, 0.010958, 0.021796, 0.029839, 0.023204, -0.013916, -0.038362, -0.03074, 0.070547, -0.030228, -0.026824, -0.043419, -0.058295, -0.07966, 0.004345, 0.051017, -0.041936, 0.079528, 0.000404, -0.135099, -0.021539, 0.00277, -0.030836, 0.016109, -0.012227, -0.045732, 0.030312, 0.081928, 0.063875, 0.007526, -0.03021, -0.027597, 0.08958, 0.035641, 0.043971, -0.055086, 0.0, -0.07301, 0.028684, 0.03108, -0.017738, 0.004538, -0.032149, -0.0456, 0.024404, -0.066101, -0.003533, -0.113886, -0.039394, -0.079544, 0.099728, 0.085568, -0.039071, -0.041992, 0.060701, -2.1e-05, -0.068219, 0.019132, -0.05432, 0.030712, 0.112752, 0.027911, 0.085696, 0.094254, -0.015095, 0.131968, -0.002407, -0.007363, 0.03608, -0.014403, 0.04995, -0.104027, 0.063478, -0.07423, -0.067131, -0.023485, 0.079408, -0.018748, 0.037261, -0.009064, 0.02479, -0.063147, -0.049483, -0.015158, -0.033663, -0.038193, -0.023298, -0.09513, 0.066113, 0.072773, 0.024495, 0.002438, -0.074036, -0.043228, -0.02014, 0.06835, -0.08787, -0.002658, -0.053245, -0.0206, 0.044005, -0.040492, 0.059082, 0.044005, 0.065713, 0.039812, 0.059682, 0.026571, 0.050133, 0.000714, 0.003672, -0.022332, 0.019092, -0.047338, -0.012072, 0.018771, -0.037596, -0.082336, 0.051196, -0.000474, -0.008806, 0.061743, -0.025932, -0.045741, -0.071397, 0.015272, 0.013236, -0.044866, 0.004023, -0.083716, 0.124692, -0.007261, -0.0, -0.105477, 0.000619, -0.000991, 0.040745, -0.001431, -0.024211, -0.068069, -0.007557, 0.015698, 0.017402, -0.011534, -0.039304, 0.087419, -0.023626, -0.050889, 0.071744, 0.080431, -0.037331, 0.025115, -0.027103, -0.014666, 0.011123, -0.072892, -0.049642, 0.017234, 0.020855, -0.080616, -0.013881, -0.006619, -0.029489, 0.008824, -0.000604, -0.034733, 0.094655, 0.042382, 0.066332, -0.059266, -0.023063, -0.02617, 0.05386, 0.022095, -0.092276, -0.087028, -0.024255, 0.017482, -0.042737, 0.025513, -0.019266, -0.003483, -0.020526, 0.042545, 0.002041, 0.032888, -0.060222, -0.047945, 0.056238, 0.059727, 0.048072, -0.07089, 0.08385, 0.034147, -0.031875, 0.046422, -0.066619, -0.012102, -0.005833, 0.099251, 0.087431, 0.038238, -0.045152, 0.060155, 0.04919, -0.010038, 0.114819, -0.040601, -0.014051, -0.049365, -0.078136, -0.039931, -0.04479, -0.010726, -0.102549, 0.11361, 0.006842, 0.034533, 0.026425, 0.013048, 0.008903, -0.012715, 0.029143, -0.08716, 0.056907, -0.025924, 0.061898, -0.036605, -0.0, -0.014354, -0.054404, 0.060004, 0.049938, -0.007514, -0.021325, -0.029015, 0.054203, -0.099048, -0.057422, -0.058596, -0.062726, -0.021143, 0.065207, 0.095176, 0.019177, 0.067452, 0.061404, 0.018572, -0.012728, 0.064619, 0.049575, 0.071123, -0.060777, -0.028999, -0.073039, -0.001816, 0.01991, 0.009851, -0.001168, -0.044267, 0.045912, 0.115893, 0.029765, 0.11105, 0.066257, -0.061475, 0.033801, -0.074039, -0.000219, 0.078083, 0.039931, -0.068376, -0.032581, 0.05469, -0.021376, -0.030278, -0.116482, 0.021621, 0.010562, 0.024329, 0.077855, 0.057895, 0.076994, 0.073283, -0.000752, 0.008272, -0.049698, 0.0598, 0.021678, -0.001587, -0.033, 0.019444, -0.009696]","[""ART0255"", ""ART0537"", ""ART0141""]"
ART0243,Confluent CEO Discusses Future of AI,Confluent,2022-03-19,AI_ML,600000000,New product features leverage cutting-edge AI technology to solve customer problems.,https://technews.example.com/articles/243,Cloud Computing,1995,"London, UK",3884,False,,27,Small,"[-0.04094, -0.07631, 0.081156, -0.041064, 0.001973, -0.048454, 0.064502, 0.062274, 0.020636, -0.052176, -0.0024, 0.018895, 0.013758, -0.014299, -0.009219, 0.054389, 0.063926, -0.024056, -0.043444, -0.063911, -0.022604, -0.050084, -0.053771, -0.006189, -0.035322, 0.058108, 0.015151, -0.057225, -0.009755, -0.01467, 0.055241, 0.061543, 0.056949, 0.023584, -0.049781, 0.050152, -0.06629, 0.002845, 0.091396, -0.062491, 0.020512, -0.052907, -0.040139, -0.053943, 0.112522, 0.015164, -0.016205, 0.014705, 0.027965, 0.052779, -0.174552, -0.095208, 0.044031, -0.054649, 0.021418, 0.051633, 0.000338, -0.022953, 0.01336, 0.012802, 0.012893, -0.066815, 0.048639, 0.051528, 0.077136, 0.025738, -0.063828, 0.001181, -0.116144, 0.005193, 0.094307, 0.06174, 0.032446, -0.009249, -0.023013, 0.072296, 0.026787, 0.017337, 0.101551, -0.049531, 0.020096, 0.0053, -0.015537, 0.026832, -0.055223, -0.022216, 0.011878, -0.07488, -0.026116, -0.039302, -0.022609, -0.021273, 0.031509, -0.052961, -0.020288, 0.064638, -0.09537, -0.044014, -0.090857, 0.020278, -0.04087, 0.056375, -0.00681, -0.071582, -0.080122, -0.065278, 0.101499, -0.017256, 0.008378, 0.032278, -0.040115, -0.059119, 0.047551, -0.109246, 0.047733, -0.027387, -0.019329, 0.05064, 0.123517, -0.05251, 0.020204, 0.042326, -0.02566, 0.040726, 0.023275, 0.062793, -0.01407, 0.0, -0.114409, 0.04599, 0.015657, 0.066806, 0.059047, 0.015695, -0.009891, 0.044316, -0.045708, -0.034786, -0.07259, -0.011798, -0.052959, 0.032072, 0.019224, -0.057006, 0.004823, 0.025441, -0.004052, -0.088668, 0.033073, -0.003324, 0.011762, 0.077841, 0.042321, -0.070537, 0.020886, -0.005098, 0.10428, 0.016236, -0.044172, 0.092608, -0.050855, 0.016263, -0.074536, 0.064225, -0.076883, -0.056151, -0.044694, 0.084081, -0.032989, 0.100721, -0.035954, -0.010056, -0.061334, -0.002911, 0.050928, -0.044192, 0.036807, -0.005515, -0.071813, 0.029599, 0.07588, -0.050046, 0.060158, -0.033931, 0.005491, -0.061932, 0.064284, 0.021464, -0.047789, -0.023859, -0.113175, 0.062885, -0.070813, 0.055074, 0.050585, 0.053333, 0.09004, 0.059572, 0.033966, 0.02484, -0.027272, 0.027831, -0.101602, -0.022344, -0.047954, -0.056895, 0.054687, -0.059468, -0.013962, 0.038552, 0.058829, -0.00692, 0.089599, -0.01571, 0.021395, 0.039776, 0.037793, 0.027977, -0.06928, 0.002901, 0.004181, 0.146396, 0.00787, -0.0, -0.119965, 0.010839, -0.076637, 0.057257, 0.015211, -0.014455, -0.029003, -0.023648, 0.058227, 0.024557, 0.019331, -0.005106, 0.034022, -0.015366, 0.005386, -0.029361, 0.0015, -0.061136, 0.02207, -0.0436, 0.01367, 0.04529, -0.04889, -0.032772, -0.019989, 0.044849, -0.053136, 0.032318, -0.018359, -0.009269, -0.059774, -0.069802, 0.010315, 0.084155, 0.034484, 0.034057, -0.009688, -0.065724, -0.034483, 0.021252, 0.026688, -0.055454, -0.049956, -0.035929, -0.011644, -0.009469, -0.042745, -0.044913, 0.033443, 0.003304, -0.021757, -0.021769, -0.011964, -0.043216, -0.096242, 0.034938, 0.049278, 0.063599, 0.009437, 0.053741, -0.019577, -0.037067, 0.117184, -0.050558, 0.034575, 0.013126, 0.059773, 0.086712, -0.042953, -0.050958, -0.04842, -0.004663, -0.053573, 0.025881, -0.035341, 0.026037, -0.07193, -0.043156, -0.038458, 0.04309, 0.04239, -0.059514, 0.024706, 0.026539, 0.034085, 0.02332, 0.011726, -0.033523, -0.016541, 0.007226, -0.086368, -0.029463, -0.021961, 0.06877, -0.033699, -0.0, -0.050826, -0.044727, 0.078575, 0.038187, 0.111242, -0.007686, -0.05791, -0.031262, -0.015668, -0.001383, -0.001084, -0.017048, -0.057238, 0.082254, 0.065664, 0.050607, -0.035415, -0.002008, 0.012079, -0.013869, 0.047045, 0.062097, 0.051757, -0.040619, -0.005298, -0.076085, -0.013337, 0.055521, -0.034165, 0.105695, -0.07915, -0.002256, 0.102425, -0.017392, 0.04457, -0.002494, 0.020755, 0.02815, -0.061213, 0.033201, 0.045735, 0.076244, -0.001571, -0.007408, 0.032578, 0.012825, -0.068257, -0.058285, 0.020167, 0.056663, -0.000213, 0.049145, 0.063806, 0.076359, 0.074379, -0.09367, 0.050568, -0.051647, -0.01924, 0.047236, 0.036615, -0.000122, 0.096713, 0.033535]","[""ART0204"", ""ART0296"", ""ART0230""]"
ART0249,Anthropic Reports Record Revenue Growth,Anthropic,2023-05-17,AI_ML,380000000,Strategic acquisition strengthens competitive position and technology capabilities.,https://technews.example.com/articles/249,FinTech,2006,"San Francisco, CA",43747,False,,17,Large,"[0.03835, 0.066404, -0.01348, -0.047068, 0.016997, 0.052213, 0.049052, 0.012696, -0.011481, 0.049464, 0.045231, 0.093968, -0.010785, 0.006859, 0.067922, 0.008664, -0.010663, -0.058102, 0.044496, 4.9e-05, -0.01875, -0.050965, 0.096746, -0.03912, 0.011501, -0.048821, -0.037273, 0.004635, 0.022663, -0.001043, -0.019611, 0.095038, 0.07682, 0.024239, 0.025903, 0.037787, -0.015602, -0.03301, 0.049469, 0.012237, 0.043314, -0.075826, -0.110522, -0.083623, -0.068037, 0.019842, 0.04787, 0.012779, -0.044929, 0.080568, -0.069942, 0.064675, 0.041417, -0.051877, -0.012457, 0.007984, -0.026019, -0.10732, -0.048578, -0.042729, -0.042268, -0.000974, -0.041203, -0.004886, 0.044435, -0.049203, -0.037635, 0.048534, -0.089039, -0.031419, 0.023996, -0.063995, -0.016853, 0.040342, -0.034397, 0.003821, 0.087339, 0.090438, 0.059384, -0.014797, 0.054847, 0.054964, -0.125033, 0.032427, -0.07151, 0.014111, 0.018673, 0.017782, -0.022898, -0.015243, -0.057589, -0.061293, 0.000859, -0.034766, -0.010128, 0.024885, -0.083889, -0.063952, 0.051264, -0.003998, 0.03199, 0.030874, 0.020919, -0.038115, -0.057021, -0.066915, -0.081428, 0.059146, 0.064598, 0.03308, -0.063152, 0.040271, -0.047951, 0.054664, 0.05744, 0.064518, -0.119835, 0.056066, 0.087194, -0.114643, 0.082936, -0.025583, -0.009091, 0.043147, 0.000656, -0.068446, -0.073591, -0.0, -0.02266, -0.000512, 0.041365, 0.005474, -0.061282, 0.045282, -5e-06, -0.009302, -0.06545, 0.023514, -0.095818, 0.035423, 0.030195, 0.032998, 0.026337, 0.039984, -0.086179, 0.097136, 0.108505, 0.078847, 0.004466, -0.017522, 0.048975, 0.102059, 0.038204, -0.032299, -0.002169, 0.02636, -0.041783, 0.036654, 0.008343, -0.029936, -0.002388, -0.033597, 0.00169, 0.000366, -0.028744, -0.066615, 0.019621, 0.051829, -0.02609, 0.011631, -0.01937, 0.031297, -0.022616, 0.030819, -0.018015, -0.018064, -0.011549, 0.035159, -0.04265, 0.045867, 0.097823, -0.093117, 0.03235, -0.03974, -0.046614, -0.029382, -0.027107, 0.036683, -0.03152, 0.004248, 0.045992, 0.036789, -0.000251, 0.052642, 0.054373, -0.017477, 0.033854, 0.037832, 0.065681, -0.031158, 0.051211, 0.018511, 0.028099, -0.012583, -0.00842, 0.063808, 0.119481, 0.018394, -0.002544, 0.034413, 0.104262, 0.019736, 0.086012, 0.002205, 0.031604, -0.081204, 0.066424, 0.05131, -0.006012, -0.017373, -0.129731, 0.103082, -0.000623, -0.0, 0.017808, 0.06133, -0.043949, -0.06487, -0.064156, -0.026712, -0.017129, 0.020675, -0.123954, -0.006601, -0.001389, 0.070302, -0.000993, 0.012979, 0.047301, -0.029811, 0.106805, -0.100395, 0.092208, 0.024505, 0.076175, 0.032852, 0.001192, 0.055514, 0.019955, -0.026045, -0.045637, 0.011826, -0.000549, -0.038181, 0.029162, 0.055171, -0.064021, 0.037808, 0.076464, -0.038345, -0.027222, -0.048448, 0.03707, -0.025105, -0.011063, 0.014831, 0.011473, -0.011558, -0.014055, -0.041524, -0.001675, 0.016988, 0.084303, 0.005301, 0.029943, 0.055242, -0.012967, -0.13436, -0.096173, 0.038073, 0.002679, -0.002377, -0.024021, -0.023713, 0.077742, 0.063142, 0.012673, 0.059566, -0.074818, 0.003736, 0.093203, -0.009618, -0.045374, -0.048882, 0.007632, -0.005774, -0.022811, -0.029828, -0.070259, 0.107856, -0.021775, 0.008428, -0.037468, 0.025405, -0.039504, -0.023748, 0.062219, 0.009694, -0.059056, 0.060898, -0.076933, -0.05548, -0.057834, -0.043796, -0.08573, -0.085587, -0.105413, -0.01916, 0.003566, -0.0, -0.03439, 0.005549, 0.043046, 0.025995, 0.014422, 0.000301, -0.015627, 0.06905, 0.024204, -0.03277, -0.088178, -0.054841, 0.014305, 0.078417, -0.005928, -0.004669, 0.02691, 0.052673, -0.04957, -0.047143, -0.025306, 0.055202, 0.077947, -0.029426, -0.023894, -0.066819, -0.016025, -0.056805, 0.036497, -0.008237, 0.065112, -0.038795, 0.004477, 0.027987, 0.108748, -0.076977, -0.017688, 0.01757, 0.00065, -0.071932, -0.058254, 0.11107, 0.041058, 0.075678, -0.002099, -0.038348, -0.085863, -0.04971, -0.022021, -0.104218, 0.115855, -0.010263, -0.021213, -0.05222, 0.018488, -0.00374, 0.003255, -0.028394, -0.012519, 0.029097, 0.029839, -0.06783, -0.012017, -0.011887]","[""ART0026"", ""ART0570"", ""ART0173""]"
ART0257,Stripe Faces Regulatory Scrutiny,Stripe,2023-06-10,AI_ML,2600000000,Investors show strong confidence in the company's growth trajectory and market position.,https://technews.example.com/articles/257,Data Analytics,2002,"Seattle, WA",36348,True,STRI,21,Large,"[-0.042219, -0.013782, -0.06845, -0.008546, 0.001651, 0.031974, 0.054442, 0.019475, 0.027835, 0.002854, -0.011475, 0.048685, -0.059383, 0.00541, -0.002509, -0.02228, 0.029947, -0.057753, -0.048571, -0.007724, 0.00262, -0.102223, -0.008385, 0.046147, -0.038875, -0.022744, -0.014749, 0.053985, 0.034298, -0.0859, -0.039034, 0.095605, 0.035504, -0.013196, 0.025324, -0.036766, 0.047796, -0.019245, 0.030165, -0.021031, 0.093955, -0.06604, -0.041781, -0.008789, 0.044897, -0.052143, 0.037854, 0.040082, -0.072737, 0.039632, -0.043558, -0.100898, 0.067382, -0.066222, -0.055954, -0.059114, -0.044857, -0.004461, 0.091838, -0.021637, 0.040871, -0.040659, -0.004367, 0.091995, 0.032434, 0.053416, -0.075022, 0.059933, 0.020275, -0.009478, 0.044268, -0.059111, -0.043601, -0.008219, 0.03068, 0.018781, 0.054905, 0.086166, 0.060161, -0.082651, -0.002067, -0.055977, 0.009736, 0.063048, -0.011823, -0.02673, 0.023266, -0.044547, 0.015395, 0.008109, 0.102627, 0.077138, 0.004771, -0.023065, -0.110949, 0.076724, -0.10774, -0.090351, -0.012895, 0.038413, 0.068085, 0.070149, -0.083151, 0.083345, 0.001337, -0.057973, 0.062442, -0.005653, 0.012308, 0.070677, -0.002372, 0.044614, -0.011542, 0.025853, 0.02351, -0.009386, -0.084903, 0.101842, 0.113483, 0.029715, 0.003938, 0.108287, 0.000571, -0.008593, -0.003931, 0.027702, -0.0137, -0.0, -0.004398, 0.036201, 0.00615, 0.009337, -0.0336, -0.034481, -0.030157, 0.036437, -0.085911, 0.062763, 0.022322, -0.058206, 0.024021, 0.085993, 0.017129, 0.030865, -0.044173, 0.017631, -0.03337, 0.0323, -0.025916, -0.068777, 0.009179, 0.00955, -0.022157, -0.03929, -0.067397, 0.045585, 0.00512, 0.055888, -0.014219, -0.043877, 0.089356, -0.056208, -0.072967, 0.047001, -0.043896, -0.012156, 0.03565, 0.063369, 0.067504, 0.017372, 0.005012, 0.026367, -0.042645, 0.022579, 0.025041, -0.102657, -0.072937, 0.070511, -0.056898, 0.019568, 0.03405, -0.018671, 0.016734, 0.0367, -0.041428, -0.012916, -0.052118, -0.09933, -0.044742, 0.061829, -0.134927, 0.035075, -0.086919, 0.11261, 0.054917, 0.028628, -0.045806, 0.033529, -0.048253, -0.04292, -0.06291, -0.022211, -0.008919, -0.045402, -0.122198, 0.071936, 0.066075, 0.007207, -0.040973, -0.079184, 0.007136, -0.052379, -0.058573, 0.000501, 0.155459, -0.056084, 0.046171, 0.043555, -0.028774, 0.032079, -0.035557, 0.068494, 0.042265, 0.0, -0.028833, 0.046945, 0.058241, -0.021636, -0.106237, -0.053744, -0.01905, -0.045928, 0.063584, 0.017087, -0.034367, 0.040352, -0.072426, -0.010939, -0.025576, -0.057238, 0.016894, 0.014502, 0.108079, -0.05315, -0.016221, -0.035381, 0.023181, 0.048173, -0.021888, 0.034554, 0.00617, -0.050261, 0.03338, 0.012452, -0.03037, 0.017061, 0.00851, 0.050713, -0.013125, 0.017707, -0.021058, -0.000982, 0.023525, -0.05466, -0.017979, -0.031414, 0.024513, -0.076823, -0.058662, -0.028893, 0.083759, 0.098243, -0.052714, 0.042851, -0.045091, 0.107358, 0.023454, 0.131013, -0.082886, 0.024286, -0.005828, 0.049103, -0.048796, 0.036628, 0.019933, 0.076907, -0.038946, -0.062605, 0.077659, 0.055387, 0.03326, -0.060324, 0.097543, -0.045046, 0.033848, -0.039945, -0.056503, -0.043262, -0.11, 0.022871, -0.027156, -0.102401, -0.060309, 0.020231, -0.002577, 0.020425, 0.018208, 0.037332, -0.041137, -0.005898, 0.013651, -0.03967, -0.020767, 0.028314, -0.024692, -0.032037, -0.085014, -0.04816, -0.016895, -0.0, -0.015777, -0.027733, 0.021536, 0.031624, 0.039964, -0.030326, 0.005234, -0.074932, -0.035668, 0.047833, 0.073265, -0.039901, -0.084222, 0.025969, -0.006519, -0.034659, -0.010238, 0.05204, -0.084982, 0.02511, 0.012402, 0.050796, 0.032614, -0.023805, -0.007158, 0.012683, 0.016794, 0.014746, 0.016981, 0.058812, 0.047554, 0.021147, 0.137253, 0.036645, -0.004727, -0.027362, -0.028996, 0.008677, 0.126878, 0.034019, -0.017224, 0.023337, 0.01469, 0.019664, -0.027505, -0.072072, -0.009319, 0.078749, -0.020499, -0.04916, 0.01647, -0.04047, 0.007204, 0.061891, -0.045747, -0.004468, -0.017347, 0.026418, -0.081943, 0.0441, 0.054659, -0.066237, 0.072956, -0.037089]","[""ART0618"", ""ART0220"", ""ART0416""]"
ART0258,SpaceX Unveils Next-Generation Platform,SpaceX,2023-02-08,SOFTWARE,7000000000,The company demonstrated significant advances in model performance and efficiency.,https://technews.example.com/articles/258,AI/ML,2016,"Berlin, Germany",31018,False,,7,Large,"[0.012093, -0.016316, 0.068317, -0.048873, 0.011501, -0.051558, -0.112685, 0.007871, -0.000422, -0.034352, -0.036503, 0.067379, 0.028511, -0.05522, 0.028221, -0.005077, 0.07205, -0.012433, 0.003384, 0.015155, 0.032117, -0.092863, -0.05436, 0.001109, 0.039845, 0.084643, 0.003516, 0.006608, 0.014379, -0.043286, -0.006132, 0.043887, -0.005565, -0.060365, -0.035365, 0.018775, 0.054095, -0.098573, -0.080065, -0.063312, -0.058701, -0.026018, -0.038151, 0.101058, 0.059312, -0.079839, -0.00993, -0.078193, 0.041017, -0.026422, -0.04004, -0.118558, 0.086332, -0.028739, 0.010161, 0.067067, -0.041595, -0.058505, 0.017539, -0.137437, 0.038612, -0.091898, -0.000964, 0.079972, -0.016153, 0.039831, -0.012788, -0.010956, 0.008413, -0.01826, -0.033097, -0.022642, -0.024199, -0.001938, 0.033223, 0.039494, 0.102515, 0.014287, 0.096442, 0.047769, 0.038459, -0.006741, -0.077188, 0.007867, -0.014995, -0.039302, 0.008051, 0.020844, -0.012932, -0.038998, 0.001136, 0.07988, 0.066815, 0.001512, -0.031649, -0.022743, -0.02327, -0.025212, 0.018536, 0.002775, 0.017433, 0.041456, 0.065187, 0.051905, -0.013506, -0.029434, 0.023221, 0.037936, -0.020212, -0.024269, -0.047837, -0.014236, -0.083063, 0.033132, -0.028688, 0.043865, -0.08576, -0.010698, 0.071466, -0.032688, -0.009313, -0.047884, -0.010642, 0.072065, 0.013297, 0.002873, -0.111947, -0.0, -0.148791, 0.014297, 0.021628, 0.0481, -0.008676, -0.017624, 0.000776, 0.047537, -0.041486, 0.041712, -0.118772, 0.03012, -0.028755, 0.127234, 0.153114, -0.114555, 0.023705, 0.05462, 0.014474, 0.048851, 0.064093, -0.006843, 0.010876, -0.040538, 0.057263, 0.044826, 0.008873, -0.025581, -0.040995, 0.009755, -0.113715, -0.018568, 0.006112, 0.024235, -0.062588, 0.054003, -0.061029, -0.042239, 0.018524, 0.050888, -0.047764, 0.023642, -0.021431, -0.133115, -0.029757, 0.008613, -0.01239, -0.068497, 0.003249, 0.011713, 0.027779, 0.091846, -0.037036, 0.054175, 0.0967, -0.034175, 0.031543, 0.040637, 0.022587, 0.113982, -0.09414, 0.01175, 0.004738, 0.016358, 0.009281, 0.085309, 0.072823, -0.006729, -0.059046, 0.087384, -0.034689, -0.015906, -0.001495, -0.072748, 0.104934, -0.034998, -0.075006, -0.061775, -0.009708, 0.035135, -0.016127, 0.060035, -0.022745, 0.050936, 0.060786, -0.04667, -0.005475, 0.071097, -0.013558, 0.059907, 0.016348, -0.078777, -0.016582, 0.095635, -0.060987, 0.0, -0.006676, -0.046547, 0.034062, 0.023293, -0.029723, 0.041134, 0.014332, -0.012576, -0.037096, -0.006785, 0.052015, 0.056009, 0.063825, 0.010039, -0.00067, 0.086234, -0.035736, -0.120804, -0.034931, -0.105973, 0.080383, 0.036975, 0.005782, -0.012947, -0.044142, -0.02159, 0.067504, -0.046425, 0.008443, -0.036798, -0.073744, 0.030242, 0.058264, 0.078376, 0.101214, 0.087888, 0.003385, 0.04437, 0.031652, -0.049323, -0.010027, 0.005263, -0.031356, 0.028068, -0.027183, 0.065389, -0.033575, 0.027703, 0.080552, 0.017418, -0.020267, -0.010032, 0.0353, -0.043075, -0.050238, -0.015114, -0.018915, 0.072866, 0.073159, 0.005991, 0.056139, -0.019169, 0.00983, -0.038386, 0.014006, -0.067535, -0.067848, 0.034403, -0.058614, 0.080906, 0.009676, 0.034192, -0.098029, 0.031511, -0.012079, -0.013756, -0.001405, -0.061916, 0.054479, 0.023405, 0.009077, 0.041837, 0.066196, 0.029886, -0.018325, 0.01005, -0.005012, -0.051322, -0.029073, -0.033638, -0.002387, 0.03545, -0.061787, 0.106012, -0.009222, -0.0, 0.008512, -0.052411, 0.02707, -0.008305, -0.025021, -0.030709, -0.005549, 0.043297, 0.014553, -0.002515, 0.059834, -0.073577, -0.015819, 0.081418, 0.029592, 0.083111, 0.007374, 0.040781, 0.01945, -0.059697, 0.017826, 0.0716, 0.018107, 0.016444, -0.005845, -0.074523, 0.016187, 0.055873, 0.075825, -0.036145, -0.02163, -0.069816, -0.046218, 0.043108, 0.026912, 0.023108, -0.059332, 0.090697, 0.11937, -0.006198, -0.042876, 0.030609, -0.040141, 0.013209, -0.068719, -0.010804, -0.051963, -0.102828, -0.040666, 0.008221, 0.002596, 0.026372, -0.094146, -0.03256, -0.035888, 0.048402, -0.053623, 0.017159, 0.056511, 0.015379, 0.023583, -0.078367, -0.021425, 0.019087]","[""ART0418"", ""ART0159"", ""ART0168""]"
ART0268,Snowflake Expands into European Market,Snowflake,2022-10-03,AI_ML,2180000000,Platform improvements deliver enhanced performance and new capabilities.,https://technews.example.com/articles/268,Cloud Computing,2012,"London, UK",49545,True,,10,Large,"[0.032589, -0.023944, 0.038475, -0.010144, 0.091697, 0.008631, -0.107894, 0.0654, -0.01472, -0.063429, -0.120222, 0.042937, -0.083353, 0.003661, 0.049933, -0.043308, -0.013473, -0.011857, -0.056246, -0.068553, -0.015755, -0.11441, -0.000181, -0.01012, 0.011887, 0.024551, -0.125794, -0.033692, -0.008991, -0.068573, 0.037875, 0.064681, -0.009073, 0.035953, 0.002589, 0.007736, -0.005961, 0.011985, -0.118769, 0.013027, -0.024042, -0.06019, -0.035948, 0.008685, -0.000445, 0.055902, 0.000893, 0.045905, 0.000702, 0.041003, -0.066285, -0.054682, -0.000152, -0.013717, -0.006917, 0.020282, -0.007856, -0.06226, 0.024143, -0.008951, -0.019327, -0.018677, -0.01117, 0.073613, 0.080391, 0.027686, -0.033819, -0.06, -0.011849, -0.050454, -0.016924, 0.008736, -0.000613, 0.067435, 0.014622, 0.017342, -0.047718, -0.002442, 0.072412, 0.037808, 0.107757, 0.072515, 0.05288, 0.00587, 0.035166, -0.042492, 0.047726, -0.028621, 0.023437, 0.002121, 0.003176, 0.00976, -0.010996, 0.091763, -0.154629, 0.056593, 0.075242, -0.04781, -0.031522, 0.096078, 0.008002, -0.048426, 0.052428, -0.02437, -0.020333, -0.01559, -0.057005, 0.02531, 0.001012, 0.014437, -0.015505, -0.069308, -0.062208, -0.068976, 0.023548, -0.035182, -0.120649, -0.00905, 0.012959, 0.035549, 0.053869, 0.080182, -0.028739, 0.01329, 0.040157, 0.031173, -0.075126, 0.0, -0.007847, -0.00254, -0.01255, 0.009891, 0.0015, -0.070734, 0.017886, 0.054666, -0.048491, -0.003009, 0.028867, 0.06082, -0.103435, 0.043187, 0.084321, -0.04638, -0.005471, 0.026205, -0.052941, 0.056386, 0.04757, -0.035951, 0.058233, 0.052936, 0.048624, 0.008281, 0.013202, 0.023237, 0.058997, 0.039833, -0.010932, -0.03669, -0.030388, 0.027514, -0.037228, -0.037635, -0.061948, -0.134755, 0.019218, 0.066746, -0.047626, -0.024044, -0.059973, -0.050981, 0.027318, -0.012693, 0.045991, 0.022654, 0.039701, -0.022541, 0.028891, 0.071009, 0.050227, 0.035989, 0.086099, 0.026415, -0.008057, -0.028878, 0.051393, -0.00088, -0.064338, 0.023964, 0.011402, 0.017276, -0.021184, 0.031374, 0.124094, 0.092481, -0.04085, 0.020113, 0.03958, -0.037933, 0.105574, 0.072839, -0.019003, -0.01266, -0.048201, -0.052141, 0.050754, -0.019908, -0.044621, -0.021454, 0.007256, 0.007636, -0.064796, -0.022099, 0.036895, 0.024889, 0.014053, -0.006453, -0.088232, -0.005372, -0.000328, 0.041704, 0.017475, -0.0, -0.007944, -0.052896, -0.068896, 0.054212, -0.045679, 0.078234, -0.008737, -0.101372, 0.023834, 0.047311, -0.083466, -0.007094, 0.082266, -0.053796, -0.009591, 0.014818, 0.001948, 0.00838, 0.017073, -0.018585, 0.017454, 0.058818, -0.036001, 0.03779, 0.053678, -0.036029, -0.003786, -0.047407, 0.034578, -0.038221, -0.055715, 0.018088, 0.024645, -0.073561, 0.046105, 0.051698, -0.005937, -0.097202, -0.074091, -0.050077, 0.026573, -0.072182, -0.000506, 0.014517, 0.056698, 0.023536, -0.07666, 0.055616, 0.182641, -0.055949, 0.030778, 0.035412, -0.010946, -0.053704, -0.046588, -0.000395, -0.003829, -0.045325, -0.036029, 0.02257, 0.003702, -0.026701, -0.01592, -0.089412, 0.029333, -0.037356, -0.04737, -0.042253, -0.018107, 0.063268, 0.058137, -0.037423, 0.019246, -0.01572, -0.034843, 0.039327, 0.066046, 0.034482, -0.041419, 0.000828, -0.022335, 0.033702, 0.079331, 0.010879, 0.081444, -0.007915, 0.002378, -0.052974, -0.010815, 0.054628, 0.004602, 0.041471, -0.035744, 0.104809, 0.01698, -0.0, 0.100748, 0.051744, -0.026863, 0.032832, 0.005212, -0.010801, -0.002636, 0.071312, -0.062117, -0.015131, -0.006224, 0.011519, 0.036175, 0.102811, 0.058182, 0.060194, 0.024483, 0.03629, -0.051298, -0.009744, 0.012724, 0.058218, -0.024727, -0.087809, -0.073557, 0.023686, 0.066303, 0.025701, 0.002876, -0.027853, -0.1237, -0.02559, 0.075165, 0.008472, 0.135406, 0.042411, -0.047281, 0.099448, 0.006823, 0.035634, 0.000523, 0.025963, 0.016511, -0.018263, -0.104897, -0.027006, -0.172137, -0.001281, -0.006137, 0.043726, 0.02374, -0.019009, -0.061721, 0.067726, 0.073568, 0.099275, 0.023945, -0.104014, 0.022096, -0.001077, -0.042985, -0.134999, 0.030749, 0.025465]","[""ART0730"", ""ART0421"", ""ART0127""]"
ART0273,Scale AI CEO Discusses Future of AI,Scale AI,2022-11-17,AI_ML,570000000,International expansion strategy focuses on enterprise customers in key markets.,https://technews.example.com/articles/273,AI/ML,2003,"Berlin, Germany",23379,False,,19,Medium,"[0.042363, -0.05816, 0.059091, -0.045698, 0.039436, 0.006294, 0.033555, 0.090523, -0.004567, -0.022109, 0.009461, 0.039505, -0.036215, 0.018117, 0.049941, 0.052992, -0.044935, -0.041853, -0.080866, -0.079944, -0.034481, -0.0744, -0.054806, -0.027237, -0.01156, 0.011402, 0.050615, -0.013193, -0.051976, 0.0189, 0.044647, -0.010736, 0.096658, 0.030183, -0.005702, 0.037696, -0.053574, -0.001366, 0.067846, -0.029186, 0.105235, -0.055095, -0.040208, -0.038128, 0.100908, 0.012661, -0.063238, 0.030962, -0.014478, 0.018171, -0.090349, -0.036624, -0.012517, -0.085799, 0.022335, 0.0176, 0.028894, -0.045172, 0.019, -0.021625, -0.004998, -0.052852, 0.066521, 0.042658, 0.073878, 0.005783, -0.015687, 0.002686, -0.114815, -0.033834, 0.048848, -0.030902, -0.03328, 0.064358, -0.020785, 0.001838, -0.002225, 0.003557, 0.081105, 0.031635, -0.018823, 0.049685, -0.001542, 0.028353, -0.100524, 0.003004, 0.014079, -0.106834, -0.013493, 0.013165, 0.040211, -0.097382, -0.03547, 0.047559, 0.041015, 0.041631, -0.102204, -0.099063, -0.037693, -0.013103, 0.059042, 0.063775, 0.033751, -0.014261, -0.077843, -0.010691, 0.042798, -0.007922, 0.036724, -0.000777, -0.08848, -0.02952, -0.00493, -0.084089, 0.027644, -0.055145, 0.015457, 0.086295, 0.069598, -0.016906, 0.019512, -0.003014, -0.012629, 0.053037, -0.044444, 0.058256, -0.033527, -0.0, -0.154936, -0.014599, 0.009421, 0.068011, -0.001616, 0.008555, 0.030426, 0.000693, -0.057361, -0.041913, -0.089059, 0.078979, 0.012468, 0.024432, 0.045261, -0.033542, 0.058957, 0.105892, 0.048352, -0.032103, 0.089283, -0.058464, 0.042885, 0.02082, 0.053178, -0.05145, -0.008455, -0.029299, 0.011215, 0.010663, -0.030111, 0.037073, -0.098161, -0.019198, -0.04397, 0.085601, -0.049957, -0.02196, -0.023903, 0.054355, -0.015713, 0.075866, -0.05547, 0.010683, -0.025768, 0.020183, 0.067226, -0.027157, 0.04458, -0.038229, -0.052229, -0.023252, 0.035853, -0.089803, 0.138784, -0.001976, 0.00036, -0.056849, 0.011153, -0.051344, -0.024689, -0.055432, -0.103704, 0.134273, 0.001517, 0.068985, 0.039284, -0.007541, 0.039241, 0.037413, 0.089133, 0.027596, 0.032346, 0.016272, -0.133102, 0.014758, -0.077368, -0.034632, 0.063128, -0.023533, -0.092902, 0.036556, 0.018667, 0.009175, 0.056872, -0.004911, 0.056523, 0.006974, 0.027532, 0.048603, -0.0591, -0.016556, -0.011685, 0.084357, -0.056378, 0.0, -0.007614, 0.021195, -0.069129, -0.038643, 0.025767, -0.008348, -0.048565, 0.08403, 0.031174, 0.015364, -0.059742, -0.0012, 0.051342, 0.023799, -0.016651, -0.03941, 0.028048, -0.014882, 0.036875, 0.009354, 0.094421, 0.004652, -0.047539, 0.04064, 0.065231, -0.005737, -0.046795, 0.046869, -0.072328, -0.071121, -0.026879, -0.055428, 0.047234, 0.094494, 0.008659, 0.082642, -0.008939, -0.095593, 0.00625, 0.101779, -0.010944, -0.067536, -0.005127, -0.071027, -0.039552, 0.007153, 0.031032, 0.02316, -0.0281, -0.027954, -0.045525, -0.00247, -0.024918, -0.019981, -0.13496, 0.054637, 0.02693, 0.040542, -0.073994, 0.019751, 0.009737, -0.008117, 0.110018, 0.00561, -0.078852, 0.001301, 0.066567, 0.019655, -0.006216, -0.102756, -0.012821, -0.062308, -0.085448, 0.034057, -0.08161, 0.003792, -0.02154, -0.05857, 0.034571, -0.03943, -0.020399, -0.011477, 0.011165, 0.054061, 0.045928, 0.024394, 0.015842, -0.025887, -0.016296, 0.017894, -0.060556, -0.056567, -0.046984, -0.014249, -0.055068, -0.0, -0.088429, 0.014552, 0.132171, 0.101319, 0.053896, 0.001092, -0.011298, 0.002339, 0.001881, 0.017595, -0.0345, -0.034867, -0.026722, 0.070224, 0.115289, 0.03587, 0.00317, 0.045316, -0.002084, 0.020977, 0.002507, 0.091759, 0.017851, -0.099624, 0.018414, -0.030168, -0.076563, 0.027423, -0.05061, 0.046564, -0.020382, 0.033986, 0.035817, 0.040004, 0.036222, 0.027932, 0.002997, 0.045948, -0.056339, -0.014239, -0.016222, 0.044478, 0.041135, -0.009301, 0.027123, -0.001305, -0.105828, -0.021631, 0.023138, 0.021481, 0.011749, 0.029191, -0.016568, 0.065493, 0.127917, -0.023254, 0.005703, -0.03251, -0.061322, 0.11329, 0.019359, -0.004131, -0.022381, 0.003345]","[""ART0741"", ""ART0414"", ""ART0331""]"
ART0274,Scale AI Expands into European Market,Scale AI,2022-05-17,DATA_ANALYTICS,430000000,Regulatory concerns focus on data privacy and market competition issues.,https://technews.example.com/articles/274,AI/ML,2003,"Berlin, Germany",23379,False,,19,Medium,"[0.011576, -0.034842, -0.004906, -0.007997, 0.077563, 0.092074, -0.011021, 0.031026, 0.007551, 0.001009, -0.005905, 0.045187, 0.00864, -0.028339, 0.025713, -0.001548, -0.021612, -0.042115, -0.127894, 0.013916, -0.000836, -0.055252, -0.034491, -0.014369, 0.008377, 0.010259, 0.058073, -0.083497, -0.021787, -0.02735, -0.00594, 0.003934, 0.074552, 0.050868, 0.00013, -0.102101, -0.041497, -0.027124, -0.013802, -0.009966, 0.031368, -0.116887, -0.087952, -0.009722, 0.056115, 0.069693, 0.030169, 0.010252, -0.056004, -0.017469, -0.093681, -0.008513, 0.001011, -0.03275, -0.059176, -0.118869, -0.011845, -0.011326, 0.018466, 0.078449, 0.009181, -0.031215, 0.036518, 0.060846, 0.044953, 0.047282, -0.06177, -0.013331, -0.016727, -0.059111, 0.03805, -0.04112, -0.017728, 0.081611, 0.075056, -0.019767, -0.069263, 0.018887, 0.103978, 0.014922, -0.003013, -0.06082, 0.003574, 0.076184, -0.013336, -0.037635, 0.007997, -0.08553, 0.024207, -0.035597, 0.024266, -0.060761, -0.010983, 0.080912, 0.034796, 0.00048, -0.064164, -0.02376, 0.049388, -0.001335, 0.000776, 0.054261, -0.031759, 0.070621, -0.052328, 0.041447, 0.081413, -0.057112, 0.073455, 0.023627, -0.042078, -0.01692, -0.018585, -0.05997, 0.053735, -0.0598, -0.039951, 0.050994, 0.064277, 0.052363, -0.053899, -0.029396, -0.047649, 0.039532, 0.013215, 0.069803, -0.114877, -0.0, -0.099964, -0.034649, -0.020333, -0.01838, -0.050282, 0.007818, -0.059122, 0.010088, -0.119254, 0.070589, -0.056596, 0.073655, 0.011235, 0.034029, 0.105322, 0.016669, 0.068803, 0.090453, 0.055252, -0.012991, 0.122383, -0.067578, 0.060462, 0.047107, 0.047211, -0.023989, -0.025908, -0.051046, 0.099561, 0.006056, -0.062252, -0.00867, 0.045508, 0.016042, 0.024076, 0.104749, -0.02249, -0.005708, -0.030066, 0.078825, 0.031432, 0.033731, -0.026305, -0.000824, -0.013085, 0.004388, 9.3e-05, -0.040895, 0.004115, -0.038706, -0.004547, 0.098894, -0.008939, -0.109522, 0.069166, 0.015748, -0.046581, -0.03525, -0.019198, -0.02617, -0.060943, -0.010093, -0.029548, 0.054516, 0.014843, 0.08105, 0.010703, 0.009006, 0.028281, -0.010968, 0.057238, 0.000608, 0.022298, -0.007687, -0.037583, -0.008007, -0.031397, -0.01888, 0.03442, -0.050391, -0.031069, -0.011328, -0.003996, 0.031983, -0.051753, -0.059972, -0.009121, 0.034916, 0.033608, 0.044878, -0.055714, -0.019803, -0.069093, 0.04696, -0.040645, -0.0, -0.11511, -0.005132, -0.103008, -0.022253, 0.018546, 0.035963, -0.046478, 0.029663, 0.089806, 0.065289, -0.033864, -0.079223, 0.061785, -0.045311, -0.010313, -0.018538, -0.014093, 0.001651, 0.01008, 0.004051, 0.048162, 0.02138, -0.01071, 0.057246, 0.096275, -0.03994, -0.12565, 0.006879, 0.115801, -0.003184, -0.06209, -0.024236, 0.008035, 0.02222, -0.046614, 0.030024, 0.021402, -0.01871, 0.026455, 0.008622, -0.035275, -0.039549, -0.084202, -0.011486, 0.019427, -0.006708, 0.041547, 0.059575, 0.016063, -0.02469, 0.053123, 0.055349, 0.03886, -0.044682, -0.105695, 0.059736, 0.079082, 0.012872, -0.046294, 0.086729, 0.055655, -0.00712, 0.007089, 0.013722, -0.03062, -0.024676, 0.006454, 0.037035, -0.015881, -0.07542, 0.015567, -0.142526, -0.039499, 0.051085, -0.069608, -0.001252, -0.007076, 0.019412, -0.000117, 0.101847, 0.049851, -0.038069, 0.058746, -0.003363, 0.106391, -0.000203, 0.049404, -0.111308, -0.032953, 0.018565, -0.094348, -0.046357, -0.100915, -0.019364, -0.059584, -0.0, -0.009918, -0.018645, 0.082054, 0.101744, 0.045725, 0.000275, -0.023679, 0.057642, -0.092968, 0.008614, 0.040575, -0.026449, -0.043777, 0.003629, 0.081146, 0.039472, 0.01453, -0.048367, 0.039836, 0.103248, 0.017841, 0.060586, -0.095708, -0.072225, 0.027664, -0.006436, -0.000742, 0.05689, -0.054927, 0.060824, -0.01343, -0.004849, 0.08085, 0.060767, -0.045641, -0.009792, -0.00115, 0.075071, -0.082466, -0.057939, 0.004289, 0.063629, 0.026508, -0.026068, 0.0165, 0.025718, -0.039111, -0.07718, 0.080752, 0.023871, 0.024577, -0.046309, 0.067001, 0.045592, 0.129138, -0.000454, -0.001232, -0.041501, -0.045432, 0.034583, 0.058029, 0.017347, -0.013696, -0.0325]","[""ART0393"", ""ART0587"", ""ART0628""]"
ART0318,Stripe Announces Breakthrough in Large Language Models,Stripe,2022-03-08,AI_ML,1700000000,Strategic acquisition strengthens competitive position and technology capabilities.,https://technews.example.com/articles/318,Data Analytics,2002,"Seattle, WA",36348,True,STRI,20,Large,"[-0.03098, -0.056814, -0.015223, -0.051804, -0.068036, 0.073158, -0.008, 0.029641, 0.097414, -0.008142, 0.023304, 0.060543, 0.016461, 0.087519, 0.077981, -0.002464, -0.019849, -0.007946, 0.012894, -0.084172, -0.005257, -0.035768, 0.070334, -0.003136, 0.027644, -0.011253, -0.030368, -0.067589, 0.072229, -0.095413, -0.020821, 0.081936, 0.083693, 0.044758, -0.004695, 0.059841, -0.001132, -0.056353, 0.058935, -0.043934, 0.009754, -0.09071, -0.023864, -0.019676, 0.08577, -0.105432, -0.000123, 0.093745, -0.085152, 0.055656, -0.066423, -0.087274, 0.043984, 0.005851, -0.006569, 0.021641, 0.015888, 0.036682, 0.00807, -0.054415, -0.065223, -0.046117, -0.039737, 0.032322, -0.04399, 0.024343, -0.031367, 0.122201, -0.057619, 0.045989, -0.008543, -0.016538, 0.009745, 0.029046, 0.083887, -0.017275, 0.101788, 0.07443, 0.031874, -0.051736, -0.038195, -0.046893, -0.017392, 0.007835, -0.00466, 0.01528, -0.023813, -0.056111, 0.051957, -0.06739, -0.0271, 0.005042, 0.036743, -0.011213, -0.109292, 0.010899, -0.092956, -0.065441, 0.017564, 0.042967, 0.072285, 0.074121, 0.031388, -0.014595, -0.030462, -0.051408, 0.043061, 0.016614, 0.036787, 0.000439, 0.00401, -0.008601, -0.026052, 0.021799, 0.010512, -0.03635, -0.107595, 0.019069, 0.121009, 0.029238, -0.031687, 0.065168, -0.057158, -0.017775, -0.042128, 0.048967, 0.008941, -0.0, 0.081839, 0.082956, -0.016547, 0.110477, -0.009541, -0.018388, 0.034979, 0.040942, -0.113538, -0.039138, 0.000686, 0.013779, 0.001232, 0.122407, 0.028091, -0.004912, -0.039325, 0.060776, 0.031435, 0.04227, 0.01745, 0.002126, 0.075447, -0.017082, 0.010698, -0.021163, 0.012608, 0.003243, -0.037976, 0.049181, -0.059362, -0.072536, 0.057318, -0.035508, 0.000521, 0.010759, -0.002139, -0.10789, 0.077776, 0.029582, 0.020971, 0.032097, -0.016125, -0.011582, -0.087606, 0.053263, 0.032395, -0.087854, -0.005354, -0.011007, -0.018715, -0.01972, 4.3e-05, 0.039683, 0.068437, 0.027513, -0.043265, 0.007918, -0.002235, -0.013331, -0.025802, 0.030614, 0.025298, 0.08088, 0.066389, 0.016727, 0.016256, 0.007302, 0.041096, -0.020625, -0.047099, -0.036364, -0.041168, -0.008749, -0.00838, -0.091215, -0.014599, -0.036539, 0.138101, 0.011384, -0.103834, -0.085665, 0.023196, -0.068399, -0.006382, 0.027035, 0.125843, -0.180633, 0.018245, 0.046958, -0.107508, 0.018869, -0.06346, 0.021533, 0.091959, -0.0, -0.022377, 0.052303, 0.028935, 0.010086, -0.071507, -0.092647, -0.024822, 0.012197, -0.004568, -0.032183, 0.010933, 0.02131, 0.013999, -0.001367, 0.042165, -0.045873, 0.045257, -0.000937, 0.156898, 0.027352, 0.027486, -0.017207, -0.0392, 0.048081, 0.003961, -0.013701, -0.072992, -0.0498, 0.01492, 0.027108, -0.01006, -0.01372, -0.031829, 0.057884, -0.036811, 0.036729, 0.041331, -0.007877, 0.051905, -0.022627, 0.012982, -0.059609, -0.032329, -0.061915, -0.000399, -0.044346, -0.015391, 0.050124, -0.054099, -0.002262, 0.006406, 0.068977, 0.011064, 0.01142, -0.116432, -0.025441, 0.0329, -0.018739, -0.013189, -0.004379, -0.029191, 0.045622, 0.00031, -0.100785, 0.053518, 0.000567, 0.030609, 0.028685, 0.02006, -0.064525, -0.002273, 0.004199, -0.079484, 0.029306, -0.132006, -0.018436, -0.07004, -0.091392, -0.052922, -0.023653, -0.002985, 0.045282, 0.02819, 0.01195, 0.052016, 0.037417, 0.00672, -0.022576, -0.021386, 0.002244, -0.063547, -0.022046, -0.041785, 0.054596, -0.078795, -0.0, -0.118657, 0.036582, -0.028095, 0.056673, 0.026179, -0.055508, -0.155069, -0.033472, 0.006602, 0.002556, -0.034781, -0.002524, -0.056605, 0.019634, 0.050225, 0.031997, 0.021882, 0.049853, -0.070484, 0.024348, 0.04325, 0.06283, 0.044541, -0.029792, -0.032376, 0.007283, -0.029664, 0.035469, 0.050699, -0.036836, 0.071856, -0.00682, 0.053973, 0.042099, 0.131666, 0.000937, 0.000921, -0.014478, 0.078374, 0.059704, 0.055696, 0.039276, -0.052856, 0.062737, -0.030307, -0.016645, -0.078474, -0.035837, -0.008595, -0.012681, 0.040644, 0.013198, -0.027475, 0.028307, -0.020289, -0.015291, 0.060606, -0.017128, 0.02529, 0.060371, 0.067833, -0.033407, 0.063442, -0.044458]","[""ART0592"", ""ART0500"", ""ART0030""]"
ART0322,Meta AI Launches New AI-Powered Product,Meta AI,2023-10-06,AI_ML,1500000000,Investors show strong confidence in the company's growth trajectory and market position.,https://technews.example.com/articles/322,Data Analytics,2001,"Seattle, WA",20240,True,,22,Medium,"[0.016487, -0.078158, -0.005831, -0.006337, 0.058502, -0.001383, 0.029428, 0.079601, 0.009986, 0.017211, -0.064216, 0.059482, -0.020566, -0.051336, 0.008397, 0.034036, 0.037128, -0.085738, -0.05685, -0.03651, 0.058477, -0.026397, 0.065208, -0.022419, -0.041593, 0.062413, -0.028081, 0.010153, -0.011666, -0.032061, 0.016136, -0.006601, 0.036056, -0.023505, -0.009884, 0.032444, 0.005264, 0.054266, 0.055956, -0.014471, -0.005278, -0.083818, 0.008314, -0.032906, 0.062204, 0.017731, 0.000781, 0.010956, 0.091119, 0.023824, -0.181288, -0.071765, -0.004871, -0.010707, -0.020726, 0.046498, -0.031792, -0.062613, 0.024498, -0.039105, 0.060532, -0.045457, 0.067403, 0.003416, 0.094919, 0.041282, -0.044141, -0.005797, -0.0134, -0.080648, 0.084373, 0.020447, -0.032811, 0.028331, -0.021303, 0.079141, -0.006285, 0.01537, 0.13932, -0.004719, 0.026515, 0.000377, -0.010411, 0.039732, -0.095284, 0.00054, 0.071957, -0.01605, 0.038065, 0.012399, 0.018377, 0.005717, -0.052716, 0.045774, -0.053116, 0.057854, -0.087127, -0.108508, -0.039768, 0.071469, 0.026837, -0.000603, -0.014402, 0.006262, -0.068633, -0.027453, -0.017556, -0.013548, 0.046996, 0.082383, -0.023308, 0.007202, -0.007349, -0.032272, 0.040062, 0.056671, -0.091535, 0.089113, 0.065145, 0.051405, 0.041064, 0.019765, 0.029814, 0.082349, 0.004003, 0.012753, -0.095058, -0.0, -0.084493, 0.03515, 0.089877, 0.090111, -0.003963, -0.04987, 0.001067, 0.013223, -0.060257, -0.022101, -0.048318, 0.033844, -0.064051, 0.062041, 0.06907, -0.06699, 0.02509, -0.020387, 0.013547, -0.068983, 0.079866, -0.060951, 0.002255, 0.011397, 0.01149, -0.000487, -0.020601, 0.013723, -0.006019, 0.038419, -0.037281, -0.026151, -0.028739, -0.046825, -0.095751, -0.025859, -0.060281, -0.037691, 0.017852, 0.08696, 0.025164, 0.058412, -0.032238, -0.003303, -0.055238, -0.042015, -0.039913, -0.05442, -0.007959, 0.017593, -0.079422, -0.000916, -0.010266, -0.050972, 0.061975, -0.010058, -0.063932, 0.000511, 0.009204, -0.052771, -0.030077, 0.019132, -0.086832, 0.106458, -0.098289, 0.133823, 0.076272, 0.008866, 0.00312, 0.106083, 0.048057, -0.042078, -0.040958, -0.042297, -0.051664, -0.005077, -0.045747, -0.104911, 0.014579, 0.004961, -0.026013, 0.021317, -0.078701, 0.049068, -0.00879, -0.04004, -0.033084, -0.024673, 0.018781, -0.026537, 0.034928, -0.006085, -0.0055, 0.125621, -0.08118, 0.0, -0.069385, -0.001468, -0.014528, -0.011983, 0.009405, 0.032354, -0.029488, -0.02734, 0.016047, 0.060625, -0.038821, 0.016946, 0.013069, 0.045474, -0.012345, -0.03336, 0.096655, -0.056381, 0.086886, 0.004886, 0.083003, 0.044755, -0.033916, 0.026144, 0.033855, -0.015113, -0.008395, 0.056661, -0.030336, -0.002545, 0.022748, -0.020943, -0.012292, 0.042678, 0.022865, 0.069109, -0.008755, -0.149881, 0.026197, 0.034972, 0.021307, -0.045157, -0.002076, -0.027556, -0.076152, -0.012894, 0.048638, 0.050624, 0.064127, -0.035915, 0.010239, 0.009989, -0.051313, -0.109554, -0.107278, 0.012725, 0.010961, 0.033345, -0.051742, 0.040169, -0.035622, -0.030143, -0.015249, -0.074178, -0.084195, 0.07232, 0.008732, -0.000462, 0.025959, -0.083685, 0.071074, 0.000814, -0.021164, 0.01755, -0.084707, 0.021682, 0.007489, -0.02631, -0.03926, -0.023972, 0.01509, 0.033454, 0.027664, -0.082602, -0.004026, 0.027069, -0.059407, -0.001769, -0.073393, 0.087332, -0.0088, -0.007501, -0.058466, 0.044795, -0.054187, -0.0, -0.01115, 0.006517, 0.14117, 0.074855, 0.079759, -0.002365, -0.011325, -0.048034, 0.043032, -0.098431, 0.047179, -0.003537, -0.013386, 0.120758, 0.064221, 0.035829, -0.009324, 0.07108, -0.021941, -0.035853, 0.081785, 0.045639, 0.077184, -0.083148, 0.016173, -0.065482, -0.023296, -0.057016, -0.055187, 0.110098, -0.00668, 0.03121, 0.067251, 0.042701, 0.023532, 0.02534, -0.020174, 0.001471, -0.058309, -0.080355, 0.036239, 0.091811, -0.031826, -0.041634, -0.030536, -0.005868, -0.053396, -0.080867, 0.03623, -0.037999, 0.049924, -0.031637, 0.006826, 0.058596, 0.061169, 0.088545, -0.060473, -0.046714, -0.067472, -0.007229, 0.058539, -0.006753, 0.044862, 0.012089]","[""ART0459"", ""ART0472"", ""ART0559""]"
ART0350,Scale AI Reports Record Revenue Growth,Scale AI,2023-10-18,FINTECH,760000000,Financial results exceed analyst expectations across all key metrics.,https://technews.example.com/articles/350,AI/ML,2003,"Berlin, Germany",23379,False,,20,Medium,"[0.022591, -0.046569, -0.070532, 0.031117, -0.035474, -0.025707, -0.029963, 0.094729, 0.011988, 0.043746, -0.035262, 0.019075, -0.010226, -0.005278, -0.009091, 0.007791, -0.033226, -0.026274, -0.083606, -0.031434, 0.055854, -0.008292, -0.012543, -0.012298, 0.06556, -0.015417, -0.070129, -0.014074, -0.035421, -0.037182, -0.0185, -0.021047, 0.111269, 0.058559, -0.00713, -0.015095, -0.009893, 0.013915, 0.076871, -0.018086, 0.028839, 0.020089, 0.016825, -0.022272, 0.036713, -0.034916, -0.050788, -0.039727, -0.031775, 0.095915, -0.204988, 0.055535, 0.000108, -0.00763, 0.007423, -0.012351, -0.011003, -0.027007, 0.017044, -0.022416, -0.065552, 0.008109, 0.065044, 0.019626, 0.070958, 0.044656, -0.051759, 0.002542, -0.115055, 0.058211, 0.00522, -0.070608, -0.076105, 0.051332, 0.04376, -0.000138, -0.065918, 0.036785, 0.043059, -0.006535, -0.05626, -0.023547, -0.013888, 0.039451, 0.021949, -0.013117, 0.07865, -0.067283, 0.051235, 0.029687, 0.028459, -0.023131, -0.024211, 0.032554, 0.038966, 0.006804, -0.116061, -0.150727, 0.037522, 0.037093, 0.036799, 0.054205, 0.04222, -0.008184, -0.041701, -0.030975, 0.059259, 0.005937, 0.024851, -0.013713, 0.029358, 0.066128, -0.018818, -0.021821, 0.072418, -0.042295, -0.080037, 0.083453, 0.020348, 0.066977, -6.9e-05, 0.039751, -0.029498, 0.06493, -0.035208, 0.091655, -0.036911, 0.0, -0.07445, -0.085126, 0.075548, -0.089559, -0.006016, 0.045432, -0.040874, 0.010106, -0.026239, 0.026084, -0.054594, 0.17111, 0.014619, -0.016551, 0.054999, 0.031508, 0.006436, 0.125532, 0.005641, -0.008272, 0.106477, -0.145174, 0.038459, -0.009742, 0.034053, 0.001617, -0.035015, 0.016116, -0.058048, 0.004608, -0.012755, 0.016893, 0.010856, -0.050433, -0.063552, -0.043793, -0.027269, 0.047023, 0.003482, 0.078795, -0.003752, 0.036216, 0.009755, -0.052441, -0.05998, 0.058502, 0.073516, -0.013081, -0.008286, -0.058941, -0.04399, -0.029427, 0.03629, -0.063199, 0.056951, 0.081657, 0.037182, -0.011812, -0.003791, -0.0136, -0.019965, -0.024074, -0.055804, 0.042459, -0.094738, 0.112577, 0.020973, 0.073251, 0.058227, 0.071693, 0.100629, -0.013789, 0.011735, 0.007236, -0.025292, -0.070059, -0.00235, -0.041456, 0.04845, 0.027835, -0.067439, 0.011121, 0.021037, -0.049348, 0.029972, -0.001183, -0.023853, 0.005949, 0.032516, 0.048941, -0.022727, -0.026949, -0.049548, 0.05043, -0.103726, -0.0, -0.058787, 0.007355, -0.015987, 0.022129, 0.000848, 0.016359, -0.003492, 0.032225, 0.035252, 0.038786, 0.011333, 0.007605, -0.027689, -0.001082, 0.006844, -0.096533, 0.047661, -0.025829, 0.032879, -0.05183, 0.06187, 0.05601, -0.054417, 0.098432, 0.051387, 0.016719, -0.083516, 0.065675, -0.042929, -0.064552, 0.015949, -0.007021, -0.019344, 0.061013, 0.029051, 0.014369, 0.038704, -0.106492, -0.011016, 0.034343, 0.025067, -0.024693, -0.026437, -0.037162, 0.051446, -0.013393, 0.01809, 0.020755, 0.018617, -0.016534, -0.021853, 0.018585, -0.044975, 0.03389, -0.135486, 0.052959, -0.02503, -0.014863, -0.06712, 0.047307, -0.013981, -0.024025, 0.02675, 0.04051, -0.070113, 0.008421, 0.063737, -0.025119, 0.025492, -0.053015, 0.006231, -0.092487, 0.042673, 0.045381, -0.105063, 0.084712, -0.054913, -0.021851, 0.041074, -0.025189, 0.053657, 0.013419, 0.029461, 0.028079, -0.019679, 0.031304, 0.036394, -0.049775, -0.04613, 0.079555, -0.058104, -0.08414, -0.074146, 0.008932, -0.016457, -0.0, -0.030686, 0.058837, 0.071383, 0.041234, 0.079585, -0.007766, -0.029732, 0.060199, -0.01759, -0.006979, 0.03044, -0.112851, -0.081785, 0.063064, 0.060801, -0.036525, 0.016295, 0.004361, 0.000159, -0.037134, -0.030299, 0.066093, -0.006275, -0.10736, 0.017536, -0.107664, -0.090958, 0.080012, -0.047526, -0.003943, -0.007472, 0.001865, 0.060843, 0.022066, 0.029759, -0.016512, 0.039104, 0.049128, -0.034619, -0.018601, 0.011094, 0.035998, 0.059478, -0.004139, 0.008917, 0.035241, -0.053038, 0.039172, 0.05953, -0.064494, 0.12873, -0.044617, 6.4e-05, 0.047027, 0.073925, 0.027313, -0.057956, -0.029076, -0.067468, 0.041493, 0.106829, -0.103723, -0.028107, -0.004843]","[""ART0678"", ""ART0211"", ""ART0376""]"
ART0359,Scale AI Raises Series D Funding Round,Scale AI,2022-07-10,DATA_ANALYTICS,500000000,Leadership outlines vision for responsible AI development and deployment.,https://technews.example.com/articles/359,AI/ML,2003,"Berlin, Germany",23379,False,,19,Medium,"[-0.013145, -0.037077, 0.043763, 0.002089, 0.034238, 0.01847, -0.067211, 0.01683, 0.022186, 0.07118, -0.03867, 0.024482, 0.006697, -0.00221, -0.017462, 0.017834, -0.066603, -0.000718, -0.096895, -0.038192, -0.006151, 0.013159, 0.009437, -0.007482, 0.018438, 0.024077, 0.031794, -0.054889, -0.002071, 0.011891, 0.039647, 0.00102, 0.092701, -0.013665, -0.010405, 0.070471, 0.060656, 0.032288, 0.010818, -0.008093, 0.00507, -0.008318, 0.016855, 0.000187, 0.013963, 0.031001, -0.086569, -0.006038, -0.05945, -0.06451, -0.011086, -0.085322, -0.025038, -0.010878, -0.032345, -0.007619, 0.061702, -0.064257, 0.047619, -0.014513, -0.028975, -0.006496, 0.026276, -0.002657, 0.038775, 0.012812, -0.021837, -0.034625, -0.02463, -0.055604, 0.084342, 0.023293, 0.033649, -0.022174, 0.06421, 0.044007, 0.00204, -0.029615, 0.148235, -0.029326, 0.034193, 0.039412, 0.018291, 0.118413, -0.04174, 0.012729, 0.064684, -0.122867, 0.037506, 0.052585, -0.015618, -0.066831, -0.028153, 0.027905, -0.074344, 0.024951, -0.090627, -0.069338, -0.063066, 0.004094, 0.040284, -0.003687, 0.031191, -0.088619, -0.022664, 0.037684, 0.096765, -0.043431, 0.073555, -0.046619, -0.002558, -0.021668, 0.026158, 0.033501, 0.041619, -0.043161, -0.036393, 0.031723, 0.050576, -0.059746, 0.057823, -0.044631, 0.022265, -0.008521, 0.055163, 0.030057, -0.038002, -0.0, -0.050265, 0.005421, 0.023605, 0.032823, 0.043736, -0.056129, -0.018748, 0.000949, -0.090662, -0.022731, -0.089802, 0.029478, -0.02013, 0.078862, -0.007501, -0.15028, 0.07387, 0.088501, -0.02714, 0.005437, 0.046995, -0.0761, -0.004477, 0.003236, 0.106388, -0.021764, 0.006891, 0.017117, 0.003591, 0.028449, -0.079389, 0.033569, -0.035448, -0.028851, -0.067919, 0.025993, -0.028332, -0.038488, -0.044026, 0.067653, 0.02745, 0.033002, -0.042676, -0.023569, 0.003352, 0.036251, 0.032807, -0.046667, -0.023902, -0.035057, -0.033716, 0.02167, 0.02194, -0.115648, 0.053191, -0.025789, 0.016725, -0.019255, 0.016393, -0.032499, -0.000233, -0.073727, -0.110871, 0.188777, 0.013831, -0.015293, 0.021432, 0.025122, 0.070809, 0.05559, 0.025744, -0.003032, -0.003045, 0.012128, -0.104708, -0.040688, -0.012069, -0.047402, 0.069743, 0.015226, -0.11634, -0.000547, -0.035229, 0.004896, 0.067066, -0.035787, -0.017797, 0.02811, -0.007005, 0.012734, -0.055305, -0.067336, -0.020142, 0.057317, -0.059233, 0.0, -0.027428, 0.041583, -0.052639, -0.017502, 0.079009, 0.021751, -0.036453, 0.010704, 0.10947, 0.027607, -0.025001, -0.027507, -0.07698, 0.037901, 0.023475, -0.076734, -0.011721, -0.085727, 0.038325, -0.004056, 0.088474, -0.004145, -0.031902, 0.056688, 0.071905, 0.013347, -0.061387, 0.091061, -0.0153, 0.04358, 0.020448, -0.085156, 0.017007, 0.082981, -0.026912, 0.062713, 0.062645, -0.122588, -0.043154, 0.061296, 0.001599, -0.050013, -0.010642, -0.021619, -0.003311, -0.024145, 0.036416, 0.066134, -0.068971, -0.032958, -0.062314, 0.003402, -0.003777, 0.012755, -0.07737, 0.051562, 0.093444, 0.068649, -0.040304, 0.027136, -0.019606, -0.060734, 0.053368, -0.019868, -0.10121, 0.024837, 0.052042, 0.04832, -0.044038, -0.030245, -0.034315, -0.030068, -0.002126, 0.03799, -0.128603, -0.089673, -0.013649, 0.001063, 0.042671, 0.043538, -0.00132, -0.047789, -0.004546, 0.046972, 0.020983, 0.029829, 0.068322, 0.015763, -0.006836, 0.128466, -0.086968, -0.023455, -0.036704, 0.03168, -0.06418, -0.0, -0.045672, 0.070536, 0.017323, 0.059684, 0.087624, -0.023891, -0.060418, 0.036875, -0.006402, 0.050573, 0.006049, -0.015988, 0.01143, 0.050003, 0.093001, 0.003448, -0.028884, 0.023568, -0.064097, -0.049372, 0.030278, 0.066255, -0.047964, -0.055239, -0.043477, -0.039432, -0.099003, 0.103574, -0.076087, 0.053693, 0.024573, 0.067362, 0.000605, 0.018943, 0.091155, 0.011779, -0.008883, 0.025322, 0.053783, 0.002778, 0.005669, 0.088243, 0.055384, -0.00096, -0.013993, 0.043721, -0.13636, 0.00495, 0.003431, -0.036272, 0.007654, 0.024212, -0.000292, 0.095626, 0.102422, 0.071754, -0.008729, -0.052237, -0.074178, 0.052312, 0.087981, -0.058933, 0.031158, -0.043059]","[""ART0415"", ""ART0003"", ""ART0001""]"
ART0370,Scale AI Unveils Next-Generation Platform,Scale AI,2022-12-25,SECURITY,570000000,Company reaches important financial milestone ahead of schedule.,https://technews.example.com/articles/370,AI/ML,2003,"Berlin, Germany",23379,False,,19,Medium,"[-0.01873, -0.002427, -0.014405, -0.004166, 0.046489, -0.018471, -0.070261, 0.06158, 0.005982, -0.021009, -0.03987, -0.039315, -0.029043, 0.004873, -0.02392, -0.013367, -0.043137, -0.043606, -0.100743, -0.056692, -0.014875, -0.033221, -0.013002, -0.004603, 0.054242, 0.073071, -0.023199, -0.040204, 0.015888, -0.015704, 0.043725, 0.004753, 0.083063, 0.054149, -0.03721, 0.052874, -0.016288, -0.052657, -0.004856, -0.062766, -0.005688, -0.067093, -0.026617, -0.007058, 0.096465, -0.000534, -0.035, -0.006233, -8.2e-05, 0.035776, -0.111322, -0.106513, 0.018678, -0.01889, -0.056106, 0.072111, 0.082649, -0.0407, 0.007919, -0.058511, -0.026644, -0.054833, 0.056234, 0.033808, 0.071286, 0.066397, -0.0018, -0.02313, -0.022184, -0.012564, 0.088229, -0.073857, 0.025782, 0.059192, 0.017089, 0.02873, 0.0054, 0.024451, 0.116022, 0.032403, -0.026161, -0.01226, 0.000814, 0.084428, -0.042078, -5.1e-05, 0.001829, -0.018373, 0.05674, 0.018216, 0.015603, 0.010875, 0.014681, 0.020073, -0.015417, -0.003025, -0.102872, -0.103724, 0.004059, 0.025185, 0.01793, 0.052909, 0.05161, 0.000863, -0.016318, -0.001883, 0.089898, -0.008208, 0.062583, -0.051531, -0.022026, -0.028364, 0.022344, -0.030754, 0.049177, -0.004319, -0.055614, 0.064162, 0.058115, 0.006436, 0.049096, 0.015168, -0.056737, 0.012035, -0.02637, 0.047249, -0.047329, 0.0, -0.121663, 0.010292, 0.071488, 0.022404, -0.013564, -0.03447, -0.009892, 0.032044, -0.106411, 0.03783, -0.055439, 0.092023, -0.038805, 0.04796, 0.078327, -0.17289, 0.056874, 0.045145, 0.043923, -0.010138, 0.081529, -0.116124, -0.007444, -0.020075, 0.062299, -0.025575, -0.019087, -0.047739, 0.014164, -0.001756, -0.018442, 0.025777, -0.07125, -0.052642, -0.083164, -0.002891, -0.059448, -0.051616, -0.011409, 0.073021, 0.005843, 0.036184, -0.04183, -0.04371, -0.030632, 0.024191, 0.058101, -0.016317, -0.013577, -0.097994, -0.017631, 0.024993, 0.00253, -0.072808, 0.087949, 0.007556, 0.020723, -0.040404, -0.003786, -0.04192, -0.0061, -0.059144, -0.076552, 0.10341, -0.052259, 0.100571, 0.039577, 0.041871, 0.067917, 0.063582, 0.074986, -0.026956, 0.047961, 0.017241, -0.025266, 0.011812, -0.0193, -0.086511, 0.030243, 0.06899, -0.070625, 0.06657, 0.007997, -0.003304, 0.096257, -0.040957, 0.007923, 0.000156, -0.01118, 0.063753, -0.062159, -0.01511, -0.01389, 0.142545, -0.039725, -0.0, -0.03276, -0.020334, -0.043936, -0.023297, 0.031596, -0.001526, -0.045869, 0.007937, 0.033739, 0.109535, -0.050579, -0.005034, 0.029488, -0.030111, 0.011954, -0.009793, -0.033215, -0.041058, 0.046078, -0.026331, 0.079732, 0.030719, -0.068285, 0.042823, 0.08725, -0.020918, -0.063824, -0.037189, -0.040023, -0.066796, -0.026959, -0.079221, 0.048964, 0.037609, 0.082714, 0.053117, 0.008822, -0.115326, -0.030874, 0.034862, 0.04196, -0.03348, -0.083486, -0.041041, -0.011502, -0.027551, 0.008613, 0.077744, 0.008757, -0.054279, 0.004505, 0.05035, 0.005074, -0.069596, -0.093993, 0.08587, 0.004778, 0.021604, -0.036018, 0.019671, 0.001273, -0.077455, 0.025928, 0.01395, -0.030857, 0.000163, 0.069335, 0.068579, -0.084897, -0.072009, -0.028644, -0.03761, 0.015376, 0.080165, -0.106554, -0.059893, -0.034505, -0.062733, 0.068555, -0.040621, 0.01806, -0.003815, 0.036344, 0.067928, 0.0405, 0.019711, 0.037299, -0.053811, -0.022716, 0.089909, -0.065357, -0.019347, -0.063571, 0.044384, -0.055182, -0.0, -0.007993, -0.009079, 0.056551, 0.043192, 0.089618, -0.037034, -0.027158, 0.023545, -0.02216, 0.043974, -0.014666, -0.087716, -0.007712, 0.103385, 0.076438, 0.052616, 0.05954, -0.011333, 0.002905, -0.035035, 0.065004, 0.048705, -0.014528, -0.059304, -0.038074, -0.108489, -0.030088, 0.084884, -0.032945, 0.048392, -0.028571, -0.003713, 0.045601, 0.035697, 0.051754, 0.006893, 0.002046, 0.06641, -0.003277, -0.015838, 0.005237, 0.068765, 0.040913, 0.022944, -0.003956, -0.011941, -0.128637, -0.027197, 0.057888, -0.044554, 0.051969, -0.005311, 0.008615, 0.102517, 0.101375, -0.005574, -0.005755, -0.031521, -0.012031, 0.06787, 0.113854, -0.081249, -0.010797, -0.041109]","[""ART0051"", ""ART0315"", ""ART0092""]"
ART0387,Elastic Unveils Next-Generation Platform,Elastic,2023-02-17,AI_ML,1100000000,New product features leverage cutting-edge AI technology to solve customer problems.,https://technews.example.com/articles/387,Cybersecurity,2016,"San Francisco, CA",24508,True,ELAS,7,Medium,"[-0.030904, 0.011134, 0.059718, -0.018777, 0.090597, -0.045349, -0.016382, -0.010655, -0.025663, -0.018365, -0.028282, 0.004874, 0.03111, -0.010751, 0.048875, 0.023434, 0.001093, -0.063765, -0.06838, -0.023644, 0.04034, 0.02312, -0.066971, -0.049638, -0.029665, 0.06538, 0.03468, -0.022274, 0.01171, -0.046661, 0.082373, -0.036815, 0.044983, 0.056408, -0.02935, 0.039693, -0.080437, -0.063534, -0.023567, -0.020515, 0.0039, -0.053603, -0.09914, -0.036142, 0.115814, -0.011084, 0.001302, 0.00221, 0.058516, 0.046766, -0.11219, -0.07788, 0.044009, -0.016997, -0.028997, 0.065996, 0.031328, 0.021008, -0.000766, -0.00501, 0.12511, -0.109899, 0.090925, 0.05414, 0.0083, 0.087672, -0.057802, -0.001883, -0.072497, -0.01403, 0.018599, 0.041708, -0.024061, 0.068218, 0.025773, 0.02308, 0.065018, 0.024126, 0.137828, 0.049051, -0.039419, -0.090032, -0.063241, 0.023649, -0.030793, -0.025287, -0.005484, -0.056192, 0.008059, -0.028275, 0.035156, -0.013627, 0.109818, -0.020123, 0.033865, -0.004385, -0.070114, 0.002233, -0.040783, 0.045881, -0.058919, 0.061478, 0.031922, -0.013965, -0.054105, -0.031837, 0.051776, 0.007325, 0.018268, 0.009864, -0.021583, -0.040486, 0.02962, -0.036388, 0.031402, -0.014611, -0.043591, 0.033399, 0.083613, 0.08381, 0.021413, 0.003855, -0.051431, 0.036857, 0.012076, 0.116668, -0.091014, 0.0, -0.102564, 0.026039, -0.017193, -0.062565, 0.039042, -9.1e-05, -0.015107, 0.095324, -0.053606, -0.004204, -0.097848, 0.028617, 0.004001, 0.076443, 0.098901, -0.089663, -0.00242, 0.04358, 0.017735, -0.046, 0.029597, -0.077909, 0.034042, 0.051534, 0.001433, -0.021336, 0.089639, -0.037013, 0.136705, -0.008655, -0.060067, 0.005948, -0.017417, 0.035969, -0.072002, 0.060107, -0.059321, -0.017957, -0.04575, 0.085849, 0.000185, 0.019133, -0.003731, -0.00886, -0.069876, -0.014854, 0.030715, -0.002672, -0.000475, -0.014751, -0.077556, 0.016492, 0.091833, -0.004106, 0.035965, -0.062898, -0.008987, 8.8e-05, 0.038015, -0.041059, -0.024386, -0.02675, 0.06382, 0.058991, -0.036747, 0.060813, 0.055906, 0.046098, 0.063906, 0.029228, 0.031318, 0.03705, 0.035278, -0.005855, -0.023776, -0.03284, -0.053352, -0.071241, 0.059668, -0.067775, -0.040633, 0.033152, 0.019871, -0.007607, 0.056556, -0.058295, 0.007313, -0.040611, 0.006502, -0.013905, -0.064476, 0.038185, -0.026752, 0.143778, 0.054997, -0.0, -0.10624, -0.038355, -0.055945, 0.059148, 0.013265, 0.00615, -0.045305, -0.018401, -0.035612, 0.048184, 0.003915, -0.037748, -0.004298, -0.014714, 0.000655, 0.042712, -0.045286, -0.069416, 0.090284, -0.058048, -0.008022, 0.005762, -0.044868, -0.002835, -0.005112, -0.013009, -0.035766, -0.048944, -0.033409, -0.061593, -0.059439, -0.026181, 0.004868, 0.062971, 0.048918, 0.090141, -0.007703, 0.012372, 0.026452, 0.00941, 0.049496, -0.064573, -0.07463, -0.002007, -0.022285, -0.007729, -0.001421, 0.02068, 0.010108, -0.021731, -0.031163, -0.012376, 0.02833, -0.042049, -0.11044, 0.048796, 0.014342, 0.061176, -0.054709, 0.070217, -0.033526, -0.025455, 0.060749, -0.026576, 0.041021, -0.088197, 0.048246, 0.018493, -0.125852, -0.049209, -0.054961, -0.023447, -0.006102, 0.044906, -0.015032, -0.038602, -0.060522, -0.104918, -0.037575, -0.020287, 0.030173, -0.033031, 0.060896, 0.048702, 0.006682, 0.023429, 0.004772, 0.019666, -0.038137, 0.045601, -0.082831, 0.027009, -0.070726, 0.035504, -0.082709, -0.0, -0.006189, -0.054211, 0.088718, 0.038062, 0.09817, 0.009633, -0.025452, 0.060993, -0.054373, -0.041884, -0.034406, -0.066568, -0.054763, 0.108774, 0.071637, 0.046813, 0.039168, 0.077846, 0.015738, -0.017306, 0.05095, 0.038182, 0.058216, -0.015771, 0.030054, -0.072293, -0.010369, 0.045195, 0.038225, 0.012276, -0.110395, -0.034246, 0.075879, -0.010736, 0.055572, 0.040062, -0.025192, 0.016184, -0.114531, -0.004103, 0.016079, 0.07258, -0.021019, -0.022693, 0.03801, -0.036695, -0.050186, -0.056196, 0.048378, 0.055261, 0.006047, -0.042294, 0.054585, 0.100494, 0.059129, -0.049316, 0.022671, -0.054703, 0.096377, 0.103387, 0.072313, -0.06318, 0.023854, -0.020104]","[""ART0496"", ""ART0722"", ""ART0590""]"
ART0392,Meta AI Faces Regulatory Scrutiny,Meta AI,2023-08-08,AI_ML,1400000000,Leadership outlines vision for responsible AI development and deployment.,https://technews.example.com/articles/392,Data Analytics,2001,"Seattle, WA",20240,True,,22,Medium,"[0.044485, -0.018639, -0.010268, -0.01557, 0.086252, 0.042604, -0.004183, -0.025341, -0.016592, 0.034936, -0.080925, -0.01562, -0.002169, 0.032845, -0.012276, 0.015579, -0.002311, -0.034531, -0.090603, -0.058597, 0.049944, 0.030976, 0.021225, -0.025822, -0.091527, 0.036082, -0.045604, -0.03376, 0.010747, -0.029026, 0.026796, -0.047502, 0.039908, 0.002674, -0.035434, 0.080393, 0.062996, 0.041011, 0.075593, -0.036746, -0.002469, -0.03516, -0.03839, -0.069253, 0.027871, 0.029759, -0.013786, -0.100493, -0.039315, -0.032459, -0.102247, -0.077745, -0.006798, 0.036864, -0.027622, 0.007788, 0.047096, -0.093467, 0.054699, -0.041935, -0.010052, -0.012813, 0.002119, 0.020718, 0.036427, 0.053839, -0.059449, -0.037035, 0.007184, -0.08329, 0.069255, 0.054812, 0.001284, 0.01861, 0.016106, 0.115351, 0.024073, 0.044346, 0.161961, -0.03828, 0.090507, 0.052207, 0.039939, 0.119588, -0.010968, -0.037631, 0.041122, -0.068272, 0.012876, 0.062409, 0.020007, -0.071266, 0.094491, 0.044393, -0.01671, 0.070435, -0.061904, -0.072551, -0.063132, 0.018324, 0.005928, -0.038868, -0.045998, -0.026744, -0.047755, 0.034614, 0.097477, -0.045486, 0.007847, 0.023302, -0.008871, 0.000479, 0.007671, -0.034506, 0.083091, 0.082615, -0.073416, 0.137583, 0.084238, -0.027501, 0.014969, -0.00926, 0.04532, 0.064109, 0.112347, 0.021492, -0.08356, -0.0, -0.02997, 0.061963, 0.034045, 0.027195, 0.047659, -0.031518, 0.009139, 0.00135, -0.025526, 0.006437, -0.005313, -0.010195, -0.061515, 0.019666, -0.020623, -0.059499, 0.009227, 0.02538, -0.040619, -0.039411, 0.042167, -0.096281, -0.010797, -0.006322, 0.03611, -0.035205, -0.038358, -0.017635, 0.046, 0.076871, -0.105547, 0.011942, 0.011616, 0.023468, -0.019823, 0.039836, -0.065128, -0.015228, -0.018484, 0.052802, 0.025641, 0.057019, -0.030324, 0.007155, 0.012307, -0.053888, -0.022325, -0.082369, 0.006769, 0.030872, -0.071029, 0.008326, 0.04863, -0.078271, 0.035911, -0.019774, 0.022117, 0.020238, -0.058396, -0.02984, 0.014865, -0.009943, -0.145517, 0.204252, 0.012178, 0.00396, -0.021759, 0.029698, 0.076687, 0.021359, -0.026578, 0.007003, -0.030677, 0.00404, -0.11229, -0.049453, -0.064955, -0.044105, 0.001966, -0.019824, -0.058824, 0.033879, -0.08175, 0.070567, 0.023239, -0.070678, 0.006411, 0.033492, 0.066476, 0.051337, -0.038948, -0.006628, -0.015886, 0.106654, -0.097548, 0.0, -0.049671, 0.004866, -0.017773, 0.000781, 0.031795, -0.000431, -0.041923, -0.069496, 0.091902, 0.010532, -0.039914, -0.02802, -0.044656, 0.021473, 0.014706, -0.065391, 0.004743, -0.066738, 0.034222, 0.004609, 0.078418, 0.053566, -0.019085, 0.052502, 0.000416, 0.015629, -0.009206, 0.047943, 0.069685, 0.062078, 0.009025, 0.004825, -0.017133, 0.04756, -0.036888, 0.050339, -0.003177, -0.108265, 0.019256, 0.046799, -0.017855, -0.024992, -0.018057, -0.023695, -0.015191, -0.000501, 0.045038, 0.046098, -0.020316, -0.047619, -0.076052, -0.019193, -0.070719, -0.062035, -0.070464, 0.001893, 0.064576, 0.050111, -0.001262, 0.064379, 0.020917, 0.018485, 0.015226, -0.032088, -0.075944, 0.074018, 0.032285, 0.009282, 0.002416, -0.003426, 0.012433, -0.092183, -0.11848, 0.035929, -0.063076, -0.016742, -0.051942, -0.015153, -0.054915, 0.053701, 0.038434, -0.023196, -0.006986, -0.008699, 0.020825, 0.01367, -0.024451, -0.011127, -0.01922, 0.064075, -0.017758, -0.048653, -0.068995, -0.007183, -0.097839, -0.0, -0.01044, 0.062352, 0.023031, 0.088378, 0.030268, 0.010638, -0.031182, -0.102821, 0.03272, -0.015578, 0.022379, -0.020896, 0.015067, 0.022186, 0.063367, -0.005652, -0.033334, 0.094501, -0.023076, -0.034369, 0.045352, 0.023032, -0.005238, -0.048316, 0.016115, -0.045622, -0.063535, 0.03194, -0.028781, 0.159559, 0.029224, 0.081069, 0.024099, 0.016078, 0.037984, -0.004871, -0.023702, -0.008998, 0.005356, -0.049817, 0.017156, 0.138104, 0.048897, -0.017518, 0.014422, 0.066315, -0.034384, -0.00767, 0.006139, -0.041097, 0.007001, -0.046404, 0.056872, 0.102693, 0.046498, 0.071274, -0.006522, -0.050278, -0.084532, 0.001148, 0.100681, 0.046333, 0.050263, -0.097944]","[""ART0308"", ""ART0031"", ""ART0327""]"
ART0411,NVIDIA CEO Discusses Future of AI,NVIDIA,2022-04-09,DATA_ANALYTICS,17800000000,Major partnership validates technology and opens new revenue opportunities.,https://technews.example.com/articles/411,AI/ML,2017,"London, UK",22031,False,,5,Medium,"[-0.067686, -0.008956, 0.015431, -0.029026, 0.020772, 0.003094, -0.027077, 0.039976, 0.034762, -0.044077, -0.089507, 0.048613, -0.04028, 0.037647, -0.031072, 0.094594, 0.03491, -0.035435, -0.044353, -0.059094, -0.017518, -0.062494, -0.005079, -0.054601, -0.027123, 0.0444, 0.024884, -0.062542, -0.035474, -0.007212, 0.052557, -0.017224, 0.074036, 0.02337, -0.06833, 0.032128, -0.040341, -0.017942, 0.020086, -0.10317, 0.049597, -0.102921, -0.03338, -0.01264, 0.080215, 0.011456, -0.006034, -0.054624, 0.010961, -0.009969, -0.120629, -0.108891, 0.043815, -0.081277, -0.011319, 0.10162, -0.02, -0.126698, 0.030655, -0.035536, 0.088996, -0.078694, 0.021968, 0.079267, 0.093327, 0.00955, 0.012039, 0.018865, -0.117749, -0.009495, 0.046202, 0.002372, 0.010286, -0.05282, -0.03016, 0.044025, -0.005413, 0.038798, 0.137833, -0.09755, 0.049996, 0.074938, 0.021506, 0.025847, -0.045435, 0.037823, 0.008616, -0.038057, -0.003558, -0.064359, -0.045475, -0.073444, 0.01868, 0.004796, -0.034934, 0.072757, -0.060859, -0.106952, -0.031061, 0.007933, -0.02104, 0.014711, 0.018996, 0.013374, -0.022534, 0.041939, 0.042647, 0.014145, 0.04885, 0.041281, -0.028965, 0.031086, -0.040575, -0.006042, 0.000755, 0.051127, -0.07223, 0.066394, 0.064825, -0.034551, -0.043675, -0.015359, -0.013696, 0.007839, 0.05125, 0.014737, -0.060361, -0.0, -0.044489, 0.011799, 0.049766, 0.028702, 0.053679, 0.061463, 0.042618, 0.022053, 0.016627, -0.051853, -0.081184, 0.039728, 0.001055, 0.054889, -0.02046, -0.08269, -0.039053, 0.071744, 0.02538, -0.003354, 0.102894, 0.020365, -0.008557, 0.026718, 0.01434, -0.029787, -0.031315, -0.027674, 0.098797, 0.026521, -0.065837, 0.053139, -0.055614, -0.055209, 0.034607, 0.09028, -0.070467, -0.015295, -0.011687, 0.106432, 0.009786, 0.084507, -0.084655, -0.066365, -0.112545, -0.025005, 0.036548, -0.048108, 0.007905, -0.028157, -0.073166, 0.014211, -0.020967, -0.087517, 0.116918, -0.009312, -0.02575, -0.011801, 0.016075, -0.019928, -0.073181, -0.051118, -0.102007, 0.016153, -0.034058, 0.115527, 0.117235, 0.061196, 0.02561, 0.035423, 0.017962, 0.029597, -0.060505, -0.029553, -0.054731, 0.010349, -0.073229, -0.012489, 0.008508, 0.013743, -0.024815, 0.011944, 0.039825, 0.014654, 0.066421, 0.015908, 0.018603, 0.052428, -0.025926, 0.019376, -0.065794, 0.020795, 0.05652, 0.091817, 0.022407, -0.0, 0.01254, 0.03644, -0.000768, 0.006823, 0.067522, -0.027636, -0.032729, -0.02662, 0.045753, 0.033687, 0.03631, 0.095189, 0.047889, 0.026644, -0.038679, -0.068749, -0.021095, -0.076675, -0.014131, -0.093399, 0.046277, 0.046607, -0.091981, -0.011753, 0.019254, 0.05419, 0.01022, 0.024231, -0.025205, 0.008499, -0.038155, -0.018153, -0.041582, 0.07239, 0.119445, 0.052063, 0.045837, -0.094964, -0.00827, 0.016216, 0.083607, -0.004688, 0.036628, -0.032204, -0.023672, 0.029743, -0.050216, 0.037221, 0.009909, -0.001893, 0.006899, 0.004873, -0.044604, 0.019581, -0.059285, 0.038641, 0.05575, 0.083727, 0.020046, 0.012295, -0.015891, 0.014113, 0.036657, -0.032206, -0.026783, 0.040688, 0.024801, 0.059385, 0.057411, -0.058025, 0.021645, -0.088532, -0.101815, -0.004055, -0.124416, 0.028845, 0.009711, -0.091892, 0.038949, 0.016483, 0.041431, -0.044322, 0.078137, 0.020379, 0.033218, 0.041031, 0.042204, -0.092835, 0.01829, -0.027932, -0.088195, -0.053369, -0.064438, 0.039349, -0.068741, -0.0, 0.021301, -0.030584, 0.047538, 0.046094, 0.076052, -0.039895, -0.080366, -0.032085, 0.034661, 0.04468, 0.078239, -0.055995, -0.048073, 0.020454, 0.102456, 0.011548, 0.045711, 0.047398, -0.006869, 0.004095, -0.031724, 0.034622, 0.007397, -0.029958, -0.054164, -0.036482, 0.057674, -0.034767, -0.002483, 0.058989, -0.030097, 0.033103, 0.089891, 0.00741, 0.050203, -0.049864, 0.039908, 0.01252, 0.104028, -0.01647, 0.014269, 0.08953, 0.009913, -0.017884, -0.012751, -0.026152, -0.032479, -0.094294, -0.030344, 0.026517, -0.074862, 0.0487, -0.00674, 0.05424, 0.04047, -0.017653, -0.023111, -0.060091, -0.042057, 0.009183, 0.057841, -0.048875, 0.069512, 0.013053]","[""ART0456"", ""ART0708"", ""ART0583""]"
ART0412,MongoDB Releases Open Source Framework,MongoDB,2022-03-21,AI_ML,1080000000,Leadership outlines vision for responsible AI development and deployment.,https://technews.example.com/articles/412,SaaS,2008,"Austin, TX",16952,False,MONG,14,Medium,"[0.012583, -0.00297, -0.026862, 0.04195, 0.090516, -0.032795, -0.103575, 0.00197, 0.02027, 0.071092, -0.048874, 0.017195, 0.029166, -0.01973, 0.010195, 0.083103, -0.017448, -0.041927, -0.019264, -0.058547, -0.061074, 0.009734, 0.048055, 0.015205, -0.041476, -0.003614, -0.024322, -0.062831, -0.014161, -0.032113, 0.016691, -0.013646, 0.091503, 0.007256, -0.069878, 0.120105, 0.076944, -0.034521, -0.007437, -0.091497, -0.030877, -0.030377, -0.043585, -0.030615, 0.077034, 0.015512, -0.050945, -0.003617, 0.020562, -0.024228, -0.04921, -0.145491, -0.012861, 0.03083, 0.019687, 0.097565, 0.025957, -0.0711, 0.003362, -0.01535, 0.046778, -0.024994, -0.052229, 0.052545, 0.033364, 0.044084, -0.005608, 0.04925, 0.00452, -0.09648, 0.069074, 0.027793, -0.015027, -0.033507, -0.016718, 0.049484, 0.023453, -0.052448, 0.114201, 0.043371, -0.036799, 0.000935, 0.000895, 0.078643, -0.02394, -0.021558, 0.070964, -0.051029, -0.015145, 0.045959, -0.029494, -0.027756, 0.078667, 0.029508, -0.023625, 0.040563, -0.004705, -0.017646, -0.01245, 0.015657, -0.040958, -0.002661, 0.041457, -0.085342, -0.009897, 0.087973, 0.094723, -0.027335, -0.038609, 0.00471, 0.018358, -0.012001, -0.049572, -0.050423, 0.024643, 0.02922, -0.091794, 0.021884, -0.012955, 0.023397, 0.042227, 0.055033, 0.049946, -0.014652, 0.025055, 0.035649, -0.036558, -0.0, 0.060313, -0.000434, 0.057574, 0.005946, 0.104813, 0.00942, -0.01169, 0.008273, -0.116523, 0.007864, -0.033624, 0.05691, -0.01533, -0.003336, 0.080549, -0.110001, 0.021599, 0.11559, 0.046901, -0.005655, 0.012941, -0.057064, -0.066936, 0.024628, 0.100541, 0.033591, 0.002715, -0.014096, 0.068621, 0.03817, -0.055093, 0.045617, -0.089397, 0.02774, -0.023103, 0.008703, -0.115564, -0.065808, -0.015483, 2.2e-05, 0.034245, 0.068455, 0.010488, -0.037299, -0.011563, 0.018493, 0.044534, -0.064399, 0.078652, -0.013039, -0.098878, -0.017454, 0.01041, 0.018605, 0.090881, -0.033745, 0.052635, -0.033283, -0.004497, -0.038739, -0.039745, 0.008515, -0.088102, 0.093354, 0.05598, -0.029194, -0.028753, 0.022839, 0.046883, 0.067585, 0.019362, 0.038129, -0.01442, 0.001297, -0.047548, -0.037697, -0.056041, -0.069866, 0.017605, -0.001335, -0.064107, -0.026484, -0.053005, 0.049031, 0.037078, 0.04899, -0.001613, 0.041094, 0.032276, 0.050175, -0.034904, 0.022022, -0.038448, 0.004797, -0.082598, 0.0, 0.008326, -0.046285, 0.018502, 0.007399, 0.099098, -0.021547, -0.099678, 0.000394, 0.059802, -0.00614, -0.009976, -0.072066, -0.002068, -0.028037, -0.012778, -0.076402, -0.019096, -0.139815, -0.035097, -0.027923, -0.037708, 0.034303, -0.019855, 0.009213, 0.086828, -0.034508, -0.069191, -0.028746, -0.007739, 0.044529, -0.030514, -0.037994, -0.075072, 0.012365, -0.003458, 0.014063, 0.022026, -0.016131, 0.022301, 0.041651, 0.005394, 0.003589, -0.08257, -0.085767, 0.001166, 0.005485, -0.068209, 0.106005, -0.051357, -0.077409, -0.085469, 0.007534, 0.021086, -0.075478, -0.025168, -0.045583, 0.068601, 0.029316, 0.04688, 0.052383, -0.007202, -0.000843, 0.020686, 0.024303, -0.044818, 0.016845, -0.051313, 0.07103, -0.047349, -0.003246, 0.002166, -0.068263, -0.049093, 0.081444, -0.048378, -0.032326, -0.054372, -0.033742, 0.003421, 0.024338, 0.092052, -0.038421, 0.090338, 0.049772, 0.032999, -0.047423, 0.043597, -0.059619, -0.039603, 0.088335, -0.108166, 0.040489, -0.117468, 0.108086, -0.069942, -0.0, -0.077397, 0.072919, 0.023022, 0.027466, 0.058133, 0.062437, 0.017306, -0.008581, 0.052696, 0.06848, -0.008999, -0.00492, -0.00821, 0.007791, 0.037741, 0.029961, 0.017974, 0.010386, -0.008803, -0.04103, 0.098928, 0.027518, -0.009248, -0.050318, 0.000233, -0.062527, -0.029582, 0.086547, -0.051343, 0.043089, -0.00071, 0.056388, 0.09451, 0.006137, 0.140006, 0.077308, -0.003471, 0.019335, 0.002092, 0.022442, -0.022325, 0.125905, 0.011303, -0.025769, -0.035621, -0.036467, 0.042102, 0.008026, 0.022735, -0.052301, -0.003387, -0.024206, 0.052856, 0.113435, 0.069917, 0.075568, 0.030857, -0.083032, 0.00695, 0.011007, 0.074706, -0.091586, 0.079985, -0.005401]","[""ART0009"", ""ART0090"", ""ART0008""]"
ART0413,Palantir Launches New AI-Powered Product,Palantir,2022-05-15,AI_ML,1550000000,Investors show strong confidence in the company's growth trajectory and market position.,https://technews.example.com/articles/413,Cloud Computing,2005,"Berlin, Germany",42306,True,,17,Large,"[0.020001, -0.05471, 0.004696, 0.007521, 0.022441, -0.006319, 0.008649, 0.071986, 0.039795, 0.067726, -0.025301, 0.052967, -0.040457, -0.032752, 0.035532, 0.019033, 0.049551, -0.098165, -0.024234, -0.027643, 0.075506, -0.027218, 0.038044, -0.018707, -0.050253, 0.036245, -0.001969, 0.022521, 0.035975, -0.080795, 0.028617, 0.044361, 0.095614, -0.032165, -0.000121, 0.038098, 0.041703, 0.037465, 0.043213, -0.027691, -0.000585, -0.086474, 0.000847, 0.029083, 0.035966, -0.00077, -0.017644, 0.060371, 0.075505, -0.008166, -0.131288, -0.052475, 0.062849, -0.123805, -0.102491, -0.02844, -0.011958, -0.006851, 0.105582, -0.05511, 0.09401, -0.022331, 0.034371, -0.011116, 0.035928, -0.02644, -0.040043, -0.011786, 0.009624, 0.003914, 0.07421, -0.015221, 0.021927, -0.050902, -0.072008, -0.000903, 0.037199, -0.036637, 0.059687, -0.00392, 0.025183, -0.032919, -0.007749, 0.041332, -0.084936, 0.053771, 0.057684, -0.024197, 0.016645, -0.03461, 0.023735, 0.004205, -0.028759, 0.047891, -0.042789, 0.070201, -0.063274, -0.090204, -0.029549, 0.063162, 0.038781, -0.006815, -0.041664, -0.027676, -0.08102, -0.021847, -0.027863, -0.03632, 0.093778, 0.074937, -0.10239, 0.01104, -0.017187, 0.061677, 0.035175, 0.034566, -0.117191, 0.06857, 0.027565, 0.04011, 0.067831, -0.038801, 0.039115, 0.076321, -0.023641, 0.000776, -0.040944, -0.0, -0.020034, 0.015091, 0.098049, 0.067986, -0.050757, -0.03649, -0.038375, 0.010586, -0.111824, 0.002458, -0.096894, -0.013994, -0.064082, 0.125322, 0.070189, -0.075843, -0.046859, 0.033004, 0.049363, -0.066933, 0.022632, -0.030859, -0.059915, 0.047119, 0.045124, 0.083072, 0.069704, 0.015626, 0.018614, 0.013641, -0.002015, 0.026398, -0.045367, -0.01471, -0.115038, -0.026294, -0.089656, -0.060471, -0.001568, 0.072577, 0.013349, 0.045911, -0.027829, 0.010371, -0.049517, -0.036566, -0.011682, -0.025958, -0.028531, -0.035719, -0.095639, 0.043133, 0.017412, 0.007973, 0.031128, -0.071359, -0.084003, -0.01711, 0.058494, -0.104454, -0.02822, -0.014465, -0.062229, 0.026163, -0.106754, 0.097754, 0.057799, 0.030998, 0.006497, 0.124592, 0.056855, -0.024908, -0.038307, -0.038829, 0.028625, 0.039415, -0.0655, 0.012292, -0.01403, 0.023698, -0.025218, 0.003916, -0.004956, 0.03613, -0.002018, -0.03791, -0.086226, -0.047238, -0.014552, 0.014069, 0.026384, -0.044255, -0.078726, 0.136004, -0.073106, 0.0, -0.047288, 0.011421, 0.017528, 0.016493, -0.002163, -0.001039, -0.05466, -0.002903, 0.02306, 0.006344, -0.013863, 0.007921, 0.094756, -0.008586, -0.04535, 0.058267, 0.115067, -0.053944, 0.035137, -0.051633, 0.014828, 0.012025, -0.040297, -0.036679, 0.047808, 0.020633, -0.008826, 0.009872, -0.04926, -0.016893, 0.070139, -0.025504, -0.021599, 0.109144, 0.021858, 0.06269, -0.048943, -0.087448, -0.007395, 0.043906, 0.018601, -0.033713, -0.002524, -0.026564, -0.026532, -0.038232, 0.069568, -0.004623, 0.043568, 0.015071, 0.023138, 0.022698, -0.002243, -0.070962, -0.029819, 0.035033, 0.025594, 0.079523, -0.065219, 0.03055, 0.026596, -0.015592, 0.009879, -0.058079, -0.081434, 0.048351, 0.05417, 0.064714, 0.083153, -0.055421, 0.078771, 0.034542, -0.011574, 0.072463, -0.108197, 0.019292, -0.000334, -0.106391, -0.027983, -0.062481, -0.044519, -0.001325, 0.052798, -0.055379, 0.003177, 0.046775, 0.011393, -0.008338, -0.010848, 0.09942, -0.022586, 0.007589, -0.053199, 0.066117, 0.009913, -0.0, 0.012157, -0.027949, 0.10664, 0.031834, -0.003378, -0.007302, 0.001915, -0.009826, -0.026108, -0.062953, 0.033141, -0.061879, -0.021006, 0.063007, 0.074793, -0.001192, 0.045504, 0.067039, -0.023005, -0.079689, 0.052707, 0.035119, 0.073182, -0.057202, -0.025984, -0.051291, -0.007437, -0.066498, -0.011227, 0.038903, -0.024753, 0.047349, 0.058, 0.006245, 0.053764, 0.096542, -0.071421, -0.000843, 0.006831, -0.036429, 0.062691, 0.070746, -0.058747, -0.006828, -0.015075, -0.034884, -0.05676, -0.118966, 0.020787, -0.04024, 0.031903, 0.046789, 0.020735, 0.066873, 0.071223, 0.094027, -0.10215, -0.022278, -0.020498, -0.029323, 0.035561, -0.053504, 0.009619, 0.008037]","[""ART0537"", ""ART0329"", ""ART0037""]"
ART0442,Tesla Launches New AI-Powered Product,Tesla,2023-04-04,AI_ML,90000000000,Regulatory concerns focus on data privacy and market competition issues.,https://technews.example.com/articles/442,Cloud Computing,2008,"London, UK",5691,True,,15,Small,"[-0.057182, 0.003678, -0.00391, 0.022083, 0.033499, 0.049669, -0.010673, 0.018466, -0.013749, -0.011055, 0.007189, 0.070376, 0.071015, -0.0525, 0.023519, 0.039399, 0.028686, -0.074251, -0.08378, 0.027469, 0.06653, 0.003294, 0.002452, -0.003341, 0.003763, 0.031152, 0.052627, -0.042778, -0.011569, -0.046537, -0.012805, -0.044389, 0.042182, 0.025339, 0.011596, -0.03631, -0.023983, -0.034247, 0.00275, -0.065896, 0.02858, -0.15388, -0.113881, -0.012707, 0.046397, 0.100237, 0.088496, -0.025304, 0.011855, -0.06032, -0.09644, -0.038834, 0.048831, -0.057463, -0.07254, -0.103728, -0.000359, -0.041568, 0.03365, 0.08534, 0.052651, -0.076128, 0.01758, 0.046433, 0.062661, 0.005711, -0.05207, -0.008702, -0.006074, -0.063913, 0.096169, -0.001919, 0.009784, 0.027974, 0.002873, -0.036306, -0.018051, 0.017115, 0.09802, -0.015677, 0.044363, -0.080851, -0.025569, 0.076615, -0.023634, 0.005653, -0.029445, 0.007734, -0.028217, -0.016427, -0.026008, -0.041892, 0.038247, 0.057595, -0.013533, 0.02441, 0.005739, -0.049791, 0.025063, -0.009573, -0.006917, 0.040927, -0.035881, 0.048111, -0.040256, 0.002496, -0.000828, 0.001894, 0.04524, 0.052986, 0.048001, -0.030259, -0.057542, -0.042467, -0.020819, 0.012561, -0.060395, 0.071221, 0.056995, 0.068655, -0.06525, -0.01779, 0.040991, 0.068944, 0.033109, 0.009268, -0.142411, -0.0, -0.097239, -0.01922, -0.033839, -0.001607, -0.008723, 0.022652, -0.05555, 0.040162, -0.071439, 0.074029, 0.014669, 0.054562, 0.017376, 0.056783, 0.051728, -0.028343, -0.025081, -0.022531, 0.030195, -0.0622, 0.117843, -0.074393, 0.038992, 0.074326, 0.069473, -0.030797, 0.013506, -0.064431, 0.064171, 0.027373, -0.068108, 0.047603, 0.044078, -0.001122, 0.047455, 0.091807, -0.047126, -0.024997, -0.028717, 0.086041, 0.052263, 0.025775, -0.054825, -0.059507, -0.047822, 0.030998, -0.006337, -0.054531, 0.004886, 0.004321, -0.033581, 0.090839, -0.029651, -0.104542, 0.054231, -0.052411, -0.045732, -0.003836, 0.031286, -0.018011, -0.087088, 0.074561, -0.014641, 0.051864, -0.070763, 0.088494, 0.013756, -0.021825, 0.005356, 0.074746, 0.050627, -0.039129, -0.013994, -0.048196, 0.017582, 0.006028, -0.050529, -0.012048, 0.025003, -0.079122, 0.028298, -0.00422, 0.005515, 0.080153, -0.005286, -0.06454, -0.06569, 0.04096, -0.024635, 0.021379, 0.01603, 0.009942, -0.063692, 0.038709, -0.066621, 0.0, -0.104552, -3.8e-05, -0.01985, -0.009991, 0.066512, 0.01105, -0.05852, -0.023711, 0.08601, 0.101265, -0.004283, -0.02619, 0.035598, -0.01231, 0.023383, 0.047281, -0.056782, -0.048923, -0.036895, -0.013947, 0.007659, 0.054152, 0.010139, 0.02786, 0.038438, -0.026686, -0.087189, 0.025292, 0.155433, 0.01708, -0.066955, -0.069222, -0.013909, 0.015088, -0.044955, -0.007631, 0.026988, 0.01917, 0.052748, -0.053005, 0.029203, -0.04165, -0.084993, 0.001951, -0.021378, -0.039179, 0.003317, 0.03246, 0.044522, 0.03926, 0.053519, 0.02484, 0.051925, -0.018436, -0.106338, -0.003014, 0.121463, 0.070769, -0.008995, 0.075081, 0.082071, -0.033152, 0.025497, -0.003932, -0.043772, -0.069822, 0.024491, 0.035151, 0.008507, -0.051731, 0.021068, -0.104125, -0.028163, -0.008653, -0.05806, 0.048373, -0.012354, -0.013411, -0.049017, 0.026586, 0.102353, 0.0213, 0.059375, 0.004326, 0.117568, 0.034429, 0.022626, -0.078847, -0.010096, 0.032426, -0.077648, 0.004626, -0.119642, 0.03768, -0.102695, -0.0, 0.015911, -0.066063, 0.074628, 0.053723, 0.084543, -0.010569, -0.014066, -0.021151, -0.026242, -0.043143, 0.109074, -0.007841, -0.029176, 0.019842, 0.043498, -5.5e-05, 0.027703, 0.004989, 0.029331, 0.090911, -0.006188, 0.014277, -0.080191, 0.004082, 0.030667, 0.006522, 0.010425, -0.023792, 0.02116, 0.033538, -0.038069, -0.002912, 0.077469, 0.018455, -0.10632, -0.043694, -0.019184, -0.000762, -0.069969, -0.026224, 0.025832, 0.035456, -0.003303, -0.012088, -0.073998, -0.010093, -0.058567, -0.150369, 0.057612, 0.089747, -0.000418, -0.083992, 0.069147, 0.016123, 0.105865, 0.054407, -0.014325, -0.031993, -0.035764, -0.014541, 0.097321, 0.015896, 0.046787, -0.010148]","[""ART0245"", ""ART0545"", ""ART0400""]"
ART0456,NVIDIA CEO Discusses Future of AI,NVIDIA,2023-10-31,DATA_ANALYTICS,45000000000,Major partnership validates technology and opens new revenue opportunities.,https://technews.example.com/articles/456,AI/ML,2017,"London, UK",22031,False,,6,Medium,"[-0.067686, -0.008956, 0.015431, -0.029026, 0.020772, 0.003094, -0.027077, 0.039976, 0.034762, -0.044077, -0.089507, 0.048613, -0.04028, 0.037647, -0.031072, 0.094594, 0.03491, -0.035435, -0.044353, -0.059094, -0.017518, -0.062494, -0.005079, -0.054601, -0.027123, 0.0444, 0.024884, -0.062542, -0.035474, -0.007212, 0.052557, -0.017224, 0.074036, 0.02337, -0.06833, 0.032128, -0.040341, -0.017942, 0.020086, -0.10317, 0.049597, -0.102921, -0.03338, -0.01264, 0.080215, 0.011456, -0.006034, -0.054624, 0.010961, -0.009969, -0.120629, -0.108891, 0.043815, -0.081277, -0.011319, 0.10162, -0.02, -0.126698, 0.030655, -0.035536, 0.088996, -0.078694, 0.021968, 0.079267, 0.093327, 0.00955, 0.012039, 0.018865, -0.117749, -0.009495, 0.046202, 0.002372, 0.010286, -0.05282, -0.03016, 0.044025, -0.005413, 0.038798, 0.137833, -0.09755, 0.049996, 0.074938, 0.021506, 0.025847, -0.045435, 0.037823, 0.008616, -0.038057, -0.003558, -0.064359, -0.045475, -0.073444, 0.01868, 0.004796, -0.034934, 0.072757, -0.060859, -0.106952, -0.031061, 0.007933, -0.02104, 0.014711, 0.018996, 0.013374, -0.022534, 0.041939, 0.042647, 0.014145, 0.04885, 0.041281, -0.028965, 0.031086, -0.040575, -0.006042, 0.000755, 0.051127, -0.07223, 0.066394, 0.064825, -0.034551, -0.043675, -0.015359, -0.013696, 0.007839, 0.05125, 0.014737, -0.060361, -0.0, -0.044489, 0.011799, 0.049766, 0.028702, 0.053679, 0.061463, 0.042618, 0.022053, 0.016627, -0.051853, -0.081184, 0.039728, 0.001055, 0.054889, -0.02046, -0.08269, -0.039053, 0.071744, 0.02538, -0.003354, 0.102894, 0.020365, -0.008557, 0.026718, 0.01434, -0.029787, -0.031315, -0.027674, 0.098797, 0.026521, -0.065837, 0.053139, -0.055614, -0.055209, 0.034607, 0.09028, -0.070467, -0.015295, -0.011687, 0.106432, 0.009786, 0.084507, -0.084655, -0.066365, -0.112545, -0.025005, 0.036548, -0.048108, 0.007905, -0.028157, -0.073166, 0.014211, -0.020967, -0.087517, 0.116918, -0.009312, -0.02575, -0.011801, 0.016075, -0.019928, -0.073181, -0.051118, -0.102007, 0.016153, -0.034058, 0.115527, 0.117235, 0.061196, 0.02561, 0.035423, 0.017962, 0.029597, -0.060505, -0.029553, -0.054731, 0.010349, -0.073229, -0.012489, 0.008508, 0.013743, -0.024815, 0.011944, 0.039825, 0.014654, 0.066421, 0.015908, 0.018603, 0.052428, -0.025926, 0.019376, -0.065794, 0.020795, 0.05652, 0.091817, 0.022407, -0.0, 0.01254, 0.03644, -0.000768, 0.006823, 0.067522, -0.027636, -0.032729, -0.02662, 0.045753, 0.033687, 0.03631, 0.095189, 0.047889, 0.026644, -0.038679, -0.068749, -0.021095, -0.076675, -0.014131, -0.093399, 0.046277, 0.046607, -0.091981, -0.011753, 0.019254, 0.05419, 0.01022, 0.024231, -0.025205, 0.008499, -0.038155, -0.018153, -0.041582, 0.07239, 0.119445, 0.052063, 0.045837, -0.094964, -0.00827, 0.016216, 0.083607, -0.004688, 0.036628, -0.032204, -0.023672, 0.029743, -0.050216, 0.037221, 0.009909, -0.001893, 0.006899, 0.004873, -0.044604, 0.019581, -0.059285, 0.038641, 0.05575, 0.083727, 0.020046, 0.012295, -0.015891, 0.014113, 0.036657, -0.032206, -0.026783, 0.040688, 0.024801, 0.059385, 0.057411, -0.058025, 0.021645, -0.088532, -0.101815, -0.004055, -0.124416, 0.028845, 0.009711, -0.091892, 0.038949, 0.016483, 0.041431, -0.044322, 0.078137, 0.020379, 0.033218, 0.041031, 0.042204, -0.092835, 0.01829, -0.027932, -0.088195, -0.053369, -0.064438, 0.039349, -0.068741, -0.0, 0.021301, -0.030584, 0.047538, 0.046094, 0.076052, -0.039895, -0.080366, -0.032085, 0.034661, 0.04468, 0.078239, -0.055995, -0.048073, 0.020454, 0.102456, 0.011548, 0.045711, 0.047398, -0.006869, 0.004095, -0.031724, 0.034622, 0.007397, -0.029958, -0.054164, -0.036482, 0.057674, -0.034767, -0.002483, 0.058989, -0.030097, 0.033103, 0.089891, 0.00741, 0.050203, -0.049864, 0.039908, 0.01252, 0.104028, -0.01647, 0.014269, 0.08953, 0.009913, -0.017884, -0.012751, -0.026152, -0.032479, -0.094294, -0.030344, 0.026517, -0.074862, 0.0487, -0.00674, 0.05424, 0.04047, -0.017653, -0.023111, -0.060091, -0.042057, 0.009183, 0.057841, -0.048875, 0.069512, 0.013053]","[""ART0411"", ""ART0708"", ""ART0583""]"
ART0463,Microsoft Releases Open Source Framework,Microsoft,2022-06-02,AI_ML,64000000000,Investors show strong confidence in the company's growth trajectory and market position.,https://technews.example.com/articles/463,Data Analytics,2018,"Austin, TX",48646,False,,4,Large,"[0.0411, -0.077906, -0.021691, 0.017664, 0.116975, 0.013542, 0.020084, 0.030084, 0.050765, 0.061116, -0.019539, 0.109463, -0.003988, -0.115338, 0.024293, 0.049344, -0.035328, -0.088337, -0.045047, -0.013676, -0.078811, -0.014376, 0.021258, 0.012153, 0.063504, -0.02178, -0.065438, 0.022045, 0.020618, -0.006889, -0.030369, 0.04497, 0.070244, 0.000268, 0.018419, -0.007747, 0.061914, -0.007314, -0.06019, 0.003114, -0.049188, 0.02051, 0.017583, 0.055954, 0.015417, -0.039637, 0.012648, -0.002056, -0.022763, 0.02268, -0.150482, -0.145496, 0.020212, -0.10098, -0.040823, -0.006052, -0.042044, -0.037201, 0.002137, -0.053514, 0.06637, -0.059014, -0.058531, 0.068472, 0.11211, 0.046485, -0.026396, 0.026283, -0.007203, -0.11904, -0.022557, -0.036761, 0.007156, 0.016522, -0.051651, -0.010823, 0.031599, 0.036348, 0.100785, 0.081009, 0.077005, 0.02322, -0.061284, 0.045914, -0.109914, 0.012467, 0.115036, 0.015416, 0.013896, -0.002132, 0.006531, 0.027536, -0.014173, 0.042127, -0.066283, -0.00186, -0.098153, -0.102888, -0.009942, 0.069891, -0.003426, -0.003968, 0.019471, 0.004665, -0.04736, -0.03982, 0.039918, 0.014582, 0.04417, 0.052374, -0.005339, 0.017596, -0.032384, -0.038397, 0.028248, -0.06317, -0.122602, 0.042882, 0.032662, 0.002824, 0.044539, 0.076985, 0.014623, -0.064394, -0.08344, 0.025908, -0.029322, -0.0, 0.005443, 0.034034, 0.040253, 0.062999, 0.029944, -0.032936, 0.012358, -0.015307, -0.062742, -0.014814, -0.022581, 0.045779, -0.003153, 0.026305, 0.122675, -0.048473, 0.013191, 0.094963, 0.061232, 0.007423, 0.010009, -0.064143, -0.051442, -0.02095, -0.001415, -0.034256, -0.010037, 0.063104, -0.011446, 0.007955, 0.039541, 0.017362, -0.101355, -0.068381, -0.008659, -0.029334, -0.069779, -0.052555, 0.12256, 0.025821, -0.06485, 0.040383, 0.019128, 0.043534, 0.05526, -0.021141, -0.044883, -0.062699, 0.022251, -0.019195, -0.054225, 0.028099, -0.001924, 0.037628, -0.006843, 0.05167, -0.019851, -0.021598, -0.02328, 0.034818, -0.082645, 3e-05, -0.064183, -0.056423, -0.086416, 0.079566, 0.021312, -0.032179, 0.031553, 0.10107, 0.046639, -0.047437, -0.044194, -0.025236, -0.04449, -0.038669, -0.068062, 0.022156, 0.057933, 0.023683, -0.023751, 0.008493, 0.011331, 0.018727, -0.088673, 0.053483, -9.2e-05, 0.000282, 0.033685, 0.067719, 0.004985, -0.03624, -0.028478, 0.072398, -0.012967, 0.0, -0.00525, -0.025114, 0.001122, -0.022642, -0.021586, 0.042345, -0.064699, 0.044081, 0.037591, 0.056651, 0.034033, 0.035604, 0.019265, 0.068431, 0.000147, -0.091634, 0.095065, -0.0599, 0.041887, -0.03353, 0.002297, -0.046647, -0.031384, 0.004236, 0.115998, -0.026228, -0.054637, -0.042458, -0.047638, -0.015933, -0.029301, -0.00521, -0.038998, 0.016827, 0.071908, 0.035417, -0.048841, -0.106249, 0.025025, 0.07264, -0.01461, -0.024786, 0.036217, -0.042709, -0.039379, 0.04557, 0.018191, 0.047, 0.034856, 0.003686, 0.022326, 0.081084, -0.009274, -0.044588, -0.043805, 0.013627, -0.022855, -0.009191, -0.027033, 0.019539, -0.067802, 0.07544, -0.034204, 0.014725, -0.01229, 0.074484, 0.004092, 0.020896, -0.026003, -0.062534, 0.000784, -0.029944, 0.005577, -0.020253, -0.127229, 0.015886, 0.010249, -0.040915, -0.051489, 0.058788, 0.065336, -0.004213, 0.106621, 0.018003, -0.062364, -0.020914, 0.065438, -0.11598, -0.091963, 0.05338, -0.059122, -0.009129, -0.022902, 0.025839, 0.06937, -0.0, -0.051819, -0.030783, 0.056296, 0.005693, 0.000276, 0.056831, 0.047837, 0.037364, 0.002061, 0.019458, 0.005359, -0.011369, -0.130594, 0.074671, -0.005249, 0.081838, -0.072419, 0.03887, -0.03791, -0.036168, 0.080014, 0.087799, 0.103863, -0.019609, 0.016179, -0.007337, 0.041336, 0.035646, -0.000346, 0.069341, 0.035897, 0.014845, 0.038934, 0.003711, -0.026053, 0.069786, 0.005787, 0.062773, 0.079137, 0.013663, -0.058728, 0.113422, -0.002943, -0.009385, -0.06396, -0.026802, -0.03294, -0.03073, -0.008621, -0.119499, 0.043028, -0.009396, 0.014302, 0.11266, -0.015509, 0.035657, -0.041934, -0.022551, -0.035317, 0.042656, -0.02609, -0.08064, 0.096372, 0.037421]","[""ART0215"", ""ART0420"", ""ART0555""]"
ART0483,Confluent Partners with Major Enterprise Client,Confluent,2022-05-08,AI_ML,655000000,Leadership outlines vision for responsible AI development and deployment.,https://technews.example.com/articles/483,Cloud Computing,1995,"London, UK",3884,False,,27,Small,"[-0.007539, -0.006066, 0.031582, -0.033988, -0.013441, 0.02381, -0.028224, -0.012525, 0.043251, -0.000216, -0.028371, 0.019496, 0.035817, 0.012728, -0.003955, 0.046345, -0.021403, -0.047091, -0.039382, -0.040223, -0.107403, -0.007804, -0.054265, -0.023662, -0.045186, 0.010998, 0.065445, -0.102998, -0.007889, -0.002687, 0.014297, -0.043605, 0.063845, 0.031088, -0.057917, 0.109165, 0.010865, 0.001332, 0.067727, -0.059625, -0.001432, 0.006665, -0.050445, -0.039363, 0.041491, 0.011121, -0.030467, -0.059184, -0.015195, -0.008917, -0.076488, -0.060837, -0.042304, 0.007303, -0.032134, 0.035146, 0.020756, -0.059469, -0.001791, -0.008786, -0.011939, 0.024243, 0.02872, 0.00456, -0.012199, 0.041653, -0.067705, 0.054468, -0.101113, -0.053355, 0.065713, -0.000104, -0.032949, -0.024138, -0.020246, 0.031246, -0.006077, 0.008772, 0.111733, -0.041422, 0.027346, 0.086282, -0.024757, 0.099127, -0.036555, -0.008695, 0.048918, -0.087565, 0.019514, 0.051444, -0.022147, -0.069939, 0.027121, -0.013135, -0.007545, 0.095128, -0.057648, -0.068154, -0.057996, 0.03318, -0.007242, 0.026273, 0.011158, -0.090548, -0.085071, 0.042734, 0.108386, -0.033964, 0.042253, -0.009162, -0.004348, -0.070737, -0.038234, -0.072317, 0.073685, -0.007657, -0.10442, 0.112335, 0.119488, -0.100019, 0.03463, 0.029051, 0.061153, 0.030429, 0.048316, 0.005435, -0.018112, -0.0, -0.047648, 0.042092, -0.016788, 0.11321, 0.066848, -0.00105, 0.012571, 0.022587, -0.099706, -0.03195, -0.04466, 0.008624, -0.001028, 0.021724, -0.022097, -0.110392, 0.018672, 0.096939, 0.003865, -0.055956, -0.006802, -0.016096, 0.006999, 0.033443, 0.06521, -0.042675, -0.002928, 0.059956, 0.07256, 0.021221, -0.027579, 0.070088, -0.066561, 0.007001, -0.070372, 0.072096, -0.077651, -0.085671, -0.034977, 0.069071, -0.045699, 0.083975, -0.025283, -0.035729, -0.012195, -0.021107, 0.033851, -0.049092, 0.024232, -0.014708, -0.091728, 0.008872, 0.080103, -0.024141, 0.057543, -0.011214, 0.090318, -0.015516, -0.013008, -0.033124, 0.005788, -0.023204, -0.119874, 0.109706, 0.040367, 0.017428, 0.010826, 0.036005, 0.067683, 0.030991, 0.013537, -0.022033, 0.0527, -0.014816, -0.115694, -0.052151, -0.09506, -0.039287, 0.0715, 0.02271, -0.150654, -0.018489, 0.009142, 0.056418, 0.018064, -0.01183, -0.002628, 0.062447, 0.006502, 0.128221, -0.055578, 0.009032, -0.045157, 0.083554, -0.014578, -0.0, -0.020571, 0.019419, -0.024876, -0.006917, 0.098881, -0.026771, -0.033425, -0.049994, 0.059294, 0.035337, -0.003623, -0.070126, -0.038191, -0.000918, 0.023149, -0.05476, 0.015316, -0.025088, 0.045395, -0.032913, 0.069582, 0.028112, 0.010588, 0.018527, 0.062863, 0.024315, -0.026874, 0.016203, 0.001884, -0.011979, 0.015336, -0.047245, -0.020598, 0.018493, -0.046041, 0.082572, -0.023912, -0.062832, -0.03639, -0.033873, 0.028912, -0.068322, -0.037976, 0.018548, -0.017994, 0.011423, -0.005154, 0.012327, -0.034378, -0.040911, -0.070578, 0.018275, -0.045451, -0.083493, -0.0692, 0.00506, 0.117246, 0.069679, 0.004848, 0.026227, 0.041167, -0.019483, 0.104414, 0.018796, -0.063283, 0.067216, 0.045445, 0.119169, -0.026793, -0.013169, -0.031346, -0.073885, -0.094269, 0.043188, -0.054443, -0.067162, -0.053635, -0.062966, 0.015503, 0.033515, 0.02016, -0.034791, 0.008835, 0.077531, -0.01839, 8e-06, -0.015623, -0.021148, 0.015168, 0.075055, -0.102299, -0.016643, -0.047536, 0.038085, -0.083463, -0.0, -0.086108, 0.080869, 0.014421, 0.013253, 0.023962, -0.009739, -0.064533, -0.002917, 0.016014, 0.054947, -0.031603, -0.055453, -0.024001, 0.042631, 0.063448, 0.02825, -0.052798, 0.021106, -0.034426, -0.057248, 0.051407, 0.079407, -0.034848, -0.056847, -0.002847, -0.037791, -0.052929, 0.082854, -0.061372, 0.091162, -0.002738, 0.050857, 0.043303, -0.000651, 0.119195, 0.020516, 0.016356, 0.003114, 0.00941, 0.008485, -0.041029, 0.135117, 0.048017, 0.008256, 0.024912, 0.057261, -0.037991, -0.005703, -0.014841, -0.01106, -0.026692, 0.006903, 0.020058, 0.115208, 0.019784, -0.000273, 0.042131, -0.060615, 0.015106, 0.032207, 0.066366, 0.040597, 0.092039, -0.016409]","[""ART0048"", ""ART0487"", ""ART0241""]"
ART0487,Scale AI Partners with Major Enterprise Client,Scale AI,2023-12-12,AI_ML,760000000,Leadership outlines vision for responsible AI development and deployment.,https://technews.example.com/articles/487,AI/ML,2003,"Berlin, Germany",23379,False,,20,Medium,"[0.005318, -0.007535, 0.028386, -0.022395, -0.00343, 0.031053, -0.051297, 0.004962, 0.026826, 0.000619, -0.038299, 0.015097, 0.032765, 0.034613, -0.001583, 0.046507, -0.04856, -0.024511, -0.068402, -0.063261, -0.083973, -0.018795, -0.044692, -0.038897, -0.016873, 0.012406, 0.058057, -0.09679, -0.019227, 0.005557, 0.031619, -0.063146, 0.101408, 0.025923, -0.055239, 0.089403, -0.006931, -0.011702, 0.0709, -0.054256, 0.004974, -0.002251, -0.042726, -0.050167, 0.052188, 0.01153, -0.048992, -0.031511, -0.028694, -0.001188, -0.063723, -0.059284, -0.048984, 0.000494, -0.029188, 0.015876, 0.053499, -0.075499, -0.000533, -0.006212, -0.015163, 0.016051, 0.038692, -0.00152, -0.014551, 0.059723, -0.057149, 0.027768, -0.10233, -0.038126, 0.039346, -0.004442, -0.029389, -0.008364, -0.002118, 0.026422, -0.031259, -0.015334, 0.116478, -0.010576, -0.015991, 0.058123, -0.030936, 0.125635, -0.03858, 0.001576, 0.046361, -0.089448, 0.03477, 0.044548, 0.001003, -0.046105, -0.008191, 0.02099, 0.014044, 0.073647, -0.083205, -0.084549, -0.065726, 0.015074, 0.00781, 0.033639, 0.042791, -0.072044, -0.050176, 0.070747, 0.103157, -0.030355, 0.076434, -0.022856, -0.010648, -0.058094, -0.034265, -0.061397, 0.085932, -0.021334, -0.057375, 0.119781, 0.077011, -0.06593, 0.032283, 0.019783, 0.049264, 0.029296, 0.048975, 0.035044, -0.014816, -0.0, -0.053796, 0.045585, 0.010855, 0.075584, 0.063629, 0.000542, 0.011908, 0.012096, -0.105023, -0.027503, -0.05741, 0.035951, 0.024429, 0.047237, -0.008962, -0.115627, 0.05071, 0.085975, -0.001203, -0.057494, 0.012266, -0.057871, 0.002492, 0.037761, 0.054058, -0.051049, 0.015862, 0.046139, 0.039513, 0.009193, -0.049674, 0.056714, -0.074016, -0.011184, -0.070914, 0.057295, -0.062083, -0.071261, -0.03351, 0.069553, -0.038055, 0.065346, -0.01867, -0.027444, -0.031464, -0.010945, 0.03566, -0.03593, 0.014128, -0.05922, -0.069425, 0.007076, 0.064601, -0.015736, 0.068317, 0.001965, 0.083874, -0.012106, -0.003815, -0.051093, 0.017261, -0.059426, -0.102106, 0.143915, 0.05009, 0.026348, 0.009239, 0.03743, 0.047093, 0.034187, 0.039292, -0.009309, 0.06464, -0.028082, -0.124524, -0.054666, -0.088397, -0.040467, 0.082632, 0.026968, -0.161274, -0.01106, 0.006691, 0.025391, 0.025272, -0.028456, -0.010993, 0.044819, -0.0197, 0.12404, -0.04708, 0.008399, -0.027818, 0.071007, -0.033035, 0.0, -0.037497, 0.019619, -0.024952, 0.003143, 0.111139, -0.030214, -0.051291, -0.011503, 0.067606, 0.057459, -0.025162, -0.057387, -0.02546, -0.018835, 0.027445, -0.043631, 0.013096, -0.001143, 0.062075, -0.018294, 0.095573, 0.019319, 0.000985, 0.041289, 0.088486, 0.01031, -0.037171, 0.022675, 0.002723, -0.026095, 0.008565, -0.065552, -0.004211, 0.02652, -0.021749, 0.086358, -0.034173, -0.082061, -0.026025, -0.001419, 0.020125, -0.075705, -0.050751, 0.000415, -0.011757, 0.011761, 0.030645, 0.025132, -0.062383, -0.043703, -0.05673, 0.024842, -0.0534, -0.066834, -0.078439, 0.016552, 0.106036, 0.063601, 0.000534, 0.014081, 0.02773, -0.036704, 0.089807, 0.038676, -0.089496, 0.055586, 0.064993, 0.123076, -0.030885, -0.028313, -0.030584, -0.077874, -0.048344, 0.046089, -0.088904, -0.082901, -0.04176, -0.064071, 0.044144, 0.012509, 0.027297, -0.039632, 0.01962, 0.086074, 0.000188, 0.004085, 0.005689, 0.000109, 0.007814, 0.102364, -0.095536, -0.01225, -0.044601, 0.003838, -0.083883, -0.0, -0.095238, 0.093908, 0.029582, 0.034108, 0.019385, 0.009836, -0.041173, 0.009707, -0.001447, 0.059936, -0.028296, -0.065523, -0.024526, 0.053371, 0.079409, 0.00629, -0.031518, 0.033674, -0.019532, -0.050704, 0.025171, 0.084544, -0.038154, -0.058117, -0.01837, -0.046261, -0.071223, 0.085354, -0.064713, 0.060541, -0.006231, 0.048805, 0.029694, 0.015662, 0.125968, 0.032465, -0.015147, 0.018624, 0.016855, 0.008426, -0.044796, 0.127551, 0.059656, -0.003721, 0.026768, 0.063712, -0.062903, -0.021734, -0.008136, -0.002955, 0.007073, 0.00066, -0.006442, 0.106938, 0.030911, 0.018487, 0.024789, -0.053579, 0.013117, 0.049142, 0.071779, 0.00617, 0.038691, -0.03953]","[""ART0048"", ""ART0483"", ""ART0241""]"
ART0493,SpaceX Achieves Profitability Milestone,SpaceX,2023-01-13,SECURITY,7000000000,Investors show strong confidence in the company's growth trajectory and market position.,https://technews.example.com/articles/493,AI/ML,2016,"Berlin, Germany",31018,False,,7,Large,"[0.027133, 0.002743, 0.05946, -0.027247, -0.043217, 0.003631, 0.049714, 0.035672, 0.027203, 0.019585, -0.061144, 0.079746, 0.043262, -0.082058, -0.034914, -0.079881, 0.012457, -0.028382, -0.010681, -0.010803, 0.011776, -0.08163, 0.036576, 0.050812, 0.059504, 0.075298, 0.035215, 0.078128, 0.012187, 0.023169, -0.023283, 0.02933, 0.087772, -0.039152, -0.00855, 0.071155, -0.012315, -0.065163, -0.028185, -0.007935, -0.026924, -0.00885, -0.010941, 0.03962, -0.00605, -0.138707, 0.071001, -0.033948, 0.045192, 0.051977, -0.097222, -0.079454, 0.041474, -0.066763, -0.034723, 0.038648, -0.078498, -0.064175, 0.021721, -0.100846, 0.034237, -0.063299, 0.036503, 0.047835, 0.065438, -0.016089, -0.026687, 0.050797, -0.05639, -0.00098, 0.036403, -0.020359, -0.070004, 0.018147, -0.052012, 0.072888, 0.05164, 0.004573, 0.077214, 0.027845, 0.041259, -0.034356, -0.077587, 0.027999, -0.088344, -0.013008, 0.125303, 0.007645, 0.030422, -0.012844, -0.030834, 0.066469, -0.068769, -0.02028, -0.061262, 0.019608, -0.108942, -0.074052, 0.011363, -0.001672, 0.048808, 0.005237, 0.041612, 0.007794, -0.015405, -0.084765, -0.017194, 0.024307, 0.020878, -0.009672, -0.089277, 0.02917, -0.043575, 0.047418, 0.010657, 0.075672, -0.127725, 0.023239, 0.069297, -0.040586, 0.080559, -0.003938, 0.037159, 0.070074, -0.059538, -0.045445, -0.018137, -0.0, -0.109041, -0.039239, 0.072118, 0.052503, -0.040725, -0.005374, -0.021299, -0.031088, -0.084179, -0.011104, -0.094444, -0.002539, 0.007253, 0.041644, 0.100624, 0.000878, 0.045287, 0.00609, 0.007756, 0.01616, 0.051826, -0.067243, -0.008431, -0.016982, 0.046226, 0.008158, -0.020462, -0.000743, -0.082404, -0.00091, -0.045011, -0.028294, -0.065074, -0.041189, -0.083791, 0.039199, -0.074554, -0.008117, 0.024053, 0.055136, -0.091386, -0.002808, -0.043693, -0.050957, 0.012347, 0.07111, -0.015993, -0.080945, -0.003725, 0.054571, 0.020606, 0.026319, 0.015699, -0.02116, 0.059954, 0.040804, 0.011029, 0.012782, -0.061998, 0.013368, -0.095723, -0.01253, -0.039786, 0.006362, -0.091396, 0.166754, 0.071791, 0.023526, -0.014053, 0.128683, -0.008919, -0.005541, -0.022389, -0.07153, 0.025759, -0.035779, -0.109923, -0.056325, 0.050245, 0.089376, -0.01101, -0.046235, 0.01011, -0.011379, 0.005216, 0.006664, 0.019627, 0.041513, 0.028005, 0.063084, 0.040728, -0.057682, -0.001458, 0.125294, -0.117429, 0.0, 0.016341, 0.020439, 0.074209, -0.013633, -0.070459, 0.064302, -0.013423, 0.017639, -0.021751, 0.038368, -0.035427, 0.095721, 0.018469, 0.008374, -0.061848, -0.010681, 0.10455, -0.027443, -0.009477, -0.115739, 0.062084, 0.00907, -0.053453, 0.030624, -0.030871, 0.015202, 0.03373, -0.014254, -0.050273, -0.025649, -0.019071, 0.025209, 0.026571, 0.021595, 0.080499, 0.055529, -0.010302, -0.05304, 0.011783, 0.026108, -0.015532, -0.014863, 0.051276, -0.023734, -0.036293, -0.021989, 0.094478, 0.023034, 0.023915, 0.083019, -0.018568, 0.029642, -0.011491, 0.009005, -0.066736, 0.061427, -0.062455, 0.033543, 0.052552, -0.026515, -0.015867, 0.033964, 0.04672, 0.072573, -0.045319, -0.012107, -0.045558, -0.012232, 0.026558, -0.027663, 0.048839, 0.028421, -0.094681, 0.02736, -0.078372, 0.036011, 0.006644, -0.048032, 0.002579, 0.029444, 0.091614, 0.062995, 0.032922, 0.015833, -0.060686, 0.062977, -0.016134, -0.003808, -0.014886, 0.031293, -0.004815, -0.052964, -0.076055, -0.013434, 0.009953, -0.0, -0.090371, -0.033064, 0.048069, 0.007918, 0.015821, 0.033983, 0.050932, 0.041143, 0.051795, -0.01687, 0.044289, -0.028831, -0.116529, 0.048543, -0.060481, 0.003577, -0.00495, 0.093748, -0.015222, -0.017151, 0.035086, 0.073474, 0.034777, -0.00659, -0.010314, -0.047263, 0.009204, 0.062544, 0.000813, 0.028599, 0.024122, -0.071415, 0.000861, 0.037916, -0.04661, 0.014561, 0.006067, 0.087322, 0.100655, -0.019184, -0.047235, 0.078775, 0.034281, -0.000479, -0.062404, -0.001581, -0.021681, -0.075362, -0.001699, -0.101366, 0.046475, 0.000982, -0.078511, 0.00734, -0.033264, 0.033417, -0.094896, 0.048828, -0.104486, -0.008413, -0.000535, -0.084879, -0.009966, 0.042079]","[""ART0074"", ""ART0581"", ""ART0451""]"
ART0504,Airbnb Faces Regulatory Scrutiny,Airbnb,2023-11-27,AI_ML,7800000000,Platform improvements deliver enhanced performance and new capabilities.,https://technews.example.com/articles/504,Data Analytics,1999,"London, UK",19967,False,,24,Medium,"[0.080937, -0.022995, -0.007241, 0.013242, 0.107528, 0.028734, -0.017819, -0.089533, -0.046535, -0.014285, -0.038673, 0.097768, -0.095701, 0.049243, 0.082568, 0.008061, 0.098858, -0.030205, 0.00165, -0.027487, -0.016501, -0.038995, 0.030042, -0.027969, -0.011918, -0.086588, -0.116093, 0.021819, 0.058056, -0.024108, 0.063639, 0.048533, 0.028467, 0.031896, 0.01727, -0.01099, 0.044973, -0.035943, -0.003816, -0.001826, 0.025122, -0.057521, -0.053695, 0.043154, -0.078091, 0.075681, 0.013364, -0.004228, -0.025224, 0.056939, 0.035372, -0.029029, 0.023522, -0.04032, -0.048214, 0.02135, -0.050545, -0.047008, 0.016542, -0.022813, -0.018524, 0.024158, -0.030847, 0.078323, 0.039721, 0.050878, -0.130191, 0.028582, -0.004401, -0.024904, -0.021008, -0.044647, 0.018724, 0.059753, 0.072384, 0.064769, 0.000337, -0.02682, 0.105103, -0.004561, 0.021063, 0.020575, -0.040447, -7.1e-05, -0.070392, -0.078438, -0.041203, -0.060805, -0.103926, 0.060356, 0.022045, 0.018027, 0.089284, -0.004703, -0.019116, 0.054109, -0.073408, -0.017128, 0.013273, 0.062346, 0.023479, 0.096802, -0.061864, -0.025224, -0.034024, -0.058805, 0.082295, -0.008689, 0.034507, 0.11914, -0.046813, 0.010984, 0.015644, -0.099035, 0.026782, 0.034472, -0.047818, 0.050651, 0.108015, -0.057782, 0.005522, 0.026376, 0.079642, -0.094895, 0.036463, 0.014303, -0.035715, -0.0, -0.084195, 0.051355, -0.021965, -0.021157, 0.046053, 0.003212, -0.005086, 0.039946, -0.041611, 0.130894, 0.043958, -0.02415, 0.024777, 0.037795, 0.09354, -0.018525, 0.0016, 0.028848, -0.009007, 0.048491, -0.046635, -0.105791, 0.009121, 0.079561, 0.05074, -0.102943, 0.01242, 0.089376, 0.05149, 0.014121, -0.042721, -0.009348, 0.013611, 0.02711, -0.066289, -0.000789, -0.002545, -0.114469, -0.046722, -0.009145, -0.077508, -0.003941, -0.068113, 0.048906, -0.011759, 0.078635, -0.022348, -0.034801, -0.005286, 0.034993, 0.036551, 0.030637, -0.047564, 0.028676, 0.019607, -0.041949, -0.021171, -0.043748, 0.034842, -0.019848, 0.01563, -0.009102, -0.030619, 0.03334, -0.0382, 0.003112, 0.099368, 0.031539, 0.022654, -0.021389, 0.008827, -0.077781, 0.002813, -0.023273, 0.010915, -0.036013, -0.154401, 0.067176, 0.002474, -0.03069, 0.05165, 0.011022, 0.103509, 0.072471, -0.035845, -0.009277, 0.088341, 0.036632, 0.045381, 0.070692, -0.031142, 0.015151, -0.019664, 0.089297, 0.035572, 0.0, -0.065589, -0.051695, -0.081971, -0.045004, -0.057874, -0.006194, -0.019316, -0.114933, 0.050169, 0.051412, -0.05625, -0.017127, 0.016314, -0.048175, -0.025172, -0.009516, -0.091638, -0.04543, 0.060009, 0.024931, 0.045941, 0.06172, 0.071863, 0.02524, 0.007497, 0.030252, -0.014051, 0.019659, 0.119085, 2.4e-05, -0.074376, 0.072527, 0.008239, 0.091861, 0.099472, 0.072136, 0.005092, -0.052647, -0.017388, -0.03945, 0.027082, -0.030767, -0.090011, -0.005101, -0.008089, 0.042094, -0.043427, -0.018477, 0.004813, -0.045461, 0.037832, 0.017393, -0.020684, -0.052116, -0.048808, 0.049654, 0.022225, -0.04237, 0.090206, 0.085461, 0.059685, 0.015535, -0.007327, 0.023032, 0.033921, -0.019108, 0.027285, -0.013532, 0.051597, 0.070063, -0.090567, -0.042239, -0.081814, 0.04934, -0.09082, 0.061538, 0.110586, -0.039114, -0.075406, 0.032441, -0.05599, 0.014974, 0.040473, 0.032751, 0.054255, -0.0242, -0.015664, -0.010551, -0.060717, 0.093802, -0.026832, -0.021317, -0.1005, 0.012556, 0.003635, -0.0, 0.015819, -0.02657, 0.0172, 0.015046, -0.007155, -0.001853, -0.0447, 0.018295, -0.0015, 0.026052, 0.006461, -0.015488, 0.003173, 0.047599, 0.070133, 0.005586, 0.003567, 0.048746, -0.054846, 0.065152, 0.031065, 0.080931, -0.070175, -0.064243, -0.045665, -0.017144, 0.019659, 0.102927, 0.00277, -0.023638, -0.008485, 0.035329, -0.03009, -0.053237, -0.010407, -0.015946, -0.080178, -0.048833, -0.005273, 0.026876, -0.108108, 0.019847, -0.027975, 0.041065, -0.082999, -0.026323, -0.113362, 0.017191, 0.005932, -0.05946, 0.013259, -0.022222, 0.010503, -0.048597, 0.006256, 0.000188, -0.049835, -0.065446, 0.070902, -0.00535, 0.009359, 0.02518, 0.017466, -0.026989]","[""ART0398"", ""ART0077"", ""ART0094""]"
ART0508,Snowflake Announces Breakthrough in Large Language Models,Snowflake,2024-08-16,AI_ML,3388000000,The company demonstrated significant advances in model performance and efficiency.,https://technews.example.com/articles/508,Cloud Computing,2012,"London, UK",49545,True,,12,Large,"[0.017877, -0.086938, 0.040501, 0.036646, 0.000266, 0.057942, -0.071852, 0.022144, 0.068158, -0.092532, -0.062158, 0.030814, 0.006902, 0.004952, 0.019962, -0.036616, -0.019158, 0.009417, -0.096448, -0.13281, 0.042037, -0.03453, 0.014276, -8e-05, 0.073682, 0.04989, -0.107644, -0.056862, 0.018866, -0.074884, 0.029387, 0.080277, 0.034282, 0.052349, -0.010228, 0.058181, -0.006229, 0.032316, -0.003161, 0.006935, -0.068848, -0.030047, 0.054209, -0.01758, 0.062114, -0.02382, -0.052385, 0.053244, -0.021965, 0.022604, -0.112009, -0.068224, 0.023677, 0.067537, -0.001673, -0.006839, 0.00505, -0.065596, -0.002497, -0.057337, -0.065892, -0.022651, -0.023036, 0.048527, 0.03713, 0.042445, -0.010282, -0.054832, -0.041563, 0.073046, -0.041242, 0.060967, 0.036018, 0.077511, 0.056341, 0.008648, 0.015978, -0.018685, 0.117239, -0.005949, 0.040302, -0.030032, 0.117844, -0.033256, 0.080875, -0.008719, 0.034673, -0.022273, 0.021984, 0.019086, -0.016391, -0.053914, 0.046066, 0.059295, -0.153185, 0.057259, 0.043116, -0.035515, -0.01688, 0.090278, 0.027283, -0.034376, 0.093315, -0.063359, -0.019334, -0.060067, 0.004726, -0.008217, -0.010711, -0.048846, 0.00504, -0.051043, -0.044921, 0.014467, 0.035448, -0.072823, -0.059013, -0.033331, -0.004832, 0.045491, 0.001258, 0.114184, -0.034934, 0.026909, -0.014023, 0.03989, -0.048714, -0.0, 0.113224, 0.088439, -0.032453, 0.050994, 0.039176, -0.060076, 0.010261, 0.050205, -0.008353, -0.04058, 0.006055, 0.02606, -0.089883, 0.045092, 0.007875, 0.012143, -0.041003, 0.028774, -0.106214, 0.012719, 0.111609, 0.020475, 0.052334, 0.030284, -0.022535, 0.050666, 0.036981, -0.056256, -0.026948, 0.050268, -0.058479, -0.054995, -0.038069, 0.030045, 0.022218, -0.094182, -0.028492, -0.094217, 0.043561, 0.007875, -0.009556, -0.005591, -0.016319, -0.074813, -0.026133, 0.01208, 0.030958, 0.047622, 0.051104, -0.043099, 0.014375, 0.04536, -0.025149, 0.059422, 0.107543, 0.021537, 0.007333, 0.035458, 0.056934, 0.04296, -0.062365, 0.04194, 0.088301, 0.0132, 0.036618, 0.016379, 0.000841, 0.063977, 0.040682, 0.01976, 0.018826, -0.011929, -0.005475, 0.058343, -0.00955, -0.037764, 0.01559, -0.150279, 0.034632, 0.025622, -0.031118, -0.073269, -0.005385, -0.045614, -0.094992, -0.067214, 0.02352, -0.021377, -0.017525, -0.036418, -0.041132, -0.025984, 0.04665, -0.0341, 0.023506, 0.0, -0.038698, -0.01638, -0.065277, 0.072071, -0.071436, 0.007232, 0.01824, 0.013133, 0.022788, -0.007202, -0.021906, -0.024688, 0.099215, -0.053876, 0.097125, -0.032056, 0.04938, -0.017502, 0.057821, 0.045593, 0.000981, 0.031826, -0.126375, 0.032015, 0.00917, -0.002682, -0.037477, -0.053289, 0.011706, 0.032687, -0.050113, 0.030136, -0.00725, -0.023223, -0.063373, 0.027097, 0.005153, -0.090926, -0.030534, -0.000313, 0.099246, -0.051711, -0.055085, -0.017308, 0.067053, 0.01194, -0.120707, 0.006197, 0.114956, -0.037139, -0.030604, 0.02264, -0.029398, -0.036731, -0.076784, -0.047902, -0.021966, -0.099677, -0.009508, -0.013366, -0.106255, -0.02373, 0.057781, -0.122576, 0.039051, -0.060314, -0.044317, -0.054174, 0.041587, -0.022195, 0.105902, -0.004702, -0.018013, 0.059081, -0.035368, 0.021514, 0.0366, -0.005008, -0.07631, -0.003185, 0.032231, 0.066006, 0.067607, -0.002014, 0.072745, 0.023157, 0.020281, 0.030421, -0.027702, 0.062856, 0.036317, 0.065523, -0.003808, 0.119081, -0.016441, -0.0, -0.005281, 0.069507, -0.031595, 0.02929, 0.032556, -0.028608, -0.030336, 0.014951, -0.046304, -0.003725, -0.005899, 0.031727, 0.021778, 0.064771, 0.03407, 0.054001, 0.024618, 0.038911, -0.049588, -0.075574, 0.022113, 0.025052, -0.022225, -0.00919, -0.044825, 0.039555, -0.000477, 0.046899, 0.03906, 0.007857, -0.093565, 0.020398, 0.001291, -0.034032, 0.090508, 0.067197, -0.020253, 0.002945, 0.039468, 0.050872, 0.093205, 0.046056, -0.032428, 0.010112, -0.001038, 0.00013, -0.083471, -0.120917, 0.016873, 0.044503, -0.007111, 0.012268, -0.085171, 0.064642, -0.002313, 0.113577, -0.029693, -0.078374, 0.001896, -0.05352, -0.007942, -0.047083, 0.023775, -0.006463]","[""ART0669"", ""ART0598"", ""ART0143""]"
ART0514,Tesla Raises Series D Funding Round,Tesla,2024-04-11,AI_ML,96960000000,Financial results exceed analyst expectations across all key metrics.,https://technews.example.com/articles/514,Cloud Computing,2008,"London, UK",5691,True,,16,Small,"[-0.033357, -0.027258, -0.013844, 0.028742, -0.068749, -0.044475, -0.090715, 0.090458, 0.049715, 0.045804, -0.062579, 0.08419, 0.008799, -0.049444, 0.017327, -0.044816, -0.011515, -0.05811, -0.06381, 0.040839, -0.013384, -0.015761, 0.018113, -0.003947, 0.131389, -0.023039, -0.005076, 0.009852, -0.014669, 0.003018, -0.046028, 0.025305, 0.039239, 0.003852, 0.023722, 0.029485, 0.033617, 0.099224, -0.018206, -0.021459, 0.002175, 0.029632, 0.057122, 0.051363, -0.005251, -0.047574, -0.05132, -0.034939, -0.045365, -0.0326, -0.083097, 0.032224, 0.024623, -0.043531, -0.045464, -0.023789, 0.007179, -0.011262, 0.081252, -0.008265, -0.019769, -0.056599, 0.012434, -0.012055, 0.101817, -0.050255, -0.008994, 0.00809, -0.076708, 0.067613, 0.072397, -0.049203, -0.047095, -0.038102, 0.068935, 0.067814, -0.000215, 0.019453, 0.101377, -0.053199, 0.023877, -0.013231, -0.025098, -0.021188, -0.023175, 0.046701, 0.059194, -0.068579, -0.002609, 0.037951, 0.010035, -0.077803, -0.052079, 0.003484, -0.098698, 0.041565, -0.013996, -0.077911, 0.001625, 0.038111, 0.069675, 0.04697, 0.024242, -0.045423, -0.035696, -0.052897, 0.023832, 0.013761, 0.028078, -0.048124, 0.074721, 0.020826, -0.008269, 0.020643, -0.070697, -0.045178, -0.030289, 0.005927, 0.06443, 0.031184, -0.000932, 0.022703, 0.048888, 0.032778, 0.008569, 0.019555, -0.099713, 0.0, -0.063288, -0.075754, -0.006728, -0.015175, -0.031469, 0.052364, -0.041074, 0.027078, -0.007476, -0.036812, -0.017469, 0.102498, 0.029172, -0.049871, -0.031295, -0.057331, -0.008781, 0.077557, -0.038278, -0.008937, 0.105583, -0.091601, 0.049874, 0.044643, 0.109367, -0.009196, 0.019745, 0.053961, -0.074834, 0.04024, -0.013905, 0.086512, 0.04913, -0.023, -0.037734, 0.01948, -0.007809, -0.001124, 0.030322, 0.031135, -0.022761, -0.00727, -0.063524, -0.070565, -0.072138, 0.09849, 0.057663, -0.041674, -0.039627, 0.004752, -0.036183, 0.004562, -0.026949, -0.084998, 0.012852, 0.040205, 0.035289, -0.04583, 0.039614, 0.018091, -0.069387, 0.06617, -0.053313, 0.047608, -0.112617, 0.067366, 0.026973, 0.068283, -0.033375, 0.143542, 0.036482, -0.05, -0.018126, 0.006666, -0.008595, -0.058473, 0.059378, 0.009258, 0.072162, -0.023817, -0.013054, -0.014685, 0.045294, -0.033505, 0.066074, -0.035829, -0.07396, 0.009415, -0.01901, -0.049238, -0.001701, -0.029773, -0.013143, 0.031643, -0.039978, -0.0, -0.06076, 0.05018, 0.051889, 0.006122, 0.08814, 0.017457, -0.034419, -0.027542, 0.102269, 0.025744, 0.055053, 0.022586, -0.086964, 0.042546, 0.018094, -0.098637, 0.005978, -0.128665, 0.015038, -0.022968, 0.014912, -0.024806, -0.034271, 0.089208, 0.040024, 0.018414, -0.076354, 0.059967, -0.011058, 0.020823, -0.01722, -0.031289, -0.03547, 0.111977, -0.001302, 0.029255, 0.057573, -0.02108, -0.025534, 0.013973, 0.014002, -0.043684, 0.051316, -0.011198, 0.070438, -0.023617, 0.041315, 0.013322, 0.026821, 0.055449, 0.055875, -0.004442, 0.046582, 0.169746, -0.107115, 0.012354, 0.103039, 0.027769, -0.051131, 0.042612, -0.028126, -0.050102, 0.061019, 0.008875, -0.076298, -0.065783, -0.027002, -0.037619, 0.025923, -0.045586, 0.038318, -0.010953, 0.003539, -0.013843, -0.09783, 0.077358, -0.006569, -0.020382, 0.076363, 0.011035, 0.036995, 0.097291, 0.033964, 0.02433, 0.039056, 0.051634, 0.030528, 0.004688, -0.044418, 0.076329, -0.04548, -0.033494, 0.011313, 0.021924, -0.038208, -0.0, -0.029986, -0.008312, -0.011287, -0.026063, 0.162494, -0.089687, -0.071255, 0.046845, 0.024572, 0.046365, 0.063197, 0.009651, -0.046293, 0.009285, 0.003025, -0.061736, -0.053531, 0.038111, -0.056695, 0.029624, -0.044607, 0.059959, -0.038375, -0.068812, -0.005026, -0.043973, -0.080605, 0.084191, 0.001768, -0.060667, -0.004767, -0.021722, 0.002326, -0.055397, -0.054394, -0.054375, 0.031755, -0.00036, 0.017077, 0.061732, 0.038819, -0.011226, 0.050678, 0.005503, -0.115269, -0.006461, -0.159012, 0.013048, -0.022971, -0.02218, 0.02611, -0.004868, -0.020426, -0.034113, 0.038105, 0.056038, -0.078011, 0.004598, -0.094635, -0.009109, 0.050709, -0.136364, -0.004237, 0.052082]","[""ART0645"", ""ART0312"", ""ART0591""]"
ART0515,Scale AI Acquires Competitor for Undisclosed Sum,Scale AI,2023-09-13,CLOUD,735000000,The company demonstrated significant advances in model performance and efficiency.,https://technews.example.com/articles/515,AI/ML,2003,"Berlin, Germany",23379,False,,20,Medium,"[-0.051553, -0.016776, -0.016026, 0.041841, 0.052534, 0.000526, -0.002048, 0.072153, 0.079036, 0.01173, 0.030395, 0.001604, 0.056218, -0.005171, -0.023746, -0.018383, 0.026484, 0.029636, -0.100325, -0.067655, -0.02082, -0.096801, -0.028295, -0.000463, 0.116601, 0.026586, -0.028563, 0.009298, 0.011084, -0.02432, -0.001356, 0.007354, 0.109816, -0.018339, -0.027369, -0.030131, -0.007341, -0.025181, 0.008899, -0.037785, 0.032028, -0.014426, 0.020112, -0.004751, 0.043603, 0.047996, -0.025423, 0.024072, -0.017142, 0.001763, -0.064618, -0.054894, -0.034294, -0.061752, -0.032356, 0.024098, 0.003281, -0.048981, -0.011601, -0.004809, 0.025381, -0.029191, 0.029636, 0.037265, 0.068421, 0.02215, -0.044353, -0.060194, -0.00587, -0.037612, 0.142649, -0.051516, 0.040736, 0.04554, 0.062974, 0.025521, 0.021856, 0.001787, 0.098226, 0.046787, -0.041976, -0.022316, -0.024409, 0.058246, -0.027373, 0.00518, 0.048526, -0.043653, 0.063295, -0.023775, 0.021297, 0.000912, -0.030568, 0.013403, 0.052203, -0.009451, -0.12084, -0.015681, 0.024005, 0.032614, 0.044781, 0.04635, 0.026058, -0.048523, 0.00416, 0.017422, 0.068128, -0.032546, 0.09625, 0.03663, 0.013084, -0.026845, -0.014504, 0.039474, 0.075818, 0.008995, -0.002896, 0.065495, 0.026863, -0.037167, 0.040896, -0.020929, -0.030609, 0.012317, -0.064577, 0.055448, -0.099052, -0.0, -0.106597, 0.008936, 0.052274, 0.033744, 0.003645, -0.056802, -0.011256, -0.000779, -0.065987, 0.024145, -0.173767, 0.096252, -0.016835, 0.085884, 0.07522, -0.061749, 0.058226, 0.081763, 0.038344, -0.030618, 0.121998, -0.058695, 0.007695, 0.017682, 0.049007, -0.024545, -0.036093, -0.015082, -0.002782, -0.003059, -0.026422, -0.012344, -0.04, -0.029566, -0.019227, 0.010902, -0.063303, -0.082304, 0.008096, 0.107307, 0.051771, 0.045402, -0.058092, -0.052013, -0.063945, 0.010898, -0.011318, -0.008942, -0.03215, -0.055035, -0.047214, 0.019362, 0.013691, -0.112943, 0.098472, -0.001326, -0.012673, -0.007203, 0.027689, 0.038281, -0.066489, 0.00709, -0.070562, 0.138998, -0.039177, 0.081726, 0.051997, -0.00069, -0.010076, 0.029488, 0.025175, -0.003751, -0.000658, -0.029447, -0.001912, -0.108643, -0.019216, -0.076952, 0.037311, 0.002014, -0.083641, 0.03327, -0.000562, -0.004138, -0.055077, -0.030968, -0.007999, -0.010763, 0.027929, 0.080401, -0.039901, -0.00462, -0.080561, 0.092182, -0.043653, 0.0, -0.073536, -0.01253, -0.026742, -0.037497, 0.02314, 0.017736, -0.036528, 0.008568, 0.011802, 0.046933, 0.011971, 0.027398, -0.009189, -0.021446, 0.051817, -0.015049, -0.019181, -0.063565, 0.047269, -0.057486, 0.159609, 0.001705, -0.014849, 0.000876, 0.052318, -0.050661, -0.079282, -0.022915, -0.041738, -0.006112, -0.011267, -0.040054, 0.033264, 0.077113, 0.03066, 0.090723, 0.044389, -0.127424, 0.009006, -0.041768, -0.020277, -0.031422, -0.019829, -0.035274, 0.0028, -0.026969, 0.062184, -0.025549, 0.032383, -0.028739, 0.016818, 0.006559, -0.027202, -0.038172, -0.148782, 0.048905, -0.001847, 0.034862, -0.002526, -0.013633, 0.010173, -0.087508, -0.027941, -0.004764, -0.052437, 0.057627, 0.084543, 0.024646, -0.005084, -0.100538, -0.000588, -0.034962, 0.056696, 0.034558, -0.09799, -0.039817, -0.019913, -0.049554, -0.012198, -0.010828, 0.032624, -0.017868, 0.097545, 0.036306, 0.028596, 0.076913, 0.002574, 0.009541, -0.052658, 0.113465, -0.014352, -0.033548, -0.028431, 0.034725, -0.058763, -0.0, -0.010825, 0.021313, 0.112494, 0.053777, 0.036627, -0.031681, -0.040606, 0.052299, -0.033446, 0.064908, -0.017624, -0.10078, -0.041767, 0.088911, 0.110239, 0.015288, 0.025452, 0.007049, -0.0174, -0.03941, 0.022021, 0.106437, -0.010747, -0.070171, -0.038246, -0.037361, -0.084035, 0.056931, -0.066691, 0.089128, 0.012077, 0.052621, 0.024493, 0.064296, 0.062717, 0.011163, 0.001428, 0.053806, -0.029679, -0.043435, -0.014832, 0.052464, -0.002154, 0.03341, 0.075782, 0.034459, -0.115565, -0.094995, 0.021255, 0.02002, 0.106401, 0.024247, -0.031152, 0.081346, 0.035954, -0.008125, -0.026479, -0.090926, -0.027547, 0.034711, 0.08519, -0.120162, 0.026839, -0.022329]","[""ART0106"", ""ART0578"", ""ART0709""]"
ART0519,SpaceX Partners with Major Enterprise Client,SpaceX,2024-05-04,AI_ML,9180000000,Leadership outlines vision for responsible AI development and deployment.,https://technews.example.com/articles/519,AI/ML,2016,"Berlin, Germany",31018,False,,8,Large,"[-0.016298, -0.012913, 0.08595, -0.035711, -0.039429, -0.003783, -0.013377, -0.027452, 0.02201, 0.016537, -0.075372, 0.0223, 0.021119, 0.015346, -0.035369, 0.00469, -0.015843, -0.036062, -0.032549, -0.015578, -0.043684, -0.045505, -0.041505, -0.017547, -0.02922, 0.06231, 0.073269, -0.065523, -0.011652, 0.010708, 0.032789, -0.030125, 0.094774, -0.017714, -0.043157, 0.154511, 0.028037, -0.042918, 0.018444, -0.070983, -0.019487, -0.019417, -0.028257, 0.004567, 0.021883, -0.045768, -0.007326, -0.087129, 0.012353, 0.012456, -0.06587, -0.103129, -0.006051, 0.005747, -0.006333, 0.033745, 0.01086, -0.078861, 0.023447, -0.079756, 0.009203, -0.016476, 0.033404, 0.056597, -0.034585, 0.038788, -0.059086, 0.04561, -0.065597, -0.080626, 0.042213, 0.012678, -0.072621, -0.019978, -0.005014, 0.059449, 0.049774, -0.006142, 0.145937, -0.037007, 0.054005, 0.045772, -0.071105, 0.113429, -0.046956, -0.010069, 0.054926, -0.030309, 0.024085, 0.047963, -0.011288, -0.021723, 0.047306, -0.01365, -0.004483, 0.050474, -0.062939, -0.051294, -0.053817, 0.0103, -0.023159, -0.010235, 0.047644, -0.031999, -0.049276, 0.033069, 0.076162, -0.022835, 0.037906, -0.049964, -0.057772, -0.039512, -0.082848, -0.017177, 0.0496, 0.052313, -0.1014, 0.100008, 0.105731, -0.101677, 0.038421, -0.029088, 0.056089, 0.049284, 0.061872, -0.014431, -0.049358, -0.0, -0.068037, 0.021357, 0.03693, 0.075091, 0.05883, -0.013267, 0.022312, 0.021789, -0.096943, -0.014816, -0.08819, 0.017425, 0.009631, 0.070359, 0.025151, -0.103677, 0.032538, 0.050082, -0.012336, -0.029908, 0.013115, -0.03536, -0.000417, 0.015874, 0.071356, -0.017687, 0.020349, 0.022121, 0.056244, 0.013637, -0.123245, 0.040926, -0.071992, 0.015604, -0.0528, 0.097845, -0.088212, -0.078947, -0.049122, 0.080889, -0.048012, 0.055308, -0.019682, -0.068305, -0.021312, 0.006292, 0.01574, -0.082814, 0.045752, 0.033315, -0.057428, 0.048039, 0.041579, -0.000106, 0.075422, -0.01694, 0.079511, 0.021933, -0.04245, -0.016439, -0.005907, -0.036121, -0.075762, 0.135407, 0.04957, 0.033038, 0.038682, 0.036202, 0.040365, 0.063809, -0.03542, 0.01942, 0.055645, -0.032283, -0.081322, -0.06061, -0.110181, -0.054764, 0.043266, 0.02872, -0.113045, -0.033435, 0.00612, 0.076633, 0.027252, -0.011378, -0.000778, 0.093543, -0.000689, 0.122436, -0.057424, -0.058034, -0.035353, 0.089723, -0.102491, 0.0, -0.025914, -0.02294, 0.012041, 2e-05, 0.068802, 0.010283, -0.023076, -0.017546, 0.048872, 0.046834, -0.010421, -0.004294, -0.008698, 0.01018, 0.002139, -0.032295, 0.01691, -0.057565, -0.022059, -0.05381, 0.082024, 0.03668, -0.006323, 0.029503, -0.004227, 0.026987, 0.041632, 0.039966, -0.025459, 0.010536, -0.008298, -0.003382, -0.029082, 0.035496, 0.026471, 0.100064, -0.019061, -0.020807, -0.010164, -0.00971, 0.00929, -0.070528, -0.043774, 0.028701, -0.05035, 0.019206, 0.005309, 0.048666, -0.07061, -0.006155, -0.106913, -0.001537, -0.028565, -0.075237, -0.063164, 0.002512, 0.06375, 0.079792, 0.067619, 0.033174, 0.037073, -0.011919, 0.09891, 0.017354, -0.078966, 0.030699, 0.00104, 0.088186, -0.051312, 0.035182, 0.033977, -0.066001, -0.15847, 0.059778, -0.043575, -0.038761, -0.046692, -0.050995, 0.026747, 0.038081, 0.083668, -0.019282, 0.031807, 0.104315, -0.011627, 0.035862, -0.010423, -0.000597, 0.019057, 0.052463, -0.084052, -0.00472, -0.063612, 0.036092, -0.115094, -0.0, -0.112211, 0.040155, 0.01664, 0.012762, 0.0072, 0.025931, -0.024305, 0.00084, 0.019217, 0.018257, 0.009445, -0.06463, -0.032279, 0.039108, 0.041855, 0.004228, -0.03413, 0.068662, -0.027884, -0.053018, 0.01393, 0.076857, -0.021113, -0.037778, -0.012738, -0.048835, -0.00536, 0.103386, -0.021816, 0.061106, 0.017368, 0.024837, -0.013769, 0.038328, 0.07248, 0.028704, -0.005873, 0.014259, 0.061243, 0.002897, -0.069534, 0.146249, 0.037034, -0.018672, -0.014747, 0.074869, -0.038055, -0.063052, -0.027719, -0.028979, -0.040137, 0.005052, -0.048485, 0.097937, -0.002324, 0.041688, 0.011938, -0.027214, 0.012844, 0.013757, 0.042948, -0.012182, 0.012558, -0.013144]","[""ART0363"", ""ART0040"", ""ART0483""]"
ART0520,OpenAI Launches New AI-Powered Product,OpenAI,2023-08-17,AI_ML,1720000000,Leadership outlines vision for responsible AI development and deployment.,https://technews.example.com/articles/520,Data Analytics,2006,"Austin, TX",12793,False,OPEN,17,Medium,"[-0.010046, -0.039781, 0.004, 0.021329, 0.086804, -0.020616, -0.022773, -0.013391, 0.026878, -0.003331, -0.031216, 0.000726, 0.040775, 0.020087, 0.049278, 0.086558, -0.002764, -0.018316, -0.077286, -0.048086, 0.023155, 0.085322, 0.059095, -0.032775, -0.053954, 0.041547, 0.012161, -0.080037, -0.002048, -0.040773, 0.062145, -0.080849, 0.101567, -0.005482, -0.005891, 0.073939, -0.022213, -0.017508, -0.019306, -0.086699, 0.024956, -0.051635, -0.026329, -0.009327, 0.042393, 0.028866, 0.002843, -0.060644, 0.021753, -0.051587, -0.090086, -0.148907, -0.010466, -0.012457, -0.025169, 0.030013, 0.004997, -0.089439, 0.013043, -0.023567, 0.019117, 0.009055, 0.023904, 0.0158, 0.008211, 0.02443, -0.027506, -0.024919, -0.026476, -0.106321, 0.10784, 0.078673, 0.059713, -0.020602, -0.020812, 0.043942, 0.02129, 0.025992, 0.096855, -0.010159, 0.042319, -0.003929, -0.029338, 0.117591, 0.004357, 0.017369, 0.030358, -0.033865, 0.034138, 0.03806, -0.047318, -0.005055, 0.062009, -0.003244, -0.0128, -0.009024, -0.051988, -0.099372, -0.08388, 0.06739, -0.036671, -0.0307, 0.020115, -0.019188, -0.06701, 0.039634, 0.077822, 0.009762, 0.007092, 0.014001, 0.058118, -0.066182, 0.041139, -0.053273, 0.057911, 0.041603, -0.128833, 0.097157, 0.057788, -0.008907, 0.041161, -0.027781, 0.067548, 0.056129, 0.058163, 0.086237, -0.009089, -0.0, -0.003342, 0.040506, 0.056563, 0.05169, 0.069992, -0.003926, 0.015556, 0.004921, -0.055112, -0.021513, -0.04039, 0.045819, -0.047666, 0.07381, 0.061421, -0.093894, -0.005811, 0.048343, 0.030335, -0.055131, 0.011102, -0.055913, -0.008805, 0.017801, 0.053543, -0.004153, 0.021381, -0.052988, 0.069962, 0.031985, -0.020596, 0.043312, -0.089119, -0.012229, -0.070492, 0.015415, -0.093466, -0.051832, -0.019589, 0.062494, -0.009381, 0.077935, -0.015971, -0.019286, -0.020234, -0.034981, 0.013697, -0.007933, 0.035136, 0.005133, -0.087699, -0.013616, 0.053779, -0.028423, 0.064216, -0.122832, 0.047959, 0.01656, 0.036385, -0.008686, -0.037488, -0.020373, -0.10344, 0.116301, -0.019427, 0.035105, 0.039116, 0.007758, 0.076454, 0.043615, 0.020826, 0.010141, 0.008349, -0.024391, -0.091615, 0.001751, -0.06392, -0.080322, 0.050925, -0.025274, -0.058696, 0.022677, -0.025355, 0.076587, 0.018992, -0.015275, -0.048005, 0.034115, -0.008913, 0.103174, -0.025119, -0.025883, -0.04888, 0.097827, -0.064891, 0.0, -0.055774, 0.007552, -0.0275, 0.006718, 0.076478, -0.07648, -0.072503, 0.005621, 0.055193, 0.036961, 0.011968, -0.033212, 0.041557, 0.035782, 0.031135, -0.061793, -0.006842, -0.04447, -0.015028, -0.004683, 0.021819, 0.058963, -0.007609, -0.037845, 0.072083, 0.052836, 0.007757, 0.048952, -0.001499, -0.001298, 0.005363, -0.054719, -0.053099, 0.055821, 0.00813, 0.053054, 0.013136, -0.065542, 0.005181, 0.00243, 0.057417, -0.059011, -0.051409, -0.018716, -0.073848, -0.007968, -0.04768, 0.067935, -0.059903, -0.056628, -0.068523, 0.016273, -0.031307, -0.106554, -0.052388, 0.010604, 0.091256, 0.028078, -0.025672, -0.006254, -0.008637, -0.060559, 0.060886, 0.007958, -0.087404, 0.021633, 0.073362, 0.111773, -0.028786, -0.05736, -0.072095, -0.073203, -0.032531, 0.043047, -0.082664, -0.00951, -0.027131, 9.4e-05, 0.028132, -0.029349, 0.03526, -0.097924, 0.025618, 0.003342, 0.059867, 0.026599, 0.062917, -0.035521, 0.039407, 0.139157, -0.10172, 0.059732, -0.082946, 0.100891, -0.057929, -0.0, -0.086384, -0.007642, 0.068799, 0.074083, 0.043301, 0.001645, -0.012156, -0.031385, 0.022323, -0.013806, 0.03119, 0.008159, -0.013553, 0.008747, 0.035517, 0.065909, -0.021479, 0.032233, -0.015292, -0.111885, 0.059457, 0.021956, 0.028176, -0.026046, -0.066751, -0.0983, -0.073501, 0.038098, -0.032378, 0.048989, 0.026417, 0.023923, 0.064477, 0.018704, 0.073322, 0.059259, -0.007706, 0.002885, 0.008742, -0.011233, -0.038292, 0.111395, -0.000321, -0.04567, -0.012785, 0.037815, -0.076721, -0.080738, -0.002619, 0.001134, -0.049977, -0.010051, 0.035438, 0.104963, 0.052154, 0.039024, 0.051524, -0.048086, -0.05261, 0.068232, 0.071297, -0.033748, 0.075685, -0.005863]","[""ART0464"", ""ART0102"", ""ART0683""]"
ART0521,Microsoft Azure Achieves Profitability Milestone,Microsoft,2024-01-25,AI_ML,79170000000,Strategic acquisition strengthens competitive position and technology capabilities.,https://technews.example.com/articles/521,Data Analytics,2018,"Austin, TX",48646,False,,6,Large,"[0.013547, 0.037909, -0.013708, -0.048506, 0.034621, 0.081549, 0.023331, -0.03116, 0.073279, 0.067211, -0.024885, 0.062483, 0.079737, 0.040872, 0.076244, 0.06038, -0.007736, -0.033661, -0.024828, -0.005667, -0.047226, -0.055421, 0.04809, -0.029255, 0.067806, -0.04115, -0.058161, 0.032126, 0.027056, -0.013631, -0.069636, -0.009918, 0.092034, 0.071366, 0.011933, 0.039492, -0.020617, -0.019676, -0.039018, -0.023248, 0.013493, -0.006081, -0.063482, -0.026012, 0.003228, 0.006789, 0.019539, 0.032641, -0.045496, 0.111271, -0.065239, -0.063559, -0.007745, -0.038713, -0.000211, 0.098421, 0.033789, -0.056358, 0.009199, -0.056188, 0.027639, -0.084082, -0.013856, -0.024137, 0.057225, -0.040922, -0.01658, 0.036567, -0.092144, -0.044545, 0.035135, -0.058817, -0.005772, 0.02162, -0.002765, 0.04768, 0.064046, 0.101289, 0.031511, 0.095883, -0.007148, 0.071823, -0.063338, 0.018846, -0.040946, -0.009302, 0.03232, -0.031362, 0.03258, -0.006928, -0.081807, -0.013577, 0.006913, -0.013052, 0.044642, -0.022236, -0.116053, -0.100885, 0.032515, -0.048486, -0.000264, 0.007303, -0.001563, -0.058551, -0.004767, -0.052547, -0.006933, 0.065829, 0.031089, 0.003006, 0.031619, 0.017525, 0.002088, -0.005411, 0.02918, 0.087576, -0.100474, 0.063587, 0.071863, -0.085881, 0.02815, -0.036313, -0.006609, -0.047912, -0.091266, -0.042161, -0.073563, -0.0, 0.038386, 0.054624, -0.033449, 0.019119, 0.010121, -0.032275, 0.105403, -0.056374, -0.072617, -0.026043, -0.101355, 0.059329, 0.039398, 0.032365, 0.084653, -0.01409, 0.041145, 0.023519, 0.076697, 0.029937, 0.005972, -0.060241, -0.00238, -0.011493, -0.012123, -0.063363, 0.037513, 0.044746, -0.041539, 0.003351, -0.018824, -0.042062, -0.03976, -0.016395, 0.042606, 0.024026, -0.069314, -0.050344, 0.077573, 0.124512, -0.054044, -0.015409, -0.049904, 0.063482, 0.000796, -0.012668, -0.039575, -0.03555, -0.011973, 0.014844, -0.043803, 0.020874, 0.032642, -0.052042, -0.014482, 0.008081, -0.004677, -0.020536, -0.040899, 0.042454, -0.072166, -0.090087, 0.028675, 0.028799, -0.043603, -0.004974, 0.053647, -0.022712, 0.045363, 0.010291, 0.053326, -0.079875, 0.070802, -0.04445, -0.007263, -0.056099, 0.013822, 0.004715, 0.127224, 0.020824, -0.05101, 0.043526, 0.037564, 0.005641, -0.102101, 0.007013, 0.061332, -0.116062, 0.015217, 0.082705, -0.043639, 0.024895, -0.056584, 0.050231, 0.01826, 0.0, 0.03936, 0.02022, -0.004367, -0.008197, -0.067229, -0.049111, -0.013784, -0.013933, -0.134625, -0.010582, 0.016347, 0.053087, -0.033658, 0.088975, -0.039472, 0.020417, 0.109267, -0.068769, 0.076378, -0.040061, 0.063503, -0.000845, 0.030398, 0.034558, 0.024308, -0.008099, -0.069289, -0.076955, 0.002615, -0.027227, 0.03408, -0.000528, -0.016645, 0.032817, 0.046471, 0.022986, 0.049473, -0.131272, 0.05058, -0.00932, 0.03103, -0.07429, 0.033463, -0.03282, 0.012171, 0.020004, 0.121329, -0.002879, 0.043653, 0.037975, 0.037011, 0.095307, -0.023843, 0.02954, -0.084033, -0.013686, 0.03013, 0.013743, -0.003949, -0.03655, 0.029076, 0.073635, 0.040104, 0.039178, -0.007809, 0.081723, 0.098263, 0.002128, -0.041658, -0.065074, -0.067664, -0.001419, -0.051003, -0.026307, -0.104357, 0.030675, -0.086919, -0.067799, -0.087402, -0.013446, -0.002935, 0.022084, -0.009763, -0.031505, -0.021312, 0.062642, 0.044769, -0.08036, -0.097666, -0.027341, -0.084742, -0.106927, -0.088447, 0.034891, -0.005422, -0.0, -0.017724, 0.016648, -0.00898, -0.009636, -0.03711, -0.000528, -0.022801, 0.114665, 0.072859, 0.00905, -0.076339, -0.085093, -0.069557, 0.06532, 0.057097, 0.044702, 0.033284, 0.018506, -0.012699, -0.018887, 0.02391, 0.106419, 0.015897, -0.040546, -0.064547, 0.038601, -0.002704, 0.047474, 0.037736, -0.02069, 0.068485, -0.013678, 0.030699, 0.003077, 0.01919, 0.007869, 0.04913, 0.048441, 0.047572, 0.044117, -0.084144, 0.090215, 0.009229, 0.085476, -0.05853, -0.031737, -0.06919, -0.040222, -0.018977, 0.003427, 0.085532, -0.000243, -0.00069, 0.064634, -0.044744, -0.00954, 0.012506, -0.059833, 0.012502, 0.098712, 0.027685, -0.067504, 0.042629, -0.053946]","[""ART0112"", ""ART0671"", ""ART0358""]"
ART0522,Azure Reports Record Revenue Growth,Microsoft,2024-10-27,AI_ML,83850000000,Major partnership validates technology and opens new revenue opportunities.,https://technews.example.com/articles/522,Data Analytics,2018,"Austin, TX",48646,False,,6,Large,"[-0.02232, 0.020427, -0.047115, -0.003825, -0.007247, 0.083361, -0.063012, -0.016481, 0.051618, 0.079492, 0.00428, 0.107685, 0.012958, 0.067057, 0.011328, 0.092663, -0.020353, -0.00982, -0.01238, -0.006979, 0.02042, -0.029986, -0.00415, -0.017455, 0.076055, -0.043311, -0.063594, 0.004769, -0.004793, -0.039202, -0.050189, 0.058308, 0.045577, 0.038857, 0.031998, -0.002096, 0.034972, 0.041811, -0.033802, -0.049285, 0.039368, -0.037204, -0.034929, -0.059554, -0.016797, -0.016558, -0.018215, 0.040108, -0.042103, 0.105115, -0.089264, -0.016144, 0.046576, 0.040853, -0.024726, 0.020535, -0.004426, -0.049218, -0.015751, -0.033926, -0.020497, -0.078982, -0.027227, -0.006982, -0.028281, 0.04185, -0.034968, 0.091925, -0.136653, -0.063035, -0.040286, -0.043122, -0.038864, 0.030221, -0.02494, -0.034314, 0.024998, 0.102182, 0.083902, -0.002543, 0.021129, 0.092312, -0.036985, 0.064733, 0.027647, 0.016863, 0.030452, -0.01765, -0.002179, -0.059285, -0.071114, 0.034628, 0.012691, 0.006131, -0.034649, -0.007463, -0.128056, -0.130003, 0.116629, 0.013716, 0.01856, 0.031997, 0.008557, -0.021972, 0.053596, -0.064043, 0.031252, 0.10801, 0.077824, 0.065636, 0.062918, 0.028937, -0.064707, 0.015416, 0.064616, 0.085038, -0.101801, 0.083528, 0.054545, -0.044544, 0.02505, 0.008767, -0.040291, -0.063322, -0.006156, -0.023268, -0.034561, 0.0, 0.011805, 0.049684, 0.026472, 0.008132, 0.03018, 0.054017, -0.014928, 0.018535, -0.061914, -0.032948, -0.077154, 0.106137, 0.050197, 0.057029, 0.015956, 0.031634, -0.028928, 0.10561, 0.05672, -0.014207, 0.074006, -0.029871, 0.073043, 0.082807, 0.02097, -0.035775, 0.039089, 0.060392, 0.043689, 0.001112, 0.012272, -0.046433, 0.001201, -0.09591, 0.001102, 0.073722, -0.025912, -0.056306, 0.037247, 0.103786, -0.020635, 0.023926, -0.0673, 0.020476, -0.082506, -0.008835, 0.004899, 0.006239, 0.030416, 0.019729, -0.031069, 0.044751, -0.033293, -0.038, -0.003821, 0.050187, 0.003812, -0.066955, -0.010373, -0.007781, -0.012954, -0.142863, -0.011089, 0.032262, -0.10122, 0.055684, 0.086481, 0.021133, 0.043862, 0.01493, 0.029494, -0.088927, 0.027067, -0.035658, 0.010456, -0.086177, -0.023345, 0.00707, 0.021103, 0.096826, -0.019276, -0.048344, 0.053239, 0.03999, -0.120242, 0.009627, 0.028446, 0.006623, 0.039286, 0.069378, -0.024563, 0.035333, -0.025703, 0.033215, 0.007231, -0.0, -0.02305, 0.089232, 0.011586, 0.009337, -0.016802, -0.038472, 0.010467, -0.038377, -0.016694, 0.028786, 0.033974, 0.050278, -0.035937, 0.068593, -0.057048, -0.066476, 0.088072, -0.098017, 0.081968, -0.036188, 0.034106, 0.020208, 0.029678, 0.054161, 0.001531, 0.027674, -0.056823, -0.017959, 0.018413, 0.00327, 0.000564, 0.003568, -0.042271, 0.005174, 0.003156, -0.014734, -0.024636, -0.12638, -0.006992, -0.021236, 0.054774, -0.040621, -0.006147, -0.01931, -0.065032, -0.014752, 0.02634, 0.076296, 0.022491, -0.037824, -0.001334, 0.094615, -0.042017, 0.00902, -0.079195, 0.027852, 0.014455, 0.048496, -0.11959, 0.01023, 0.01473, 0.03505, -0.010949, 0.053516, 0.009456, 0.015531, 0.115645, -0.054228, -0.006947, -0.028646, -0.02263, -0.004194, 0.000382, -0.029532, -0.081939, 0.029548, -0.052982, -0.083111, -0.040325, -0.005357, -0.008384, 0.025761, 0.06502, -0.005716, -0.060242, 0.014815, 0.037477, -0.083188, -0.069117, 0.014756, -0.09932, -0.066349, -0.112079, -0.000808, 0.005475, -0.0, 0.00817, 0.009518, -0.029704, -0.007194, -0.036145, -0.058805, 0.037909, 0.112212, 0.062693, 0.014981, -0.032082, -0.082481, -0.049838, -0.000569, 0.106088, 0.018783, 0.051236, -0.041346, -0.049611, -0.053591, -0.04869, 0.100634, 0.011777, -0.034398, -0.040345, 0.016227, 0.001983, 0.07422, 0.015534, -0.034752, 0.053135, -0.000215, 0.032436, -0.015656, 0.029265, 0.020795, -0.017791, 0.038449, 0.070434, 0.028782, -0.078379, 0.088282, 0.007286, 0.026233, -0.096102, -0.068684, -0.024752, -0.031226, -0.034754, -0.010629, 0.042136, -0.034011, 0.01402, -0.001114, -0.021303, 0.034094, -0.03227, -0.129129, 0.041947, 0.062348, 0.109816, -0.092843, 0.067263, -0.036706]","[""ART0039"", ""ART0080"", ""ART0563""]"
ART0524,NVIDIA Releases Open Source Framework,NVIDIA,2024-06-21,FINTECH,54000000000,International expansion strategy focuses on enterprise customers in key markets.,https://technews.example.com/articles/524,AI/ML,2017,"London, UK",22031,False,,7,Medium,"[0.080871, -0.05349, 0.001697, -0.066021, 0.112037, 0.006845, -0.043314, 0.035154, -0.01403, -0.030347, -0.014442, 0.060305, -0.07206, -0.00905, 0.093037, -0.002922, 0.002453, -0.079293, -0.011768, -0.019878, -0.038892, -0.036668, 0.043974, -0.005555, 0.011706, -0.048838, 0.010349, -0.01138, 0.033534, -0.013845, -0.008948, 0.086699, 0.072598, 0.010155, 0.041811, -0.012404, -0.017051, -0.025844, -0.0918, -0.022783, 0.03618, -0.029216, -0.012889, 0.05509, 0.071934, -0.046717, -0.024429, 0.036446, 0.009899, -0.051836, -0.031132, -0.046719, -0.024121, -0.084788, 0.002105, -0.002524, -0.028811, -0.088579, 0.00752, 0.00275, 0.067169, -0.084814, -0.038542, 0.080752, 0.05217, 0.007868, 0.02795, 0.010973, -0.038114, -0.11624, -0.030378, -0.043109, -0.019426, 0.044361, -0.059224, -0.000991, 0.040203, 0.011891, 0.105596, 0.075865, 0.053835, 0.093099, 0.030767, -0.013805, -0.000759, -0.016384, 0.097785, -0.049018, 0.000274, -0.039769, -0.036171, -0.032344, 0.070073, 0.070214, -0.051538, -0.037648, 0.014486, -0.09371, 0.014274, 0.053251, 0.017886, -0.037291, 0.034243, 0.061017, -0.054861, 0.044962, -0.016992, 0.056517, 0.005916, 0.043871, -0.05098, 0.005869, -0.050845, -0.06446, -0.039396, -0.035276, -0.064529, 0.002936, 0.052595, 0.005438, -0.043935, -0.030193, -0.028654, -0.028673, -0.038349, 0.058031, -0.045134, 0.0, -0.074196, -0.020237, 0.019051, 0.026984, -0.005104, 0.054468, 0.04506, 0.058964, -0.064209, -0.016121, -0.025536, 0.130401, 0.014886, 0.046504, 0.097151, -0.037024, -0.018661, 0.159533, 0.103462, 0.095075, 0.069394, -0.025506, 0.054443, 0.029751, 0.005954, -0.026097, -0.052563, 0.012941, 0.028221, 0.017785, 0.054366, -0.018243, -0.059541, -0.049318, -0.006721, 0.053272, -0.017962, -0.065119, 0.034111, 0.056005, -0.048915, 0.11951, -0.057242, -0.07467, -0.015975, 0.038082, 0.005793, -0.062198, 0.009822, 0.015911, -0.077491, 0.022796, -0.011814, -0.016579, 0.115437, 0.035264, -0.02876, -0.062835, 0.056632, -0.022101, -0.123623, -0.069247, -0.072, -0.029723, 0.019733, 0.026891, 0.060693, -0.030522, -0.040561, 0.023573, 0.00588, 0.021767, 0.007334, 0.015617, 0.019815, -0.004756, -0.115844, 0.051467, 0.074563, -0.047398, -0.105268, 0.060023, 0.00477, 0.045538, -0.023537, 0.03307, 0.019237, 0.017055, -0.001261, -0.054187, -0.092235, 0.006119, -0.000613, 0.037295, 0.062299, -0.0, 0.074958, -0.025291, -0.047998, -0.06138, 0.026549, -0.004069, -0.072833, 0.067955, -0.001335, 0.004167, 0.007723, 0.018394, 0.07928, 0.063954, -0.057813, -0.100746, 0.020787, -0.028051, -0.015677, -0.038573, -0.006383, -0.068632, -0.040425, -0.033734, 0.119443, -0.00358, -0.021643, -0.040644, -0.023898, -0.070127, -0.034189, 0.031674, -0.029361, 0.08586, 0.04722, 0.062652, -0.060191, 0.000866, 0.029872, 0.056516, -0.002444, -0.010441, 0.039876, -0.035594, -0.061865, 0.032855, -0.018011, 0.041369, -0.001791, -0.076286, -0.027859, 0.032724, 0.001679, -0.043216, -0.08889, 0.018972, 0.084108, 0.041215, -0.041468, -0.012919, 0.030853, 0.07667, -0.022163, 0.009153, -0.005635, -0.053496, -0.001468, 0.033341, 0.044303, -0.068278, -0.03671, -0.043413, -0.074761, -0.002356, -0.096079, 0.028139, 0.019218, -0.073733, 0.052833, -0.017027, 0.017851, -0.082634, 0.096996, 0.073822, 0.020842, -0.029361, 0.083083, -0.114151, 0.037013, 0.028167, -0.09408, 0.047325, -0.076218, 0.042632, 0.016084, -0.0, -0.058444, -0.01224, 0.035516, 0.127412, -0.031668, 0.004711, -0.011998, 0.040407, 0.007886, 0.049483, -0.011529, -0.011165, -0.03725, 0.055535, 0.021357, 0.099544, -0.013664, 0.110118, -0.029288, 0.039783, -0.02734, 0.07657, 0.078379, -0.094953, -0.016831, -0.018022, 0.011909, -0.022152, 0.072471, -0.082049, 0.013333, 0.052267, 0.069327, 0.049152, 0.010448, 0.03178, 0.026044, 0.055122, 0.04347, -0.010718, -0.026989, 0.030749, 0.01961, -0.055029, -0.04369, -0.034355, -0.05186, -0.054982, -0.026325, 0.00086, -0.028776, 0.043619, -0.067952, 0.05389, 0.027484, 0.019268, -0.044835, -0.018291, 0.009782, 0.067604, -0.049382, -0.121377, 0.062393, 0.058953]","[""ART0621"", ""ART0497"", ""ART0427""]"
ART0534,Anthropic Achieves Profitability Milestone,Anthropic,2023-02-28,AI_ML,320000000,Investors show strong confidence in the company's growth trajectory and market position.,https://technews.example.com/articles/534,FinTech,2006,"San Francisco, CA",43747,False,,17,Large,"[0.065552, 0.071535, -0.026779, 0.007832, 0.005838, 0.027137, 0.08857, 0.012299, -0.034837, 0.050178, -0.007236, 0.037072, -0.054906, -0.070009, 0.029165, -0.055357, -0.01361, -0.071081, -0.034404, -0.006186, -0.021595, -0.073095, 0.047998, 0.01782, -0.015884, 0.001117, -0.02332, 0.041823, -0.004283, 0.04307, -0.023021, 0.03327, 0.12318, -0.008694, 0.013646, 0.028519, -0.044055, -0.046194, 0.01735, 0.057004, 0.016137, -0.039843, -0.072748, -0.068319, -0.044187, -0.061542, 0.095726, -0.003409, -0.015096, 0.038094, -0.108139, -0.021281, 0.034901, -0.105414, -0.074235, -0.027043, -0.031156, -0.088215, -0.026339, -0.050296, 0.019597, -0.006302, 0.009447, 0.051686, 0.134661, -0.005144, -0.016815, 0.021836, -0.034585, 0.022497, 0.06311, -0.096062, -0.046677, 0.039519, -0.035387, 0.025312, 0.026739, 0.00411, 0.072849, 0.015188, 0.056287, -0.030066, -0.072662, 0.047272, -0.090114, 0.043444, 0.068002, 0.0679, 0.021868, -0.027515, -0.08068, -0.013995, -0.07417, -0.050055, -0.046904, 0.0944, -0.095986, -0.123523, -0.036611, 0.010382, 0.006756, 0.002851, 0.010154, -0.028377, -0.034412, -0.116064, -0.052647, 0.009536, 0.063245, 0.056484, -0.10319, 0.039783, 0.021666, 0.069908, 0.044181, 0.02674, -0.122867, 0.020149, 0.078918, -0.021507, 0.126902, 0.020899, 0.047175, 0.063388, -0.01568, -0.077868, -0.010659, -0.0, -0.053633, 0.004499, 0.132243, 0.004041, -0.035407, 0.023092, -0.039106, -0.056382, -0.031395, 0.040102, -0.043487, -0.059251, 0.05147, 0.031106, -0.004661, 0.03703, -0.039137, 0.054454, 0.016028, 0.060067, 0.052193, -0.030655, -0.040714, 0.028408, 0.018778, 0.031417, 0.006471, 0.018147, -0.048699, 0.031424, 0.060122, 0.003441, -0.111127, -0.06614, -0.078503, -0.022903, -0.093575, -0.015956, 0.013972, 0.043134, -0.044316, -0.006245, 0.028533, 0.024733, 0.052915, 0.095366, 0.010204, 0.016514, -0.016487, 0.055912, -0.042105, 0.029654, 0.103209, -0.033558, 0.035224, -0.0218, -0.009168, -0.010429, -0.083716, -0.042713, -0.041238, 0.004222, -0.04781, -0.043404, -0.087947, 0.113343, -0.011456, -0.035041, 0.063554, 0.094428, 0.057335, -0.033058, 0.016517, 0.00678, -0.028079, 0.017869, -0.067913, 0.025398, 0.093585, 0.071757, 0.012159, 0.032227, 0.053934, -0.039386, 0.061279, -0.021899, -0.000763, 0.004383, 0.019048, 0.054188, 0.110435, -0.013929, -0.02789, 0.148317, -0.07979, 0.0, -0.024966, 0.022861, -0.011308, -0.026832, -0.032584, 0.024162, -0.032252, 0.002348, -0.044492, 0.051151, -0.030368, 0.065521, 0.052296, 0.033765, -0.008696, -0.022584, 0.127768, -0.035438, 0.121928, -0.020238, 0.036787, 0.010858, -0.054925, 0.014344, 0.046048, -0.01367, 0.001805, -0.005746, -0.048412, -0.092464, -0.025824, 0.046321, -0.047357, -0.031674, 0.078876, 0.003559, -0.075436, -0.030553, -0.009878, 0.031339, 0.022463, -0.011489, 0.043252, -0.02286, -0.002389, -0.037584, 0.032592, -0.001329, 0.040438, 0.058888, 0.003681, 0.025561, -0.02838, -0.067917, -0.008493, 0.072083, -0.074205, -0.022351, -0.030192, -0.039679, -0.025895, 0.063071, 0.045647, 0.170066, -0.076968, 0.034474, 0.017665, -0.050103, -0.014233, -0.067878, 0.036807, 0.003177, -0.023802, -0.027081, -0.065982, 0.038566, 0.036155, -0.016422, 0.004188, -0.014717, -0.024671, 0.014308, 0.031769, 0.014965, -0.079559, 0.057191, -0.069768, 0.015717, -0.048988, 0.062587, -0.014006, -0.049779, -0.068097, -0.031168, 0.05367, -0.0, -0.016518, -0.003461, 0.065883, -0.025752, 0.016965, 0.047935, 0.039702, 0.007453, 0.009305, 0.019905, -0.017733, -0.016612, -0.013218, 0.115098, -0.030677, -0.025065, 0.024353, 0.08807, -0.054758, -0.017106, 0.043171, 0.006045, 0.018348, -0.038906, -0.016768, -0.034118, -0.013786, -0.051536, -0.049665, 0.062716, -0.010283, -0.045282, -0.002356, 0.032334, -0.00078, -0.039303, -0.010752, 0.025638, 0.040976, -0.096461, -0.017729, 0.124725, 0.033796, 0.045734, 0.058061, -0.040245, -0.015051, -0.033001, 0.004323, -0.124507, 0.062317, -0.00679, -0.032653, -0.043657, 0.007316, 4e-06, -0.052877, -0.009748, -0.101676, 0.054214, 0.05599, -0.064742, -0.025313, 0.020384]","[""ART0330"", ""ART0244"", ""ART0454""]"
ART0536,Cohere Acquires Competitor for Undisclosed Sum,Cohere,2023-11-05,AI_ML,115600000,The company demonstrated significant advances in model performance and efficiency.,https://technews.example.com/articles/536,,,,,,,,,"[-0.046254, 0.02741, -0.040528, -0.012982, 0.030108, 0.009579, -0.005024, 0.011022, 0.060687, -0.040518, 0.037135, -0.020494, 0.035609, -0.030547, 0.007317, -0.068086, 0.096692, -0.054396, 1.6e-05, -0.101947, -0.052503, -0.070206, -0.033234, 0.057583, 0.058031, -0.067017, 0.005144, 0.017723, 0.008138, -0.031671, -0.025897, -0.005727, -0.04543, 0.002033, -0.021383, -0.003678, 0.060586, -0.020047, 0.016376, 0.077791, 0.010436, 0.018477, -0.053799, 0.001248, -0.051408, -0.032395, -0.040667, -0.020375, -0.012314, -0.028301, -0.025502, -0.040058, -0.051132, -0.075084, 0.010179, 0.03212, -0.070977, 0.010573, 0.011258, -0.054653, 0.128061, -0.054757, 0.055971, 0.054678, 0.051052, -0.01371, -0.007116, 0.017142, -0.023903, -0.041265, 0.067285, -0.01297, -0.030589, -0.031219, -0.005589, 0.111525, -0.021177, 0.040051, 0.073096, -0.033275, 0.006537, 0.036327, -0.008484, -0.024264, -0.018391, 0.026507, 0.046257, 0.009481, 0.016752, -0.083409, 0.011289, -0.047795, 0.006889, 0.016397, -0.025352, 0.03022, -0.003723, 0.04275, -0.019085, 0.019697, -0.006923, 0.056413, -0.013815, 0.011936, 0.004278, -0.021043, 0.061059, 0.01829, 0.101793, 0.070252, -0.040498, 0.054027, -0.03284, 0.022971, 0.034948, 0.10856, -0.032832, 0.046582, 0.098125, -0.109246, 0.083553, 0.027667, -0.017071, -0.009373, -0.076784, -0.005998, -0.081383, -0.0, -0.012222, 0.108299, 0.076458, 0.103542, -0.05285, -0.061178, 0.005952, 0.024763, -0.049649, -0.024523, -0.110677, 0.036528, -0.015927, 0.004087, 0.022187, -0.002669, -0.037773, 0.087417, 0.028181, 0.002659, 0.082433, 0.031144, -0.009027, 0.118483, 0.04032, -0.078386, -0.02823, -0.015546, -0.013842, 0.021476, -0.009621, -0.032504, 0.037931, 0.017627, -0.045725, 0.000351, -0.082055, -0.180508, 0.019639, 0.014189, 0.026253, -0.028719, -0.042747, -0.078668, -0.088289, -0.023048, -0.097285, -0.045938, -0.081691, 0.02366, -0.076357, 0.072278, -0.015784, 0.053328, -0.000374, -0.029393, 0.001964, -0.019154, 0.106194, 0.050188, -0.047397, 0.039455, -0.011837, 0.062879, -0.061677, 0.066021, 0.048933, -0.02243, -0.046214, 0.049825, -0.038194, 0.013135, -0.039333, -0.023974, 0.054189, -0.102788, 0.040667, -0.045306, 0.069833, -0.010865, 0.046452, -0.014882, 0.061305, -0.038299, -0.073207, -0.033169, -0.008746, -0.034415, 0.0238, 0.110037, 0.028694, 0.08271, -0.008542, 0.042404, -0.003562, 0.0, 0.006714, 0.006562, 0.02167, -0.10588, -0.023051, 0.048019, 0.026758, -0.095404, -0.007757, -0.07798, 0.076908, -0.002313, 0.035923, -0.009873, 0.022603, 0.034374, 0.022507, -0.065204, 0.103864, -0.007315, 0.092079, -0.046391, 0.034438, -0.06738, 0.047563, 0.000912, -0.025959, -0.066306, -0.047907, 0.019157, 0.029767, -0.023435, -0.005585, 0.086623, -0.074951, 0.050829, 0.034088, -0.023983, 0.034788, -0.11575, -0.039184, -0.039034, 0.022963, 0.031571, -0.029058, 0.02596, -0.003525, -0.071365, 0.107589, 0.019052, 0.013883, 0.00331, -0.0645, -0.034319, -0.104057, 0.072638, 0.038019, 0.038521, 0.021855, 0.00439, -0.018784, 0.068745, -0.019161, 0.040423, 0.02637, 0.031645, -0.054888, -0.006204, 0.031278, -0.070784, 0.012055, 0.018771, -0.020423, -0.00329, -0.023489, -0.002767, -0.028511, -0.040739, -0.073018, 0.06539, -0.017441, 0.050225, 0.134037, -0.038801, -0.019535, 0.083402, -0.027212, 0.00496, -0.038477, 0.031501, -0.014445, -0.043399, -0.007582, 0.040114, 0.046027, -0.0, -0.009932, -0.028251, 0.114938, -0.051522, 0.019446, -0.097674, 0.025804, 0.016164, -0.011482, 0.007333, -0.049304, -0.100307, -0.023115, 0.101255, 0.012765, 0.005209, -0.079161, 0.041301, -0.011076, -0.055341, -0.007134, 0.037164, 0.078474, 0.012457, -0.046659, 0.060587, 0.060396, 0.044042, 0.016262, 0.029924, -0.004898, 0.023888, 0.042917, 0.05458, 0.018726, 0.015422, 0.011192, 0.107859, -0.079569, 0.025408, -0.070525, 0.076789, -0.016259, 0.029481, 0.102596, 0.006393, -0.050707, -0.066379, 0.002523, 2.6e-05, 0.087932, 0.022727, -0.020703, 0.048495, -0.02045, -0.031881, -0.071804, -0.069411, 0.007762, -0.044226, 0.019577, -0.142534, 0.137197, -0.001459]","[""ART0715"", ""ART0579"", ""ART0595""]"
ART0540,Uber Expands into European Market,Uber,2024-12-02,AI_ML,37400000000,Regulatory concerns focus on data privacy and market competition issues.,https://technews.example.com/articles/540,FinTech,2015,"San Francisco, CA",10144,False,UBER,9,Medium,"[0.052245, 0.008952, 0.003724, -0.043789, 0.035921, 0.072674, 0.028019, -0.020816, 0.003821, 0.01254, 0.007733, 0.088642, -0.008684, -0.03257, 0.060865, 0.033616, 0.032375, -0.104648, -0.092919, 0.04058, 0.019301, -0.063765, -0.021667, 0.026943, -0.016737, -0.032944, 0.036383, -0.026628, -0.007398, -0.05753, -0.027402, 0.052085, 0.007381, 0.02202, -0.02224, -0.11847, -0.030903, -0.019792, -0.061912, -0.066149, 0.049327, -0.126444, -0.133429, 0.010114, 0.003569, 0.036766, 0.084543, 0.017729, -0.032362, -0.045145, -0.013424, -0.046422, 0.079045, -0.077795, -0.079227, -0.094072, -0.055845, 0.024007, 0.035175, 0.082463, 0.040128, -0.002405, -0.02388, 0.086734, 0.003683, 0.047904, -0.038612, -0.014673, -0.073218, -0.049986, 0.03544, -0.065071, -0.014696, 0.039584, 0.070656, -0.02013, -0.058478, 0.037219, 0.037638, 0.013335, 0.043255, -0.016403, 0.016797, 0.053614, -0.024375, -0.06011, 0.00426, -0.065647, -0.033842, -0.034011, -0.016036, -0.078768, 0.01647, 0.04439, 0.025468, 0.024383, 0.001945, 0.025135, 0.062555, -0.01532, 0.042418, 0.078951, -0.062611, 0.081489, -0.052138, 0.002551, 0.045303, -0.033058, 0.043892, 0.036631, -0.008729, -0.015309, -0.005724, -0.054706, -0.00597, -0.013274, -0.067288, 0.016034, 0.079854, 0.030047, -0.115176, 0.016108, 0.011738, 0.042192, 0.0261, 0.013635, -0.07569, -0.0, -0.105719, -0.047813, -0.054923, -0.002734, -0.043354, -0.007582, -0.084649, 0.044199, -0.116441, 0.039247, -0.03371, 0.038105, 0.053172, -0.016521, 0.094313, 0.074097, 0.011806, 0.071721, 0.065159, -0.009891, 0.051094, -0.078941, 0.033365, 0.111226, 0.031665, 0.009446, -0.001532, -0.024067, 0.123592, 0.019868, -0.085632, 0.006754, 0.038416, 0.031109, -0.009082, 0.142028, -0.058656, -0.013974, -0.060393, 0.032333, 0.044628, -0.016579, -0.058568, -0.030248, -0.046465, 0.027545, -0.029778, -0.030338, -0.006666, 0.063607, -0.016241, 0.068725, -0.01579, -0.059948, -0.015164, 0.016569, -0.075372, -0.081216, -0.043078, -0.006759, -0.061576, -0.013965, 0.020937, -0.000614, 0.017985, 0.071013, 0.024843, -0.012017, 0.014097, -0.000955, 0.013562, -0.02389, 0.038423, 0.014208, 0.031955, 0.032315, -0.037811, 0.029098, 0.019449, -0.03046, 0.034931, -0.04, 0.008156, 0.04217, -0.105084, -0.016964, 0.014369, 0.007458, 0.014977, 0.059879, -0.077369, 0.00854, -0.094505, 0.034459, 0.002443, -0.0, 0.008979, -0.018374, -0.036406, -0.046543, 0.031617, 0.059362, 0.011766, 0.005653, 0.098541, 0.061549, -0.051977, -0.049761, 0.089865, -0.060371, -0.03422, -0.014227, -0.005658, -0.022562, -0.004927, 0.020942, -0.030188, 0.008779, -0.013821, 0.068368, 0.092526, -0.028832, -0.094846, 0.005366, 0.130077, -0.002688, -0.075674, 0.004536, 0.008449, 0.00997, -0.077709, 0.035223, -0.00499, 0.076158, 0.075325, -0.023351, -0.015643, -0.019562, -0.059508, -0.007356, 0.032417, -0.010945, 0.037654, 0.022851, 0.033379, -0.042458, 0.100982, 0.087064, 0.067168, 0.027888, -0.053726, 0.074462, 0.08709, -0.007493, -0.024572, 0.06208, 0.047791, 0.068465, 0.037463, 0.015813, -0.010926, -0.100128, -0.032622, -0.041777, 0.001401, -0.049533, 0.049006, -0.107942, -0.084845, 0.041802, -0.04712, 0.027389, 0.026003, -0.008963, -0.067702, 0.078293, 0.100023, -0.028344, 0.084985, 0.046769, 0.054055, 0.003463, 0.029207, -0.098904, 0.012436, -0.012284, -0.057162, -0.003088, -0.165737, -0.020347, -0.031865, -0.0, 0.007593, -0.05041, 0.054654, 0.080826, 0.033113, 0.005944, 0.031686, 0.090368, -0.109386, 0.006376, 0.023912, -0.012477, -0.082488, 0.014812, 0.013744, 0.045457, 0.027804, -0.017918, 0.019776, 0.10604, -0.031437, 0.010638, -0.090129, -0.043552, 0.033353, 0.007958, 0.00576, 0.024591, 0.024543, 0.006239, -0.005508, 0.009933, 0.069708, -0.021422, -0.102304, -0.052054, 0.004885, 0.067885, -0.057638, -0.027057, -0.029256, 0.058443, 0.014487, -0.038381, -0.048073, -0.009141, -0.055441, -0.04662, 0.018265, 0.067705, 0.014492, -0.067267, 0.076923, 0.057174, 0.080499, -0.048309, -0.026119, -0.03054, -0.022318, 0.008855, 0.060038, 0.044693, 0.052279, -0.018486]","[""ART0194"", ""ART0405"", ""ART0389""]"
ART0542,Databricks Announces Breakthrough in Large Language Models,Databricks,2024-07-03,AI_ML,3168000000,Financial results exceed analyst expectations across all key metrics.,https://technews.example.com/articles/542,Data Analytics,2003,"Berlin, Germany",17962,True,DATA,21,Medium,"[-0.014672, -0.055914, -0.009035, 0.009387, -0.01288, -0.029344, -0.058793, 0.072646, 0.010495, 0.027063, -9.5e-05, -0.001103, 0.00105, -0.03957, 0.015582, -0.017051, -0.007884, -0.054958, -0.06853, -0.086849, -0.010588, -0.002901, -0.007608, 0.040511, 0.118214, 0.013171, -0.039121, -0.03833, -0.023692, -0.013887, -0.077411, 0.04603, 0.076874, 0.077093, 0.034209, 0.027585, 0.01025, 0.014488, -0.02249, -0.050962, -0.073549, -0.003656, 0.058685, 0.013163, 0.030742, -0.079088, -0.028007, -0.054096, -0.0343, 0.07417, -0.215832, -0.015567, 0.065835, -0.038058, 0.050013, -0.074594, 0.059095, 0.043368, -0.004184, -0.081507, -0.070076, -0.090007, 0.000562, -0.016844, 0.066633, 0.075714, -0.06496, 0.033489, -0.059425, 0.074563, -0.00826, -0.019919, -0.0491, 0.041978, 0.010689, 0.02801, 0.012456, 0.005521, 0.037176, -0.052403, -0.031117, -0.047294, -0.011796, -0.035175, 0.029905, -0.013676, 0.010778, -0.002338, -0.001084, 0.041516, 0.010017, -0.075708, 0.060659, 0.018621, -0.091047, 0.056485, -0.024392, -0.08696, 0.040228, 0.043068, 0.002091, 0.072741, 0.006064, -0.074605, -0.081648, -0.096231, 0.071222, -0.061834, -0.018566, -0.013714, 0.058799, 0.023136, -0.025415, -0.01177, -0.016089, -0.100748, -0.056494, 0.005963, 0.035179, 0.083509, -0.048577, 0.137307, -0.004985, -0.004551, -0.088519, 0.021744, -0.037292, 0.0, -0.001937, 0.032425, 0.016648, 0.021517, 0.019707, -0.013391, -0.010473, 0.002479, -0.056247, -0.01642, 0.014956, 0.118145, -0.043481, -0.02414, -0.035711, -0.037496, -0.006489, 0.084753, -0.04511, 0.00256, 0.121535, -0.067378, 0.017113, -0.033938, 0.017083, -0.012007, 0.022448, -0.022051, 0.0158, 0.03974, -0.117528, 0.04232, 0.016465, 0.004173, 0.005151, -0.038299, -0.061927, -0.040089, 0.039663, 0.002398, -0.023808, 0.017101, -0.02197, -0.063693, -0.051637, 0.074608, 0.032266, 0.011178, 0.054309, -0.079782, -0.020659, -0.02906, -0.016301, 0.097472, 0.054633, 0.053586, 0.049607, -0.081311, 0.018931, 0.054036, -0.020526, 0.038678, 0.066907, 0.003435, -0.030365, 0.115301, -0.01616, 0.042646, 0.049563, 0.078258, 0.020824, -0.036377, 0.072818, 0.065713, 0.021476, -0.05966, 0.048816, -0.056589, 0.018216, 0.036563, -0.026305, -0.066368, 0.023322, -0.056289, -0.00673, 0.000562, -0.010615, -0.02931, -0.019456, -0.019802, -0.052152, -0.058263, 0.018779, -0.01422, -0.024489, -0.0, -0.069637, -0.034688, 0.027152, 0.010782, -0.042705, -0.023035, 0.018489, -0.020113, 0.055972, 0.037588, 0.00342, -0.032949, 0.078175, -0.023073, 0.09342, -0.07824, 0.078128, -0.004568, 0.088501, 0.029082, -0.043721, 0.016953, -0.101025, 0.08443, 0.070614, -0.002859, -0.089876, 0.021201, -0.042796, -0.017533, -0.021438, -0.004667, -0.054209, 0.028158, -0.057741, 0.024794, 0.032242, -0.060102, -0.007144, 0.032309, 0.023402, -0.061558, -0.112511, 0.011111, 0.034203, 0.001136, -0.082928, 0.051768, 0.001448, -0.063781, 0.072525, 0.072862, 0.029207, 0.020254, -0.058398, -0.030204, -0.032456, -0.038461, -0.016845, 0.013626, -0.081988, 0.014375, 0.065899, 0.051837, -0.051097, -0.082595, 0.045318, -0.051828, -0.012224, -0.071406, 0.089912, -0.023069, 0.002759, 0.103994, -0.027869, 0.091932, -0.020227, -0.041627, 0.001244, -0.007497, 0.061289, 0.108059, 0.10823, 0.037744, 0.090605, 0.027874, 0.021439, 0.03447, -0.038851, 0.006085, -0.060401, -0.050586, -0.037098, 0.10782, -0.002228, -0.0, -0.039173, 0.045965, -0.024747, -0.008282, 0.037073, -0.041901, -0.091788, 0.09989, 0.000234, 0.02316, 0.041743, -0.041877, -0.107591, 0.004684, -0.027335, 0.032091, 0.063121, 0.032954, -0.014236, 0.038649, 0.027067, 0.050685, -0.022777, -0.075412, -0.01101, -0.000661, -0.055217, 0.064397, 0.008144, -0.058223, 0.006948, -0.088428, 0.045701, -0.01459, 0.027834, 0.031397, 0.047858, 0.045046, -0.004289, 0.049382, 0.020065, 0.052782, -0.076835, 0.010638, -0.058042, 0.020631, -0.104952, 0.033018, 0.027261, 0.011295, 0.062129, 0.01151, -0.016597, 0.035152, 0.060941, 0.062869, -0.051294, 0.040683, -0.042883, 0.012031, 0.105769, -0.094948, 0.040892, 0.035915]","[""ART0477"", ""ART0089"", ""ART0404""]"
ART0546,Nvidia Expands into European Market,NVIDIA,2024-07-18,FINTECH,58500000000,Community contribution aims to accelerate innovation and adoption.,https://technews.example.com/articles/546,AI/ML,2017,"London, UK",22031,False,,7,Medium,"[0.010657, -0.040409, -0.0497, -0.015129, 0.082864, 0.012107, -0.090964, 0.052005, -0.01864, -0.061349, -0.016144, -0.023141, -0.068021, 0.037607, 0.025118, 0.00012, 0.028106, -0.094264, -0.02493, -0.01057, -0.040705, -0.064029, 0.056546, 0.015743, -0.002469, 0.04032, 0.006075, -0.032357, 0.048727, -0.027664, -0.031538, 0.062438, 0.091151, 0.024419, 0.016328, -0.071525, 0.001561, -0.028982, -0.090435, -0.057445, 0.006663, -0.079059, -0.030631, 0.071041, 0.092701, 0.002701, 0.012007, 0.043324, 0.004999, -0.008614, -0.015881, -0.043439, 0.000581, -0.088359, -0.031221, 0.042853, -0.0499, -0.069411, 0.035777, -0.035454, 0.118962, -0.052522, 0.007496, 0.088613, 0.021373, -0.019993, -0.01706, 0.008863, -0.038401, -0.05304, 0.013334, -0.060648, -0.031426, -0.005995, -0.009092, 0.026591, -0.001455, 0.001796, 0.095532, 0.021703, 0.059262, 0.062758, 0.00339, 0.011197, 0.020133, -0.03713, 0.053371, -0.049794, -0.002263, -0.088392, -0.051879, 0.006512, -0.024452, 0.017125, -0.063271, 0.015051, 0.010798, -0.052564, 0.000166, 0.058673, 0.010735, -0.023407, 0.031791, 0.054224, -0.086481, -0.001535, -0.041063, 0.081154, 0.057965, 0.036405, -0.063571, -0.015484, -0.050587, -0.014223, -0.003571, -0.028097, -0.022857, -0.03241, 0.06423, 0.062544, -0.007348, -0.079963, -0.043336, -0.020592, 0.060025, 0.080858, -0.074963, -0.0, -0.053988, -0.006258, -0.01606, 0.049768, -0.03274, 0.040367, 0.012706, 0.015833, -0.02886, -0.080127, -0.046363, 0.097416, 0.027315, 0.109354, 0.053158, -0.028379, -0.047529, 0.05412, 0.027008, 0.072164, 0.059024, -0.005373, 0.068283, 0.036538, -0.025975, -0.050797, -0.077032, 0.025568, 0.106223, 0.02442, 0.067361, -0.024819, -0.032393, -0.092462, 0.006788, 0.041669, 0.061086, -0.09018, 0.050409, 0.055539, -0.027875, 0.074625, -0.058335, -0.066862, -0.01866, 0.053384, 0.001641, -0.019853, -0.023274, 0.013143, -0.069223, 0.034747, -0.044129, 0.00068, 0.090282, 0.022188, -0.034436, 0.001826, 0.045888, -0.081968, -0.118909, -0.045235, -0.035567, 0.011257, 0.029335, 0.063678, 0.14017, 0.070421, -0.038462, 0.002202, 0.026735, 0.002761, -0.067958, -0.011777, -0.009424, -0.00634, -0.13456, 0.036923, 0.055433, -0.013593, -0.073768, 0.006654, -0.017217, -0.007071, -0.001895, 0.012285, 0.001852, 0.005419, -0.016052, -0.1118, -0.034957, 0.028703, 0.038329, 0.043051, 0.073201, 0.0, 0.048113, -0.023856, 0.024287, 0.022914, 0.052299, 0.013199, -0.108179, -0.082064, 0.062584, 0.04155, 0.03393, 0.04154, 0.064437, 0.045649, -0.03799, -0.028157, 0.009557, 0.035622, 0.009106, -0.07681, 0.040412, -0.056696, -0.024264, 0.013918, 0.078125, -0.014477, -0.045586, -0.061145, 0.003012, -0.0846, -0.085897, 0.055069, -0.021997, 0.025244, 0.102229, 0.091812, 0.015938, -0.003148, 0.014973, -0.02929, 0.038181, -0.001463, 0.036473, -0.004941, 0.013177, 0.050836, 0.036992, 0.000974, 0.045684, -0.017762, 0.054367, -0.018165, 0.0503, -0.023567, -0.040815, 0.063489, 0.103532, 0.039885, 0.022498, -0.014779, 0.026684, 0.014805, -0.092991, -0.002727, -0.0163, -0.056668, -0.000866, 0.034814, 0.031779, -0.057899, -0.020057, -0.056866, -0.071641, -0.04115, -0.166843, -0.051403, 0.087385, -0.033348, 0.033002, -0.058514, -0.021197, -0.097284, 0.096526, -0.036481, 0.060982, -0.03562, 0.02413, -0.102135, 0.020196, 0.029781, -0.094058, 0.03105, -0.071759, 0.00039, -0.025184, -0.0, 0.017046, -0.016062, -0.001113, 0.138454, 0.062573, -0.036952, -0.091067, 0.104338, -0.015068, 0.048661, 0.045976, 0.020116, -0.031895, 0.061, 0.052513, 0.072899, 0.013602, 0.077052, -0.000118, 0.096204, 0.014269, 0.064321, 0.022381, -0.066073, -0.05013, -0.024476, 0.041172, -0.04398, 0.046693, -0.141911, -0.044596, 0.030541, 0.077094, 0.057099, 0.020361, -0.019168, 0.045979, 0.046897, 0.052704, -0.03525, 0.018604, -0.0004, -0.001875, -0.069215, -0.07356, -9e-05, -0.028063, -0.036508, -0.096175, 0.022389, -0.077059, -0.001339, -0.022235, 0.012978, -0.019919, -0.025794, -0.037435, 0.019261, 0.018639, 0.004823, 0.02349, -0.031316, 0.056388, 0.033046]","[""ART0028"", ""ART0548"", ""ART0684""]"
ART0548,NVIDIA Corporation Expands into European Market,NVIDIA,2024-05-05,AI_ML,54000000000,Major partnership validates technology and opens new revenue opportunities.,https://technews.example.com/articles/548,AI/ML,2017,"London, UK",22031,False,,7,Medium,"[0.003227, -0.014316, -0.020781, -0.052867, 0.009112, 0.016369, -0.104326, 0.022442, 0.035161, -0.088594, -0.046054, 0.021411, -0.072935, 0.047004, 0.02736, -0.012835, 0.009786, -0.073386, -0.049317, -0.011046, -0.050632, -0.102305, 0.008024, -0.049927, 0.010314, -0.02069, 0.039469, -0.063315, 0.000753, -0.04615, -0.025115, 0.033129, 0.038058, 0.020031, 0.031592, -0.028692, -0.013986, -0.033689, -0.075812, -0.057028, 0.030117, -0.079923, -0.036835, 0.059794, 0.066305, -0.025663, 0.002305, 0.044052, 0.011522, -0.012366, -0.040818, -0.024704, 0.019175, -0.036658, -0.059376, 0.041946, -0.080121, -0.08988, 0.036548, 0.012767, 0.101834, -0.042587, 0.008723, 0.058384, -0.016164, -0.022637, -0.020217, 0.020185, -0.132406, -0.036438, 0.024775, -0.111347, -0.044402, 0.018883, -0.025451, 0.04789, -0.029463, 0.028848, 0.118806, -0.023577, 0.054693, 0.121338, -0.001114, -0.008136, 0.061907, -0.003115, 0.065067, -0.017451, 0.033814, -0.053065, -0.08045, -0.06762, -0.019038, 0.054015, -0.05788, 0.005723, -0.01224, -0.030977, 0.044155, 0.049095, 0.00945, -0.004796, 0.043136, 0.062079, -0.079, 0.012964, -0.02965, 0.079939, 0.068749, 0.020169, -0.061008, -0.005433, -0.073672, -0.032052, -0.033286, 0.03843, -0.089064, -0.033033, 0.072682, -0.01448, -0.046767, -0.027031, -0.050087, 0.00265, 0.038453, 0.051437, -0.044679, 0.0, -0.050027, -0.038186, -0.007144, 0.056563, -0.047043, 0.106359, -0.014844, 0.033269, -0.063889, -0.055036, -0.080599, 0.102041, 0.030084, 0.086305, 0.014903, -0.020187, -0.002309, 0.102927, 0.066668, 0.065391, 0.07695, 0.056609, 0.071814, 0.082476, -0.02723, -0.027038, -0.079355, 0.041642, 0.098003, 0.02944, 0.019382, -0.037683, -0.001634, -0.079066, -0.005067, 0.115704, -0.017247, -0.070726, 0.006919, 0.084478, -0.001458, 0.076189, -0.08197, -0.040931, -0.088134, -0.017651, -0.043987, -0.030984, -0.016606, -0.018778, -0.060512, 0.03553, -0.030403, -0.05253, 0.09598, 0.089058, -0.03831, -0.033655, -0.004599, -0.06281, -0.100488, -0.067559, -0.063893, -0.001181, 0.029315, 0.082907, 0.120062, 0.059418, -0.072317, -0.032219, 0.008512, 0.004589, 0.009437, -0.014349, 0.02187, -0.004461, -0.108882, 0.061377, 0.053591, 0.012252, -0.044529, -0.014367, 0.040833, -0.004264, -0.015262, 0.006944, -0.007759, -0.006179, -0.006487, -0.011594, -0.099265, 0.058837, 0.005635, 0.043239, 0.117169, -0.0, 0.068544, 0.013802, 0.027241, -0.022485, 0.010971, 0.029187, -0.055438, -0.042969, -0.002739, 0.049587, 0.025076, 0.032448, 0.08581, 0.014736, -0.064296, -0.06961, 0.048793, 0.020489, 0.034304, -0.065206, 0.050201, -0.029257, -0.021817, 0.030913, 0.052617, 0.009241, -0.028516, -0.037372, 0.010442, -0.030708, -0.063398, 0.059263, -0.036483, 0.069089, 0.063254, 0.057674, -0.029459, -0.021778, 0.040704, -0.051151, 0.024626, 0.005481, 0.053114, 0.012932, 0.004219, 0.033209, 0.026378, 0.028982, 0.04554, -0.064848, 0.010754, 0.024522, 0.001454, -0.003186, -0.048463, 0.054187, 0.070349, 0.042146, -0.018023, -0.005447, 0.057273, 0.037882, -0.02176, 0.014857, -0.021411, -0.004506, -0.023653, 0.040065, 0.069198, -0.061405, 0.010625, -0.030025, -0.063786, -0.020963, -0.120423, -0.04132, 0.052317, -0.092927, 0.05426, -0.021898, 0.006128, -0.096658, 0.102061, 0.014755, 0.021036, -0.015172, 0.052138, -0.120938, 0.032212, 0.001733, -0.078814, 0.011333, -0.053828, -0.001897, -0.025563, -0.0, -0.004761, -0.031355, -0.021222, 0.103958, 0.001881, -0.102196, -0.072045, 0.071648, 0.010808, 0.02798, 0.019537, -0.027539, -0.033751, 0.013569, 0.048509, 0.05193, 0.027124, 0.078337, 0.015996, 0.125591, -0.050715, 0.065777, 0.055161, -0.022454, -0.055779, 0.008027, 0.0666, -0.036816, 0.073855, -0.068222, -0.000226, 0.038442, 0.085055, 0.037827, 0.016781, -0.02578, 0.03612, 0.087036, 0.056006, -0.017173, -0.003211, 0.051105, -0.018546, -0.041267, -0.053396, -0.034444, -0.050534, -0.056184, -0.062942, 0.025384, -0.051216, 0.03788, 0.001532, -0.030384, -0.056118, -0.03378, -0.032331, -0.020002, -0.006158, 0.015324, -0.028423, -0.082143, 0.10027, 0.050408]","[""ART0028"", ""ART0183"", ""ART0546""]"
ART0550,Scale AI Faces Regulatory Scrutiny,Scale AI,2023-08-15,FINTECH,735000000,Strategic acquisition strengthens competitive position and technology capabilities.,https://technews.example.com/articles/550,AI/ML,2003,"Berlin, Germany",23379,False,,20,Medium,"[0.044639, -0.051807, -0.013264, -0.020974, 0.08418, 0.055541, 0.019241, 0.023992, 0.033289, -0.000734, -0.039725, 0.034056, 0.037874, 0.01874, 0.008562, 0.005123, -0.006194, -0.026985, -0.069821, -0.04342, 0.016763, -0.061597, 0.015597, -0.045065, 0.005617, -0.020817, -0.00737, -0.023845, 0.02455, -0.041115, -0.009504, 0.016507, 0.083858, 0.029716, 0.018621, 0.024867, -0.000353, -0.037619, 0.099239, -0.04562, 0.045497, -0.069986, -0.026705, -0.05011, 0.033573, 0.047138, -0.009929, -0.012214, -0.04162, 0.019753, -0.110015, -0.024503, -0.027494, -0.062946, -0.03303, 0.023638, 0.013273, -0.073452, 0.031176, 0.011436, 0.004432, -0.032509, 0.017836, 0.02115, 0.057154, 0.004101, -0.065533, -0.015692, -0.040761, -0.024818, 0.065329, -0.027466, 0.037662, 0.065373, 0.035429, 0.03235, 0.000197, 0.055837, 0.132064, -0.006312, -0.002162, -0.007752, -0.019868, 0.074341, -0.026736, -0.020597, 0.003197, -0.081936, 0.029871, 0.019574, 0.039035, -0.064994, 0.013343, 0.024239, 0.055954, 0.014024, -0.110284, -0.062647, 0.030014, -0.009475, 0.038563, 0.046779, -0.005479, 0.018704, -0.069378, 0.020526, 0.03689, -0.047591, 0.114873, 0.013159, -0.034101, 0.026525, 0.030242, -0.012718, 0.073785, 0.041142, -0.054136, 0.105994, 0.057283, -0.050288, -0.007092, -0.053964, -0.03076, 0.030191, 0.016174, 0.044239, -0.100581, -0.0, -0.046176, 0.00918, -0.00379, 0.04359, -0.047366, -0.025296, 0.028903, 0.020748, -0.099077, 0.04484, -0.088951, 0.079179, -0.034835, 0.070354, 0.078389, -0.029642, 0.034916, 0.068762, 0.067028, -0.016662, 0.005741, -0.098658, 0.005653, 0.021885, 0.042206, -0.087214, -0.042021, -0.005648, -0.055368, 0.014567, -0.093675, -0.019218, 0.02288, 0.008154, 0.02752, 0.017057, -0.037424, -0.037298, -0.008397, 0.090866, 0.021867, 0.042911, -0.077873, 0.014267, -0.004211, -0.008195, -0.032933, -0.047084, -0.061503, -0.048525, -0.033364, 0.066681, 0.076448, -0.159483, 0.07598, -0.01514, -0.039737, 0.003337, 0.000933, 0.018369, -0.052707, 0.012067, -0.06103, 0.163794, 0.040548, 0.112072, 0.026557, 0.038609, 0.037113, 0.039212, 0.049823, -0.043211, -0.013694, -0.005629, -0.031192, -0.054921, -0.068806, -0.012756, 0.066442, -0.04345, -0.067638, 0.001396, 0.016749, 0.041342, -0.001236, -0.065699, 0.030552, -0.076897, 0.053957, 0.086202, -0.091076, -0.015769, -0.059763, 0.09546, -0.002332, 0.0, -0.049614, -0.029129, -0.063879, -0.027595, -0.06203, -0.019758, -0.053713, 0.005093, -0.003867, 0.00992, -0.030977, -0.025979, -0.00431, -0.027929, 0.010136, -0.06084, -0.04104, 0.000926, 0.080539, -0.002086, 0.160584, 0.007797, 0.004245, 0.068407, 0.038487, -0.011014, -0.083443, -0.027212, 0.031925, 0.016628, 0.013005, -0.004066, 0.033337, 0.142689, 0.025633, 0.050072, 0.037021, -0.130508, 0.03475, 0.01084, -0.022989, -0.038141, -0.035888, -0.040769, 0.002283, -0.014942, 0.14326, -0.007069, 0.008529, -0.041335, 0.017794, 0.037035, 0.002147, -0.073419, -0.139083, 0.035224, 0.064082, 0.042112, 0.012461, 0.027453, 0.060325, -0.010934, -0.00634, -0.032715, -0.061339, 0.034705, 0.093724, 0.09517, -0.006698, -0.081794, -0.046791, -0.103892, -0.017866, 0.050335, -0.121185, 0.012417, -0.042884, -0.049755, -0.025497, 0.075732, 0.009464, -0.003435, 0.025927, 0.03568, 0.058897, 0.088613, -0.006101, -0.061898, -0.041694, 0.005238, -0.057572, -0.063709, -0.064896, -0.044286, -0.084229, -0.0, -0.033665, 0.003544, 0.090756, 0.089417, 0.031923, 0.006018, -0.083951, 0.001157, -0.007309, 0.024817, -0.028688, -0.067227, -0.050966, 0.030931, 0.075762, -0.013384, 0.022144, 0.052001, -0.020239, 0.04567, 0.032418, 0.098289, 0.021092, -0.035506, -0.001241, -0.066359, -0.03645, 0.049369, -0.016176, 0.093065, 0.04849, 0.019872, 0.042394, 0.01294, 0.040742, -0.011761, -0.008779, 0.054568, 0.002669, -0.037904, -0.050559, 0.077298, 0.008149, 0.040385, -0.010915, 0.027667, -0.124879, -0.053283, 0.049346, -0.011938, 0.085423, -0.034997, 0.03316, 0.053371, 0.06386, 0.01952, -0.019088, -0.034262, -0.066064, 0.038362, 0.053526, 0.013361, 0.029951, -0.072225]","[""ART0709"", ""ART0333"", ""ART0138""]"
ART0552,SpaceX Releases Open Source Framework,SpaceX,2024-08-06,AI_ML,9520000000,Regulatory concerns focus on data privacy and market competition issues.,https://technews.example.com/articles/552,AI/ML,2016,"Berlin, Germany",31018,False,,8,Large,"[0.034866, -0.030096, 0.012843, -0.040706, 0.086527, 0.019659, 0.02169, -0.008051, 0.012056, 0.024514, 0.004373, 0.103117, -0.004964, -0.065548, 0.045567, -0.013606, 0.015389, -0.032537, -0.06076, 0.040619, 0.02893, -0.035763, 0.010244, 0.033239, -0.02446, -0.001882, 0.026501, -0.025674, 0.006852, -0.035715, -0.026139, 0.068941, 0.065984, 0.000629, 0.042973, -0.041072, 0.012366, -0.082229, -0.118249, -0.037634, -0.017666, -0.104927, -0.09833, 0.06367, -0.046341, -0.019917, 0.08434, -0.068528, 0.021036, -0.032301, -0.062955, -0.079113, 0.024453, -0.043651, -0.020723, -0.093932, -0.048203, -0.048305, 0.010387, 0.00082, 0.014869, -0.069853, -0.056605, 0.114498, 0.03958, 0.045841, -0.048773, 0.017814, 0.003848, -0.123454, -0.013473, -0.028427, -0.010905, 0.044167, 0.041172, 0.005584, 0.01984, 0.018371, 0.124911, 0.025427, 0.07214, -0.0432, -0.018214, 0.035247, -0.040137, -0.033819, 0.047963, 0.022108, -0.014392, -0.030089, -0.004072, 0.016649, 0.104531, 0.060338, -0.028442, -0.0344, -0.028061, 0.00462, 0.064868, 0.009692, -0.031113, 0.006901, -0.018286, 0.090878, -0.042835, 0.033288, 0.046151, 0.002699, 0.013533, 0.054264, -0.025278, -0.013088, -0.047182, -0.067322, -0.00856, -0.000628, -0.115257, 0.013747, 0.069559, -0.014366, -0.065732, -0.028244, 0.008851, -0.02498, 0.004371, 0.019887, -0.107711, -0.0, -0.090231, -0.03482, 0.01542, -0.040431, 0.013207, -0.01244, -0.026379, 0.017662, -0.120255, 0.086234, 0.004357, 0.056837, 0.021611, 0.046786, 0.124633, -0.000338, 0.010335, 0.060704, 0.08547, 0.0227, 0.081627, -0.055576, -0.012734, 0.031767, 0.044366, -0.012922, -0.012019, -0.057517, 0.062705, 0.025765, -0.066279, 0.003299, 0.08815, 0.048362, 0.041508, 0.100505, -0.009355, -0.047729, -0.02883, 0.036884, -0.010028, 0.017705, -0.002061, -0.045125, -0.009562, 0.019917, -0.01933, -0.078888, 0.046663, 0.043109, 0.022755, 0.109044, -0.026312, 0.006853, 0.044598, -0.009896, -0.046355, -0.039714, -0.025787, 0.059637, -0.127042, 0.029613, 0.023592, -0.014009, -0.005013, 0.05567, 0.032838, -0.062573, -0.009501, 0.039804, -0.041488, 0.002585, -0.01831, -0.025187, 0.016339, -0.053315, -0.081956, 0.021043, 0.046493, -0.044029, 0.001065, -0.004448, 0.042547, 0.124879, -0.098048, -0.018339, -0.011589, 0.091927, 0.013352, 0.05846, -0.025324, -0.06176, -0.053093, 0.054715, -0.048291, -0.0, -0.075428, 0.013104, -0.043046, -0.012526, 0.005673, 0.053141, -0.023274, 0.007099, 0.075999, 0.062645, -0.005179, -0.017961, 0.085147, -0.042931, -0.019512, -0.028989, -0.025049, -0.041277, -0.112147, -0.02391, -0.013157, 0.004717, -0.003608, 0.015821, 0.067363, -0.008155, -0.036309, -0.021051, 0.092761, 0.03761, -0.076981, 0.031372, -0.07106, -0.009398, -0.017772, -0.008308, 0.001092, 0.053674, 0.021815, -0.041234, -0.038174, 0.004933, -0.071521, -0.006105, -0.05544, -0.013713, -0.017889, 0.048239, 0.04021, -0.025081, -0.0159, 0.049756, 0.084102, -0.076503, -0.060769, 0.018424, 0.089797, 0.040028, 0.025473, 0.085096, 0.086388, 0.06152, -0.001094, 0.054221, 0.039884, -0.05186, -0.027934, 0.019181, -0.040065, -0.005609, 0.026787, -0.083258, -0.091927, 0.03235, -0.030149, 0.064945, 0.005309, 0.010767, -0.028732, 0.185979, 0.172128, -0.008859, 0.099832, 0.034762, 0.046626, -0.004241, 0.059275, -0.130616, -0.020004, -0.010645, -0.115834, -0.022517, -0.120562, 0.067454, 0.008478, -0.0, -0.031564, -0.076447, 0.013195, 0.054977, -0.034818, 0.066418, 0.025078, 0.030741, -0.036948, 0.01304, 0.077301, -0.010228, -0.087233, 0.015881, -0.018809, 0.06112, -0.005783, -0.016358, 0.004398, 0.036055, -0.039184, 0.045093, -0.049701, -0.034067, 0.035336, 0.016648, 0.08183, 0.067744, 0.054583, 0.065501, 0.008985, -0.030846, 0.017465, 0.036801, -0.101027, -0.010076, -0.031395, 0.075715, 0.002501, 0.021029, -0.080051, 0.065305, 0.024611, -0.031702, -0.08707, 0.042263, -0.042034, -0.065428, 0.031595, 0.012888, 0.032677, -0.04236, -0.001381, 0.017414, 0.021797, 0.044678, -0.041545, 0.019615, -0.015069, 0.000529, 0.004664, -0.054749, 0.025073, 0.002475]","[""ART0120"", ""ART0088"", ""ART0604""]"
ART0554,NVIDIA Announces Breakthrough in Large Language Models,NVIDIA,2022-02-26,SECURITY,17500000000,Platform improvements deliver enhanced performance and new capabilities.,https://technews.example.com/articles/554,AI/ML,2017,"London, UK",22031,False,,5,Medium,"[-0.011979, -0.064779, -0.009227, -0.040563, 0.012635, 0.029053, -0.078366, 0.015032, 0.056815, -0.048372, -0.039691, -0.008805, -0.083454, 0.05473, 0.056524, 0.002438, 0.050867, 0.015529, -0.058924, -0.069754, 0.028007, 0.001048, 0.017446, 0.007385, 0.071524, 0.03981, -0.072468, -0.053694, 0.072186, -0.029803, 0.00432, 0.051361, 0.074822, 0.05414, -0.066613, -0.014734, -0.01457, -0.07861, -0.08545, -0.088334, -0.025484, -0.019008, 0.0194, 0.051696, 0.108414, -0.043588, -0.023985, 0.033117, 0.028335, -0.033462, -0.082744, -0.081611, 0.028432, -0.007608, -0.04571, 0.068049, 0.006021, -0.07442, 0.022935, -0.023703, 0.010502, -0.058202, 0.004942, 0.096985, 0.01086, 0.041037, 0.068278, -0.043008, 0.007306, 0.013959, -0.054409, 0.047634, 0.037013, 0.012289, -0.041551, -0.016819, 0.043541, -0.054482, 0.107111, -0.043704, 0.042706, -0.009833, 0.058672, -0.001991, 0.109485, -0.000654, 0.019775, -0.021276, -0.008671, -0.068227, -0.066144, -0.031877, 0.107407, 0.018732, -0.119957, 0.009664, 0.036714, -0.059189, 0.002295, 0.074195, 0.01573, -0.045198, 0.084969, 0.015738, -0.058482, -0.010153, 0.071962, 0.031495, -0.044612, -0.024824, 0.013839, 0.03083, -0.085826, 0.033691, -0.019678, 0.015369, -0.075042, -0.055132, 0.041579, 0.053652, -0.068846, -0.032448, -0.075347, -0.068677, 0.01146, 0.06601, -0.001235, 0.0, 0.066082, 0.023148, 0.025626, 0.002186, 0.078712, 0.044646, 0.044544, 0.043816, -0.019066, -0.034911, -0.018148, 0.049571, -0.052227, 0.113035, 0.028889, -0.075247, -0.030772, 0.106686, -0.009913, 0.064361, 0.140381, 0.038217, 0.043321, -0.025002, -0.034085, 0.043954, -0.010922, -0.043825, 0.044634, 0.021973, -0.093916, -0.049245, -0.010789, -0.001151, 0.051269, -0.056459, 0.027014, -0.098129, 0.083713, 0.045588, -0.017688, 0.077506, -0.005656, -0.138472, -0.094638, 0.074836, -0.003287, -0.01573, -0.05421, 0.001132, -0.012281, 0.048916, -0.063069, 0.048927, 0.098411, -0.014203, -0.010121, 0.073806, 0.045027, 0.035489, -0.057698, -0.033767, 0.029097, -0.005969, 0.087836, -0.00508, 0.046199, 0.029029, -0.019135, 0.001925, -0.03185, -0.009434, 0.00567, 0.042409, 0.05175, -0.040975, -0.05191, -0.065549, -0.025012, 0.003892, -0.086718, -0.022426, 0.009832, -0.016528, 0.002846, -0.000839, -0.001327, -0.038047, -0.03219, -0.082136, -0.08064, -0.008175, 0.08075, -0.005339, 0.01155, -0.0, -0.011245, -0.04338, -0.016224, 0.064418, -0.054566, -0.036941, 0.003479, 0.011549, 0.016867, -0.048724, 0.063286, 0.035484, 0.076757, 0.018532, 0.029538, -0.061228, -0.006128, 0.013647, 0.003383, -0.057864, -0.032196, 0.007915, -0.053544, -0.016238, 0.047764, -0.011072, -0.018807, -0.042012, 0.035087, -0.043071, -0.061501, 0.036211, -0.040139, 0.063183, 0.046841, 0.034847, 0.069228, -0.05087, -0.003718, 0.02641, 0.110849, 0.012723, 0.002437, -0.002289, 0.007787, 0.08233, -0.111967, -0.016934, 0.009113, -0.057502, 0.020834, -0.020855, -0.027234, 0.000998, -0.079012, -0.040178, 0.013083, -0.016418, 0.046546, -0.047731, -0.052619, 0.012455, -0.055783, -0.103705, 0.028766, -0.060005, -0.055459, 0.013806, 0.048558, -0.025503, 0.00025, -0.065597, -0.065881, 0.061908, -0.141656, -0.001198, 0.009496, -0.113934, 0.070585, -0.028881, 0.023571, -0.023385, 0.096095, 0.037021, 0.084787, 0.045929, 0.061502, -0.0315, 0.05074, 0.014678, -0.032321, 0.09214, -0.049756, 0.104489, -0.044496, -0.0, 0.025589, 0.002681, -0.052875, 0.081293, 0.015233, -0.056267, -0.11914, 0.016517, 0.018722, -0.002723, 0.047242, -0.058278, -0.02216, -0.023237, 0.046751, 0.104448, 0.02586, 0.07678, -0.022055, 0.002734, -0.015075, 0.062697, 0.016006, -0.02832, -0.06277, -0.015797, 0.036302, 0.014275, 0.089148, -0.089292, -0.028572, 0.016775, 0.019488, 0.00342, 0.064119, 0.034651, 0.012424, 0.009847, 0.123517, -0.045527, 0.072915, -0.022209, -0.037871, -0.016011, 0.001161, -0.006951, -0.015303, -0.13929, -0.015536, -0.002065, -0.032666, 0.052324, -0.034301, 0.057886, -0.003951, 0.031497, -0.02455, -0.039355, 0.052109, 0.026975, 0.042369, -0.039858, 0.052687, 0.024616]","[""ART0154"", ""ART0029"", ""ART0680""]"
ART0562,Snowflake Inc. Achieves Profitability Milestone,Snowflake,2024-11-16,AI_ML,3612000000,International expansion strategy focuses on enterprise customers in key markets.,https://technews.example.com/articles/562,Cloud Computing,2012,"London, UK",49545,True,,12,Large,"[0.056045, -0.027259, 0.031449, -0.023013, 0.016516, 0.025126, -0.006356, 0.050591, -0.005364, -0.081472, -0.033438, 0.035935, -0.046464, 0.015016, 0.052412, -0.0581, -0.056384, -0.07393, -0.078129, -0.083994, -0.008732, -0.130047, 0.01291, -0.017919, 0.029656, -0.019264, -0.036711, 0.030667, -0.024824, -0.064784, 0.069301, 0.051383, 0.016835, 0.044942, 0.073647, 0.073542, -0.057026, 0.025675, -0.008458, 0.051359, 0.03679, -0.056601, 0.010032, -0.006123, 0.002728, -0.011785, -0.031595, 0.103966, 0.006349, 0.040636, -0.027156, -0.005543, -0.001223, -0.039623, 0.045829, 0.005594, 0.012846, -0.092374, -0.005766, -0.028345, -0.000162, -0.028681, 0.044223, 0.027051, 0.064532, -0.006697, -0.015623, -0.005637, -0.079103, -0.03823, 0.0241, -0.029572, -0.062449, 0.116984, 0.00433, 0.021698, 0.004084, 0.026013, 0.049951, 0.084555, 0.046515, 0.091097, 0.083733, -0.04016, -0.006675, -0.051474, 0.07402, -0.073796, 0.084249, 0.036233, -0.015109, -0.043343, -0.004176, 0.087832, -0.075109, 0.045987, 0.023992, -0.105535, -0.017407, 0.059428, 0.043975, -0.037498, 0.034578, -0.019356, -0.014633, -0.054635, -0.084874, 0.004806, -0.005897, 0.009162, -0.075383, -0.099012, -0.006676, -0.06336, 0.01101, -0.050216, -0.070202, 0.047649, 0.035543, -0.037694, 0.064641, 0.107337, -0.021002, 0.034561, -0.090957, -0.001066, -0.062908, 0.0, -0.081297, -0.002775, -0.025273, 0.076739, -0.051595, -0.048166, 0.027353, 0.053016, -0.075115, -0.005689, -0.012535, 0.088619, -0.032364, 0.000195, 0.084073, 0.023554, -0.005618, 0.054551, 0.003674, 0.043832, 0.090143, -0.0512, 0.091996, 0.036918, 0.017038, 0.013246, -0.033655, 0.02131, 0.006869, 0.041758, 0.081387, -0.058987, -0.084893, -0.028193, -0.036373, 0.031782, -0.05479, -0.091597, -0.006805, 0.083095, -0.064321, -0.001546, -0.089709, -0.022591, 0.033428, 0.052406, 0.080406, 0.017341, 0.062711, 0.003028, -0.046318, -0.00347, 0.024627, -0.025344, 0.119349, 0.019119, -0.027323, -0.045591, 0.025788, -0.085849, -0.09418, -0.02764, -0.037515, 0.046879, -0.044893, 0.042854, 0.089279, 0.009776, 0.009155, 0.002349, 0.071049, 0.009273, 0.086487, 0.043904, -0.032499, -0.002615, -0.081513, -0.028317, 0.126272, -0.019278, -0.060486, 0.015134, 0.000276, -0.010757, -0.072621, -0.005622, 0.060366, 0.008046, -0.004427, -0.01425, -0.09841, 0.030296, -0.015591, 0.057787, 0.040973, -0.0, 0.05322, -0.023185, -0.048829, -0.035276, -0.024409, 0.058663, -0.007045, -0.010856, -0.005417, 0.036134, -0.149394, 0.009955, 0.080708, -0.007388, -0.070866, -0.023042, 0.088361, 0.003299, 0.020608, -0.004297, 0.031316, 0.015881, -0.10291, 0.012456, 0.065349, 0.007982, 0.004724, -0.059827, -0.046517, -0.034808, 0.011888, 0.041858, 0.028633, -0.0117, -0.033465, 0.075172, -0.043146, -0.075855, -0.016212, 0.013319, 0.023502, -0.05936, -0.007024, -0.024277, 0.00869, -0.000393, 0.024423, 0.030545, 0.126995, -0.024958, -0.067133, 0.044272, -0.032235, -0.027307, -0.087502, 0.063973, -0.004253, -0.020171, -0.084091, -0.005606, 0.00422, 0.034335, 0.082407, 0.028669, -0.014898, -0.032303, 0.010353, -0.0815, 0.085591, -0.063179, 0.043738, 0.014491, -0.033465, -0.033611, 0.003723, 0.060277, 0.029099, -0.02458, -0.056595, -0.056021, -0.030092, 0.013298, 0.037078, 0.02045, 0.038672, -0.014903, -0.008465, -0.008279, 0.001793, 0.055076, 0.000414, 0.014379, -0.052429, 0.030301, 0.013433, -0.0, 0.000611, 0.04686, 0.019684, 0.076287, -0.009307, -0.016734, 0.012527, 0.043807, -0.033349, 0.003113, -0.044996, 0.029861, 0.020625, 0.123839, 0.04499, 0.014489, 0.042605, 0.101508, -0.06446, -0.018891, -0.035184, 0.064899, 0.000538, -0.151382, -0.047745, 0.031935, -0.006456, 0.008359, 0.053513, -0.027807, -0.059619, 0.024225, 0.061023, 0.017793, 0.035338, 0.061725, 0.003981, 0.059991, -0.042579, 0.022764, -0.01663, 0.07227, 0.073412, -0.001301, -0.072082, -0.029246, -0.153509, -0.005371, 0.021924, 0.02043, -0.009551, 0.014656, -0.09351, 0.069041, 0.054566, 0.066729, -0.046073, -0.056449, -0.053966, 0.02584, -0.083408, -0.14673, -0.003435, 0.022243]","[""ART0213"", ""ART0650"", ""ART0171""]"
ART0563,CloudFlare Reports Record Revenue Growth,Cloudflare,2024-08-21,AI_ML,1566000000,Major partnership validates technology and opens new revenue opportunities.,https://technews.example.com/articles/563,Cybersecurity,1998,"Austin, TX",4422,False,CLOU,26,Small,"[-0.0262, -0.089075, -0.041276, -0.048983, 0.021617, 0.029972, -0.069944, -0.005291, 0.074542, 0.015308, 0.02883, 0.115263, -0.023339, 0.015344, -0.027899, -0.030461, -0.053106, -0.058929, -0.024697, -0.03596, 0.028539, -0.067509, -0.011962, -0.021927, 0.044973, 0.024671, -0.042298, -0.005575, -0.01884, -0.063091, 0.02724, 0.037767, 0.004457, 0.042912, -0.010984, 0.00892, -0.010328, 0.029574, 0.056142, -0.04576, 0.001713, -0.136299, -0.012173, -0.084899, 0.038624, 0.0119, 0.024207, 0.070036, 0.001174, 0.091251, -0.042705, -0.00473, 0.051975, 0.055693, -0.049952, 0.004978, -0.046565, -0.033334, -0.019, -0.032104, -0.071527, -0.017015, 0.024462, -0.007409, -0.073351, 0.020664, -0.055117, 0.052374, -0.147755, -0.029655, -0.036754, 0.000238, -0.022488, 0.043392, 0.018193, -0.000164, -0.022723, 0.109459, 0.084067, -0.044403, 0.139204, 0.041191, -0.022108, 0.049883, -0.026605, 0.032956, 0.099666, -0.035292, 0.052607, -0.02704, -0.005549, 0.090057, 0.050055, 0.054896, -0.078462, 0.038482, -0.087034, -0.04768, 0.081255, 0.044327, 0.008219, 0.022719, 0.05469, -0.019493, 0.01717, -0.068329, -0.013032, 0.084804, 0.091086, -0.004368, -0.006179, -0.012843, -0.064587, -0.015608, 0.049834, 0.067304, -0.079223, 0.002207, 0.01711, -0.067845, 0.051905, 0.050571, -0.001658, -0.024832, -0.037923, -0.002812, -0.050064, 0.0, -0.039804, 0.045713, 0.040969, -0.030337, 0.02281, 0.022393, -0.060208, 0.023058, -0.080469, -0.028189, -0.118846, 0.107422, -0.01768, 0.011897, 0.027971, 0.024764, -0.043126, 0.118848, 0.085684, -0.06314, 0.094097, -0.046704, 0.115022, 0.083913, 0.069573, -0.017916, 0.033215, 0.060941, 0.083322, 0.020552, -0.004303, -0.059599, 0.02232, -0.123363, -0.002118, 0.052166, -0.03831, -0.099771, -0.030105, 0.086129, -0.045438, 0.033823, -0.092845, 0.000614, -0.115627, 0.003414, 0.046588, 0.020489, 0.065054, 0.013313, -0.003351, 0.011251, -0.022878, -0.055857, 0.025101, 0.076312, -0.029175, -0.047302, 0.033933, -0.033883, -0.012073, -0.086207, -0.040177, 0.00099, -0.127451, 0.049452, 0.106125, 0.073732, 0.033079, 0.020571, 0.054975, -0.028441, 0.008301, -0.011742, 0.045925, -0.056881, -0.060158, -0.016827, 0.023872, 0.059546, -0.013472, -0.090524, 0.047535, 0.053462, -0.076509, 0.012016, 0.027033, 0.038209, 0.000612, 0.054496, -0.046112, 0.007916, -0.007878, 0.019174, 0.02244, -0.0, -0.061461, 0.036934, -0.047047, 0.093904, 0.001583, 0.002511, 0.035041, 0.009128, 0.016934, 0.05044, -0.018092, 0.051544, -0.023793, -0.021483, -0.034914, -0.03459, 0.036835, -0.14052, 0.02748, -0.006776, 0.043303, -0.012954, 0.039882, 0.089894, -0.034257, 0.069539, -0.063153, 0.049202, 0.021313, 0.036379, 0.04111, 0.034031, -0.004578, -0.001312, -0.013178, -0.029255, 0.022433, -0.064185, 0.029201, -0.049031, 0.003369, -0.023322, 0.011687, -0.056039, -0.047105, -0.001232, -0.009269, 0.0541, 0.050639, -0.055778, 0.005758, 0.070839, -0.057989, -0.002385, -0.039461, 0.0522, 0.012724, 0.08735, -0.127487, 0.019078, -0.007382, -0.029771, -0.006726, 0.080759, 0.06172, -0.011367, 0.030427, -0.030191, -0.0077, -0.00487, 0.025326, -0.04191, -0.00493, -0.025006, -0.062023, 0.057226, -0.004738, -0.03782, 3.5e-05, 0.040417, 0.013947, 0.016778, 0.076231, -0.047274, -0.059385, -0.033588, 0.052609, -0.093832, -0.041368, 0.031732, -0.0755, -0.042775, -0.084322, -0.021568, 0.034985, -0.0, -0.040978, 0.030175, 0.049429, 0.018442, -0.012348, -0.060864, 0.101095, 0.125169, 0.039828, -0.051323, -0.008597, -0.075507, 0.029995, 0.018828, 0.087153, -0.011958, 0.023241, 8.1e-05, -0.051755, -0.089974, -0.056641, 0.102534, 0.014813, -0.079749, -0.00176, -0.007117, 0.027421, 0.046967, -0.041016, -0.002003, -0.000617, -0.035505, 0.063922, -0.063539, 0.031044, 0.021692, -0.084589, 0.012422, -0.002785, 0.025081, 0.012192, 0.11341, -0.028155, -0.035616, -0.027025, 0.003246, -0.019888, 0.022347, 0.003632, -0.018373, 0.062887, -0.016105, 0.002579, -0.001868, 0.017741, -0.035865, -0.042614, -0.042881, 0.053404, -0.021387, 0.050109, -0.062999, 0.089546, 0.017157]","[""ART0334"", ""ART0485"", ""ART0712""]"
ART0566,Data Robot Raises Series D Funding Round,DataRobot,2023-03-09,AI_ML,310000000,Strategic acquisition strengthens competitive position and technology capabilities.,https://technews.example.com/articles/566,Cloud Computing,2012,"New York, NY",23471,True,,11,Medium,"[-0.007773, -0.04226, 0.041832, -0.067362, -0.009925, -0.055274, -0.062332, 0.016705, 0.012578, 0.092471, 0.013815, 0.088233, 0.069939, -0.047836, 0.070082, 0.009761, 0.003096, -0.056449, -0.014741, 0.000209, -0.04623, -0.048424, 0.087717, -0.02385, 0.038127, 0.044844, 0.060424, -0.068601, -0.007382, -0.030593, -0.047174, 0.03264, 0.026748, 0.018042, 0.066856, 0.033405, 0.019041, 0.027838, -0.044464, 0.00885, -0.028511, -0.025707, 0.059778, 0.013576, -0.060192, 0.075629, -0.027488, -0.021598, 0.002745, -0.002897, -0.072321, -0.02283, 0.045983, -0.002482, -0.055855, 0.041124, 0.034266, -0.001386, 0.030567, 0.013144, 0.006252, -0.044468, -0.003864, -0.022627, 0.025349, -0.040387, -0.071397, -0.025252, -0.026334, -0.053299, 0.061505, 0.011103, 0.046422, -0.00817, 0.029425, 0.026327, 0.051186, 0.001337, 0.144508, -0.033032, 0.034272, 0.046208, -0.039452, 0.064104, -0.075871, 0.044572, 0.052895, -0.049737, -0.012513, 0.006738, 0.010921, -0.094271, -0.060857, 0.005801, -0.144249, -0.022294, -0.058213, -0.054945, 0.017099, -0.004402, 0.024989, 0.022768, 0.008976, -0.016893, -0.077948, -0.058752, 0.0005, -0.035915, 0.066535, -0.006755, -0.005227, -0.039372, 0.032766, 0.053326, -0.048827, -0.061713, -0.149106, 0.003175, 0.032842, -0.058994, 0.046138, -0.075071, -0.010772, -0.007927, 0.045207, -0.058496, -0.078031, -0.0, -0.019505, -0.038815, 0.011633, 0.046905, -0.049999, -0.048016, 0.010641, 0.025413, -0.109141, 0.008429, -0.10517, 0.055138, -0.053425, 0.034543, 0.044498, -0.049203, 0.044331, 0.087202, 0.013342, 0.049246, 0.079572, -0.031207, 0.014877, 0.036479, 0.133796, -0.021931, -0.048757, 0.02732, 0.02739, 0.02871, -0.100029, 0.007671, 0.05341, 0.050669, 0.015729, 0.028797, -0.031138, -0.090958, 0.013168, 0.110159, 0.021069, -0.000327, -0.066731, -0.06678, -0.049333, 0.003251, 0.026197, -0.048681, -0.041134, -0.026133, 0.022221, 0.05222, -0.001896, -0.062854, 0.027498, -0.085999, -0.032982, -0.093571, 0.00644, 0.061533, -0.052428, 0.004028, 0.04074, 0.068045, -0.012635, 0.009756, 0.106947, -0.004389, 0.113515, 0.03997, -0.005443, -0.056342, -0.006643, -0.008619, 0.03287, -0.036397, 0.024629, -0.009443, 0.105484, 0.00966, -0.053517, -0.026879, -0.023233, 0.04553, 0.051708, 0.023652, 0.009828, -0.061661, -0.040737, 0.008128, -0.093069, -0.045326, -0.127275, 0.079019, 0.033973, -0.0, -0.014322, 0.053343, 0.021429, -0.018887, 0.014898, 0.016575, -1e-05, -0.036334, 0.03913, 0.009392, -0.022447, -0.012109, -0.00476, 0.024029, 0.027875, -0.014235, -0.005283, -0.106428, 0.023474, -0.007783, 0.047062, 0.026159, -0.031181, 0.032429, 0.079854, -0.00235, -0.091179, 0.016868, 0.012881, 0.065011, 0.013494, -0.052549, 0.022629, 0.077099, 0.031155, 0.011661, 0.068985, -0.076716, 0.020439, 0.031447, 0.021479, -0.00954, -0.004503, -0.006007, 0.02895, -0.084652, 0.058795, 0.073918, 0.04433, -0.009064, 0.015767, 0.05537, 0.081477, -0.037735, -0.066203, 0.063989, 0.094247, 0.047758, -0.048639, 0.033769, -0.015012, -0.039401, 0.051299, 0.035874, -0.076367, 0.037334, 0.073736, 0.01662, -0.038762, -0.071057, 0.009942, 0.04991, 0.04749, 0.04298, -0.025519, 0.020856, -0.066213, -0.001099, 0.031041, 0.107993, -0.05458, 0.036691, 0.045639, 0.049136, 0.002942, 0.097663, 0.016897, -0.062998, -0.058091, -0.00553, -0.101057, -0.080547, -0.020952, 0.061022, -0.055414, -0.0, -0.028775, -0.017927, 0.044131, 0.013227, 0.116493, -0.040352, -0.080596, 0.108789, 0.002385, -0.015288, 0.035656, 0.00533, -0.030028, 0.016415, 0.088706, 0.025247, 0.071599, -0.031195, -0.061353, 0.023545, 0.030528, -0.001566, 0.0033, -0.039615, -0.050291, -0.003727, -0.069215, 0.070904, -0.026253, -0.02292, 0.065973, -0.078469, 0.045514, 0.023481, 0.106406, -0.067304, -0.013847, 0.021713, 0.001143, 0.036562, 0.003383, 0.094988, -0.002081, 0.05439, -0.084302, 0.018148, -0.162344, -0.062479, -0.063003, -0.057688, -0.004772, 0.019767, -0.033568, 0.038802, 0.099957, 0.056145, 0.029238, -0.048863, -0.11599, 0.059945, -0.019802, -0.040843, 0.002322, -0.014945]","[""ART0731"", ""ART0338"", ""ART0020""]"
ART0573,Google DeepMind Announces Breakthrough in Large Language Models,Google DeepMind,2023-10-10,AI_ML,900000000,Financial results exceed analyst expectations across all key metrics.,https://technews.example.com/articles/573,Data Analytics,2017,"Austin, TX",24274,False,,6,Medium,"[-0.053331, -0.101913, 0.012613, 0.017039, -0.068564, 0.01692, -0.058874, 0.029987, 0.001754, -0.010968, -0.043613, 0.01484, -0.029216, -0.015514, -0.006965, -0.016986, 0.028949, -0.021535, -0.140254, -0.130698, 0.020405, 0.012162, 0.052944, -0.055598, 0.078542, -0.016983, -0.045588, -0.102926, 0.033608, 0.020271, 0.018688, 0.032216, 0.042955, 0.082492, -0.011077, 0.080523, -0.089038, 0.031718, 0.003271, -0.044507, -0.074738, -0.028892, 0.030103, 0.04226, 0.094458, -0.028104, -0.02146, 0.002792, -0.023579, 0.000145, -0.195953, -0.03193, 0.025976, -0.020294, 0.004641, -0.048386, -0.006622, 0.025348, -0.008389, -0.056488, -0.065627, -0.051153, 0.030028, -0.031828, 0.029491, 0.049786, 0.011352, 0.021157, -0.085712, 0.044774, 0.072583, 0.028121, -0.05251, 0.027669, -0.011263, 0.001607, 0.017918, 0.004183, 0.061182, -0.067529, 0.069312, -0.049991, 0.070674, 0.041032, 0.07831, -0.060438, 0.050715, 0.024439, -0.00585, -0.037878, -0.033567, -0.157386, 0.052067, -0.002134, -0.016447, 0.053013, -0.084786, -0.111483, -0.029021, 0.038889, 0.007656, 0.053251, 0.028612, -0.072971, -0.013361, 0.022253, 0.102515, 0.039136, 0.064018, -0.039028, 0.014806, 0.115946, 0.026397, -0.006119, 0.010428, -0.047858, -0.04429, 0.004805, 0.06471, 0.120611, -0.050753, 0.096757, -0.038014, 0.008171, -0.098787, 0.085159, -0.042954, 0.0, 0.004788, -0.003725, 0.033078, -0.046258, -0.013359, 0.023727, -0.037011, 0.019508, -0.112214, 0.002004, -0.02545, 0.06855, -0.051364, 0.088385, -0.019885, 0.022959, -0.039197, 0.111564, 0.03771, -0.040403, 0.068691, -0.028406, -0.009672, -0.088987, 0.010388, 0.056581, 0.030567, -0.013641, 0.01082, 0.006408, -0.125018, 0.012781, 0.001664, 0.020018, -0.004357, -0.03532, -0.058526, -0.040298, 0.050703, 0.007768, 0.006641, 0.097087, -0.041931, -0.073918, -0.022619, 0.053975, 0.018877, -0.046724, 0.03375, -0.010178, -0.032545, 0.031142, -0.078572, -0.004751, 0.032572, 0.017243, 0.067439, 0.012059, 0.061542, 0.014204, 0.002824, 0.021442, -0.036415, 0.018104, -0.004958, 0.107152, 0.012951, 0.082584, 0.050099, 0.065384, 0.021893, -0.034458, 0.056981, 0.021214, -0.067999, -0.041317, 0.068696, -0.08318, 0.038365, 0.064011, 0.058295, 0.016117, 0.028664, 0.008414, -0.014521, 0.044401, -0.00821, -0.059363, -0.029822, 0.057378, -0.032, -0.031159, -0.015936, -0.020197, -0.054259, -0.0, -0.136227, 0.014315, -0.06152, 0.044775, -0.003239, -0.074737, -0.021558, 0.004073, -0.000418, 0.036128, 0.049971, -0.0484, 0.05662, -0.032025, 0.056293, -0.114016, 0.020581, -0.025504, 0.029688, 0.014026, 0.003974, 0.055692, -0.056749, 0.069443, 0.051029, -0.007753, -0.016083, 0.053565, -0.039935, -0.037465, -0.017427, -0.01528, -0.122725, 0.031333, -0.042483, 0.030131, 0.015109, -0.082411, -0.047836, 0.007512, 0.065426, -0.018673, -0.022741, -0.012469, 0.000124, 0.064703, -0.089644, 0.015743, 0.004129, -0.023775, 0.046126, 0.009368, -0.071738, -0.02114, -0.027078, -0.02136, -0.022734, -0.045141, 0.001477, 0.013643, -0.129777, 0.01012, 0.042859, 0.008448, -0.012866, 0.020183, -0.030275, 0.067403, 0.020907, -0.046901, 0.058531, -0.047491, 0.025581, 0.080963, -0.076447, 0.079172, -0.035402, -0.025652, 0.025168, -0.062509, 0.101619, 0.034668, 0.064059, -0.007506, 0.074018, 0.028247, -0.031698, 0.072034, -0.025406, 0.020747, -0.091214, -0.00019, -0.052202, 0.041521, -0.073202, -0.0, -0.032313, 0.082534, 0.008172, 0.005023, 0.064062, -0.081557, -0.103346, 0.092786, 0.010767, 0.036387, 0.044726, -0.031412, -0.119218, 0.034748, -0.022847, 0.057581, 0.005622, 0.011385, 0.029637, 0.017178, 0.032502, 0.091461, -0.00234, -0.064725, 0.010633, -0.077137, -0.051556, 0.069876, 0.009642, -0.010717, 0.010446, -0.00114, -0.010512, -0.016529, 0.051706, 0.016357, -0.006883, 0.006854, 0.015653, -0.015601, 0.078441, 0.058409, -0.014447, 0.01451, -0.013127, -0.007052, -0.00656, -0.055358, 0.049756, -0.008761, 0.039729, -0.012543, 0.001415, 0.04622, 0.09437, 0.025394, -0.049207, -0.034647, -0.026308, 0.039238, 0.041329, -0.051801, -0.017561, 0.03888]","[""ART0539"", ""ART0600"", ""ART0704""]"
ART0578,Scale AI Acquires Competitor for Undisclosed Sum,Scale AI,2022-08-18,AI_ML,500000000,Platform improvements deliver enhanced performance and new capabilities.,https://technews.example.com/articles/578,AI/ML,2003,"Berlin, Germany",23379,False,,19,Medium,"[-0.037241, -0.038506, -0.007792, -0.012019, 0.073367, -0.008157, -0.024886, 0.039511, 0.048108, 0.013317, -0.024425, 0.000755, -0.003184, -0.008729, 0.013358, 0.015707, 0.067632, 0.078019, -0.071018, -0.067512, -0.013625, -0.08454, -0.031116, -0.008358, 0.086043, 0.024685, -0.079339, -0.023286, 0.039064, -0.021871, 0.014231, 0.007691, 0.083807, -0.003509, -0.041883, -0.007275, -0.036732, -0.001238, -0.024112, -0.053656, 0.014773, -0.02394, -0.024077, 0.036197, 0.040392, 0.084925, -0.032998, -0.001727, 0.015027, 0.006544, -0.08518, -0.068702, -0.032586, -0.050059, -0.035406, 0.019421, 0.017527, -0.010658, -0.009233, -0.029439, 0.004911, -0.048628, 0.062278, 0.055018, 0.058991, -0.000632, -0.035596, -0.052168, -0.003229, -0.072699, 0.110128, -0.016482, 0.04897, 0.048677, 0.039637, 0.029516, -0.008109, 0.015163, 0.097733, 0.040343, 0.005081, 0.001023, -0.026834, 0.060706, -0.004386, -0.002068, 0.002554, -0.055458, 0.022813, -0.021477, 0.024732, 0.002736, -0.016728, 0.026784, -0.006596, -0.004397, -0.102998, -0.039115, 0.016223, 0.081556, 0.023868, 0.024701, 0.011692, -0.05213, 0.02708, 0.030465, 0.06464, -0.02066, 0.070949, 0.011248, 0.022306, -0.027254, -0.015877, 0.014566, 0.081314, 0.0373, -0.043235, 0.075298, 0.038289, -0.032501, 0.053772, -0.051439, -0.029289, -0.019966, -0.045664, 0.07055, -0.095673, -0.0, -0.098316, -0.003586, 0.061013, 0.008121, 0.018683, -0.058036, 0.012048, 0.015796, -0.079621, 0.021108, -0.106795, 0.085524, -0.035274, 0.104616, 0.116533, -0.102411, 0.052469, 0.090541, 0.048461, -0.022699, 0.086071, -0.070435, 0.019547, 0.008019, 0.077301, -0.048793, -0.023806, -0.032407, 0.028409, -0.006705, -0.079633, 0.005602, -0.035651, 0.002715, -0.032746, -0.007192, -0.025946, -0.131069, 0.001292, 0.105644, 0.014997, 0.047943, -0.049575, -0.050832, -0.03931, 0.005236, 0.001852, -0.016938, -0.042776, -0.063507, -0.041075, 0.028385, 0.02148, -0.075182, 0.09617, -0.012956, -0.02194, 1.5e-05, 0.044397, 0.035273, -0.025978, -0.014769, -0.071168, 0.141133, -0.009254, 0.085322, 0.076061, 0.002385, 0.012241, 0.03283, 0.039528, -0.024021, 0.029906, 0.022985, -0.010008, -0.106923, -0.034253, -0.065481, 0.030109, -0.016095, -0.069615, 0.044905, 0.000253, 0.003776, -0.017866, -0.045438, -0.014228, -0.013959, 0.048746, 0.047753, -0.077087, -0.016502, -0.076897, 0.121589, -0.046589, 0.0, -0.088469, -0.035555, -0.051978, 0.006769, -0.011706, 0.030455, -0.019403, -0.032964, 0.004732, 0.046545, -0.025328, 0.012881, 0.019972, -0.013077, 0.013306, -0.007744, -0.073663, -0.00767, 0.057994, -0.0474, 0.129779, 0.034675, 0.032628, 0.020373, 0.109864, -0.053934, -0.057484, -0.01521, -0.010778, -0.047063, -0.010217, -0.063286, -0.007416, 0.050998, 0.081696, 0.073239, 0.039974, -0.12801, -0.018649, -0.020862, -0.010681, -0.064245, 0.008428, -0.025904, -0.013824, -0.010261, 0.01719, -0.001439, 0.042549, -0.05249, 0.034869, -0.017019, -0.015099, -0.05206, -0.129534, 0.032533, -0.005608, 0.048518, 0.013782, -0.018335, 0.029712, -0.091214, -0.063487, -1.9e-05, -0.015112, 0.045671, 0.042483, 0.032982, -0.040403, -0.054571, -0.017786, -0.067133, 0.011886, 0.019909, -0.1021, 0.003376, -0.004386, -0.045123, 0.01939, -0.015985, 0.000315, -0.014155, 0.101918, 0.04066, 0.067426, 0.085448, 0.004544, 0.014109, -0.03374, 0.107866, -0.02684, -0.009263, -0.055071, 0.038048, -0.061328, -0.0, 0.009159, 0.013183, 0.066763, 0.038863, 0.044541, -0.033083, -0.089257, 0.052045, -0.044801, 0.055784, -0.00458, -0.089736, -0.002021, 0.059361, 0.138011, 0.062745, 0.014795, -0.010855, -0.012938, -0.037396, 0.032174, 0.112378, -0.016996, -0.07536, -0.05931, -0.034941, -0.04186, 0.055544, -0.06651, 0.05437, 0.001539, 0.021423, 0.025911, 0.067883, 0.112305, 0.027248, -0.033972, 0.069841, -0.019394, -0.041031, -0.05255, 0.034981, 0.017209, 0.013162, 0.032722, 0.000875, -0.121133, -0.075529, 0.010592, -0.020623, 0.135838, -0.001508, -0.003307, 0.070974, 0.093172, 0.025799, -0.008151, -0.074539, 0.033006, 0.093867, 0.088384, -0.125618, 0.045354, -0.03494]","[""ART0515"", ""ART0106"", ""ART0125""]"
ART0581,SpaceX Announces Breakthrough in Large Language Models,SpaceX,2024-09-16,DATA_ANALYTICS,9520000000,Investors show strong confidence in the company's growth trajectory and market position.,https://technews.example.com/articles/581,AI/ML,2016,"Berlin, Germany",31018,False,,8,Large,"[0.022789, -0.091136, 0.105548, -0.013691, -0.057655, 0.035551, 0.038243, 0.03523, 0.085949, -0.001847, -0.016922, 0.094089, 0.031748, -0.052226, 0.002703, -0.03776, 0.031074, -0.030747, -0.040593, -0.070246, 0.032049, -0.008588, 0.036809, 0.027109, 0.072767, 0.088436, 0.009371, -0.025541, 0.044394, 0.017634, -0.008256, 0.092844, 0.0779, -0.036263, -0.012934, 0.070524, 0.002155, -0.024806, 0.017568, -0.036118, -0.023906, -0.049207, 0.043576, 0.053332, 0.057601, -0.165324, 0.013918, -0.001081, 0.015133, 0.042845, -0.116014, -0.172646, 0.074629, -0.03157, -0.014739, -0.00405, -0.057106, -0.032521, 0.027483, -0.129617, -0.009538, -0.052435, 0.020697, 0.049459, 0.020393, 0.020718, -0.022339, 0.027709, -0.055301, 0.027184, 0.028317, 0.02287, 0.008521, 0.039648, 0.007231, 0.014274, 0.087651, -0.015111, 0.09975, -0.002497, 0.057518, -0.101916, -0.031812, -0.018277, -0.030562, 0.018807, 0.056541, -0.006325, -0.025834, -0.036518, -0.042047, -0.0126, -0.010762, -0.015415, -0.122521, 0.021122, -0.113178, -0.022759, 0.029183, 0.044725, 0.066024, -0.007961, 0.072056, -0.010642, -0.042311, -0.076141, 0.005527, -0.00532, 0.034415, -0.011255, -0.075155, 0.031154, -0.070965, 0.066943, -0.000476, 0.028603, -0.056622, 0.003493, 0.060258, -0.008614, 0.013195, 0.027234, -0.005021, 0.023552, -0.050323, 0.038874, -0.040696, -0.0, -0.047708, 0.041003, 0.02684, 0.13883, -0.002735, -0.012844, -0.012781, -0.006601, -0.063271, -0.061643, -0.085115, 0.031364, 0.004441, 0.094379, 0.049952, -0.030163, 0.010674, 0.038922, 0.025022, -0.023533, 0.098816, -0.016915, 0.030732, -0.013026, 0.001351, 0.008104, 0.053731, -0.030683, -0.043505, 0.014488, -0.125449, -0.014889, -0.020292, -0.022488, -0.042352, 0.010437, -0.045545, -0.087366, 0.048425, 0.023765, -0.033254, 0.049474, -0.068354, -0.099665, -0.009579, 0.081555, -0.048156, -0.078105, 0.03089, -0.013474, 0.019296, 0.029901, -0.067715, 0.042494, 0.103766, 0.042401, -0.01634, 0.017309, -0.000494, 0.035384, -0.029734, -0.015378, 0.048709, 0.065269, 0.038516, 0.143161, 0.05833, 0.001397, -0.00358, 0.116769, -0.016797, -0.000867, -0.034966, -0.01869, 0.022181, -0.068644, -0.067782, -0.105711, 0.019237, 0.088551, -0.017414, -0.102396, 0.030706, 0.044799, -0.030187, -0.006391, -0.013892, 0.037178, 0.010734, 0.026049, -0.016191, -0.09224, -0.005118, 0.044514, -0.086104, 0.0, -0.095559, 0.015621, -0.002615, 0.010894, -0.065176, 0.015947, -0.013117, 0.082671, 0.02246, 0.010394, 0.057904, 0.045035, 0.074142, -0.024021, 0.017506, -0.055911, 0.104285, -0.017443, 0.026779, -0.01982, 0.04845, -0.031737, -0.078159, 0.023908, 0.005501, -0.01187, -0.015436, 0.00689, -0.042223, 0.000552, -0.079218, 0.017932, -0.007901, 0.067851, 0.007066, 0.07868, -0.015351, -0.068646, 0.021915, 0.041867, 0.001428, -0.028903, -0.029436, -0.018758, -0.062763, 0.000818, -0.015652, 0.021085, -0.021514, 0.027318, 0.00792, 0.036332, 0.025078, -0.026241, -0.084537, 0.009439, -0.046418, -0.034937, 0.034508, -0.00054, -0.076844, 0.045822, 0.044662, -0.056892, -0.021127, -0.041531, -0.071152, -0.001697, -0.00119, -0.03803, 0.111456, 0.019367, -0.145828, 0.116751, -0.105256, 0.009943, 0.028938, -0.061906, 0.000436, 0.00668, 0.095857, 0.097696, 0.071539, 0.035832, 0.044459, 0.088057, -0.044811, 0.007711, -0.010962, 0.012859, -0.009694, -0.011803, -0.080993, 0.021137, -0.047418, -0.0, -0.11206, 0.009999, 0.004678, 0.023252, 0.019431, -0.005418, -0.054389, 0.028458, 0.022488, -0.02239, 0.01296, -0.008888, -0.064475, 0.041164, -0.02205, 0.039738, -0.020421, 0.046924, -0.029103, -0.057438, 0.015646, 0.072039, 0.053345, 0.008241, 0.031531, -0.017507, -0.02187, 0.056309, 0.024483, -0.000857, 0.013833, -0.053701, -0.064798, 0.061779, 0.001333, 0.05975, -0.028493, 0.024049, 0.099037, -0.014184, 0.012158, 0.057035, 0.005946, 0.002191, -0.041455, 0.018001, -0.021792, -0.164866, 0.011895, -0.051222, 0.016557, 0.025508, -0.044791, 0.003521, -0.037543, 0.09259, -0.080592, 0.024052, -0.040019, -0.014226, 0.032388, -0.049324, -0.018279, 0.014991]","[""ART0070"", ""ART0121"", ""ART0680""]"
ART0587,Meta AI Expands into European Market,Meta AI,2024-01-24,AI_ML,1620000000,Regulatory concerns focus on data privacy and market competition issues.,https://technews.example.com/articles/587,Data Analytics,2001,"Seattle, WA",20240,True,,23,Medium,"[0.01607, -0.023359, -0.032346, -0.038735, 0.094524, 0.078179, 0.005292, 0.036786, -0.004574, 0.005563, -0.053935, 0.043305, -0.01959, -0.023524, 0.043721, -0.004304, 0.001984, -0.066377, -0.108925, 0.012003, 0.02281, -0.029215, 0.015379, -0.012691, -0.03667, 0.019435, 0.021914, -0.044367, -0.032292, -0.026575, 0.002053, 0.023776, 0.017606, 0.023911, 0.004811, -0.072506, -0.038224, 0.027307, -0.007554, -0.009322, 0.013683, -0.127397, -0.092759, -0.031403, 0.059151, 0.074058, 0.046245, -0.011934, -0.014311, 0.019018, -0.132733, 0.002026, -0.008489, 0.026272, -0.041963, -0.071861, -0.036598, -0.048121, 0.004919, 0.054148, 0.020613, -0.047881, 0.027829, 0.057326, 0.067983, 0.057698, -0.071717, 0.005264, -0.014196, -0.114171, 0.047344, -0.000313, -0.045153, 0.069377, 0.077947, 0.071174, -0.051516, 0.047642, 0.134785, -0.016905, 0.051488, -0.018467, 0.007696, 0.035423, -0.053883, -0.062219, 0.010064, -0.054674, 0.035112, -0.023336, 0.037314, -0.077359, 0.022051, 0.084412, 0.004091, 0.028929, -0.023842, -0.018781, 0.033511, 0.046879, -0.006369, 0.021805, -0.064723, 0.07916, -0.064739, 0.032034, 0.06104, -0.025721, 0.02604, 0.054503, -0.032154, -0.003349, -0.013465, -0.082027, 0.040841, 0.010081, -0.053773, 0.061087, 0.101372, 0.070485, -0.068037, -0.010997, -0.026755, 0.049528, 0.050276, 0.023741, -0.16079, -0.0, -0.088905, -0.002426, 0.002234, -0.019167, -0.038241, -0.012348, -0.052078, -0.007093, -0.095603, 0.038586, -0.028016, 0.066386, -0.022119, -0.017924, 0.072359, 0.039548, 0.033463, 0.065366, 0.041869, -0.035574, 0.158829, -0.070339, 0.056147, 0.043223, 0.020395, 0.002833, -0.042798, -0.063008, 0.12259, 0.039999, -0.056181, -0.005462, 0.089886, 0.042087, 0.028627, 0.100938, -0.032346, -0.02387, -0.009548, 0.080649, 0.017186, 0.035091, -0.020023, 0.010079, -0.037379, -0.045966, -0.040172, -0.062377, 0.02311, 0.02822, -0.024064, 0.054188, -0.032288, -0.108697, 0.0325, 0.012478, -0.07271, -0.03922, -0.051789, -0.043851, -0.028961, 0.018827, -0.028271, 0.06101, -0.030061, 0.075106, 0.02626, -0.003876, 0.026466, -0.01669, 0.014917, 0.009414, 0.000746, -0.013445, -0.064117, -0.025489, -0.007462, -0.042608, 0.017667, -0.049701, -0.000894, 0.018017, -0.068783, 0.072146, -0.060577, -0.047666, -0.008877, 0.014566, 0.061026, -0.008984, -0.029333, -0.004747, -0.056726, 0.056194, -0.047364, -0.0, -0.132638, 0.006056, -0.078007, -0.025764, 0.015267, 0.060838, -0.024539, -0.022596, 0.075974, 0.061205, -0.043452, -0.065001, 0.046457, -0.01048, -0.029407, -0.017205, 0.038, -0.03288, -0.007784, 0.041477, 0.052141, 0.043676, -0.026089, 0.068262, 0.058335, -0.032738, -0.102004, 0.014272, 0.114581, 0.031177, -0.048258, 0.028913, -0.051376, -0.02741, -0.047812, 0.039534, 0.012782, -0.032218, 0.038127, 0.014755, -0.03019, -0.022913, -0.080387, -0.001558, -0.00836, 0.001973, 0.025831, 0.059732, 0.088512, -0.052414, 0.05057, 0.044359, 0.013297, -0.080393, -0.087218, 0.024829, 0.074862, -0.00159, -0.052508, 0.105048, 0.05308, 0.019368, -0.031029, -0.011059, -0.019216, 0.005851, -0.024164, -0.012454, 0.00089, -0.066662, 0.056645, -0.114388, -0.081266, 0.02214, -0.00272, 0.039351, -0.017654, 0.04353, -0.046532, 0.113727, 0.066527, -0.009925, 0.045504, -0.071983, 0.077678, -0.01217, -0.006859, -0.069884, -0.063273, -0.012248, -0.053999, -0.045743, -0.090631, -0.002621, -0.064203, -0.0, 0.028924, -0.023592, 0.08247, 0.117404, 0.026541, -0.011651, -0.028637, 0.017267, -0.048969, -0.050556, 0.050286, 0.002622, -0.03152, 0.019402, 0.063855, 0.066054, 0.000916, -0.013525, 0.027346, 0.108504, 0.022956, 0.040019, -0.044596, -0.114594, 0.053767, -0.01081, 0.022948, 0.005945, -0.026008, 0.120205, -0.003251, -0.005459, 0.073815, 0.046385, -0.045086, -0.026481, 0.005354, 0.041984, -0.128287, -0.054115, 0.025794, 0.067236, 0.015312, -0.036276, 0.009799, 0.038172, -0.012381, -0.075365, 0.061765, 0.001326, 0.012367, -0.068227, 0.073196, 0.032237, 0.094907, 0.026507, -0.007571, -0.034752, -0.045827, 0.003552, 0.063296, 0.04392, -0.010968, -0.035041]","[""ART0056"", ""ART0620"", ""ART0274""]"
ART0600,Google DeepMind Expands into European Market,Google DeepMind,2022-08-27,AI_ML,710000000,Financial results exceed analyst expectations across all key metrics.,https://technews.example.com/articles/600,Data Analytics,2017,"Austin, TX",24274,False,,5,Medium,"[-0.037167, -0.097007, -0.020283, 0.012153, -0.05459, -0.010935, -0.079935, 0.058164, 0.000444, -0.000884, -0.06322, 0.020626, -0.069704, -0.023403, -0.012751, -0.058972, 0.018071, -0.072606, -0.116755, -0.083271, -0.027835, -0.043376, 0.050491, -0.080252, 0.065594, -0.049665, -0.014131, -0.082333, -0.002398, 0.007181, 0.00518, 0.018791, 0.022802, 0.062964, 0.007167, 0.031788, -0.093075, 0.044413, -0.033517, -0.013732, -0.031609, -0.022257, -0.00375, 0.049148, 0.075625, 0.007361, -0.012769, -0.023403, -0.023547, 0.020483, -0.186607, 0.035056, 0.013651, -0.05632, -0.012404, -0.016536, -0.025714, 0.028295, 0.038574, -0.000804, -0.01704, -0.015373, 0.035465, -0.013888, 0.047257, 0.047773, -0.006596, 0.024116, -0.076394, -0.003196, 0.087569, -0.043183, -0.124123, 0.006749, -0.009259, 0.026568, -0.023314, 0.008489, 0.062645, -0.055618, 0.078211, -0.018308, 0.025772, 0.059162, 0.07478, -0.077254, 0.086853, 0.023436, 0.001116, -0.02611, 0.001033, -0.14755, 0.002182, 0.032346, 0.026038, 0.01009, -0.076366, -0.098029, -0.039568, 0.025433, 0.011356, 0.023, 0.005066, -0.017888, -0.037534, 0.022437, 0.103042, 0.057158, 0.082618, -0.015308, -0.015484, 0.108333, 0.01582, -0.070763, 0.000201, -0.046541, -0.068583, 0.013314, 0.085058, 0.139052, -0.043153, 0.070756, -0.030021, 0.027241, -0.057815, 0.075726, -0.08418, 0.0, -0.060052, -0.068088, 0.027121, -0.107466, -0.064331, 0.046942, -0.058124, 0.002455, -0.110588, 0.029643, -0.046071, 0.122665, -0.061327, 0.062944, -0.016786, 0.055072, -0.018087, 0.134304, 0.051128, 0.003903, 0.049749, -0.0272, 0.01236, -0.094341, 0.00447, 0.049807, -0.018373, 0.056852, 0.043133, 0.005454, -0.070498, 0.00388, 0.008901, 0.010194, -0.033381, 0.014034, -0.068045, -0.006785, 0.026658, 0.027023, -0.000778, 0.084883, -0.051685, -0.064683, -0.006432, 0.026402, 0.013269, -0.052839, 0.034551, 0.021704, -0.052557, 0.020437, -0.03129, -0.048045, -0.000532, 0.046476, 0.051939, -0.013507, 0.026995, -0.018487, -0.023387, 0.046483, -0.0935, -0.007903, -0.044542, 0.113559, 0.044201, 0.103583, -0.026361, 0.083502, 0.027181, -0.02644, 0.08961, 0.002161, -0.067686, -0.026527, 0.028076, -0.007965, 0.044862, 0.049342, 0.057995, 0.034655, 0.040062, 0.007276, -0.013343, 0.065281, -0.009807, -0.050944, -0.015829, 0.073627, -0.045021, -0.021176, -0.058142, 0.021387, -0.059813, -0.0, -0.128137, 0.00096, -0.058917, 0.045551, 0.007674, -0.004402, -0.028225, -0.035735, -0.008304, 0.084501, 0.046411, -0.04792, 0.038677, -0.035105, -0.003826, -0.099229, 0.015615, -0.04221, 0.003035, -0.040632, 0.012059, 0.063318, -0.030517, 0.077665, 0.062015, 0.009581, 0.001341, 0.073875, -0.047511, -0.069996, -0.034541, -0.000185, -0.090796, 0.043753, -0.013164, 0.034924, 0.001234, -0.049168, -0.043519, 0.002592, 0.010193, -0.010295, 0.018467, -0.003642, 0.031229, 0.089351, -0.032626, 0.022759, 0.026286, -0.035442, 0.060475, 0.030025, -0.064539, -0.008747, -0.024711, 0.014865, -0.018727, -0.031129, -0.014502, 0.062338, -0.067159, -0.001208, 0.035765, 0.042305, -0.030742, 0.038764, -0.040869, 0.058458, 0.005416, -0.025874, 0.053143, -0.038854, 0.052818, 0.032191, -0.0598, 0.09691, -0.041922, 0.019814, 0.037524, -0.041856, 0.08978, 0.000892, 0.050753, 0.004673, 0.044985, 0.011463, -0.027708, 0.029237, -0.028525, 0.00482, -0.114227, -0.023378, -0.060658, 0.015493, -0.046245, -0.0, -0.01675, 0.069742, 0.049585, 0.012684, 0.037791, -0.074038, -0.047616, 0.115978, 0.003056, 0.04141, 0.047469, -0.05322, -0.14001, 0.052386, 0.000158, 0.033647, 0.004058, 0.003642, 0.058207, 0.086464, 0.02003, 0.099018, 0.012414, -0.111418, 0.01016, -0.094407, -0.041786, 0.066244, -0.014849, -0.009516, -0.009917, 0.0004, 0.046694, -0.023368, 0.021757, -0.007058, 0.019415, 0.057526, -0.015235, -0.002164, 0.019646, 0.060012, 0.016547, -0.009708, -0.011796, -0.003462, 0.01099, 0.007889, 0.062735, -0.012207, 0.03603, -0.036078, 0.008491, 0.03777, 0.118315, -0.006688, -0.018201, -0.049162, -0.049954, 0.058403, 0.022692, -0.07684, -0.047084, 0.064906]","[""ART0704"", ""ART0573"", ""ART0510""]"
ART0608,Scale AI CEO Discusses Future of AI,Scale AI,2023-11-24,SECURITY,760000000,Strategic acquisition strengthens competitive position and technology capabilities.,https://technews.example.com/articles/608,AI/ML,2003,"Berlin, Germany",23379,False,,20,Medium,"[0.013613, -0.050115, 0.053087, -0.047753, 0.038663, 0.014503, 0.018115, 0.075522, 0.038382, -0.013398, -0.020193, 0.059971, 0.01528, 0.019428, 0.018466, 0.071641, -0.028284, 0.007422, -0.026662, -0.085346, -0.015822, -0.081469, -0.001354, -0.035791, 0.007708, 0.016327, 0.012002, -0.022723, -0.038671, 0.020713, 0.023696, -0.014105, 0.094649, 0.032644, -0.022756, 0.057504, -0.048948, -0.015416, 0.111929, -0.076411, 0.066185, -0.068271, -0.036793, -0.066308, 0.065648, 0.054862, -0.046206, -0.007211, -0.036303, 0.012298, -0.126375, -0.056993, -0.025676, -0.086914, 0.015846, 0.082509, 0.029213, -0.096355, 0.029184, -0.045346, -0.008988, -0.043005, 0.042699, 0.022246, 0.113508, -0.011152, -0.011566, 0.014103, -0.102312, -0.005584, 0.084767, -0.014797, 0.044567, 0.017176, -0.012499, 0.032353, 0.001855, 0.048094, 0.06637, -0.002844, -0.037889, 0.036586, -0.055044, 0.051897, -0.102664, 0.020477, 0.003101, -0.077152, 0.001425, 0.00143, 0.007419, -0.072603, -0.043388, 0.033625, 0.032129, 0.039158, -0.123627, -0.078799, -0.046199, -0.025752, 0.048299, 0.070966, 0.055063, -0.026269, -0.090902, -0.000593, 0.059557, -0.027944, 0.063525, -0.002528, -0.044045, 0.004831, 0.007238, -0.049075, 0.043736, 0.011294, -0.024474, 0.102037, 0.063876, -0.069381, 0.055594, -0.040379, -0.00671, 0.053796, -0.036338, 0.043517, -0.067946, -0.0, -0.075204, -0.00608, 0.035996, 0.060883, 0.004185, -0.002255, 0.048282, -0.014234, -0.060383, -0.033699, -0.104233, 0.042969, -0.0131, 0.033225, 0.041823, -0.064791, 0.039353, 0.059699, 0.063034, -0.037501, 0.053459, -0.043109, -0.002182, 0.028415, 0.072953, -0.093889, -0.009818, -0.059944, -0.04323, 0.006502, -0.087628, 0.031968, -0.047872, -0.007114, 0.000698, 0.029012, -0.069018, -0.01488, -0.018399, 0.076141, 0.000359, 0.027625, -0.070982, 0.020048, -0.033667, -0.038718, 0.030305, -0.018863, 0.029558, -0.075949, -0.043413, -0.01654, 0.05312, -0.134679, 0.106015, -0.013306, -0.01456, -0.031703, 0.00125, 0.012899, -0.039945, -0.008851, -0.076548, 0.136195, -0.013739, 0.082398, 0.039171, 0.049261, 0.0594, 0.042693, 0.079246, 0.006947, 0.001953, 0.00598, -0.110348, -0.01377, -0.030879, -0.026665, 0.090229, -0.015196, -0.062462, 0.022187, 0.036611, 0.023431, 0.081035, 0.001964, 0.036461, -0.042408, 0.023753, 0.088739, -0.06068, -0.033796, -0.007077, 0.092191, -0.052393, 0.0, 0.000236, 0.022143, -0.047606, -0.02704, 0.004221, -0.021536, -0.050644, 0.067079, -0.00034, 0.004879, -0.042665, 0.040631, 0.023966, 0.004954, 0.033115, -0.029316, 0.007813, -0.052578, 0.034582, -0.002377, 0.134862, 0.061759, -0.039577, 0.060846, 0.031914, -0.008642, -0.058602, 0.050914, -0.041589, -0.00568, -0.002768, -0.088249, 0.029271, 0.106378, 0.077838, 0.030482, 0.058836, -0.143892, 0.009796, 0.068929, -0.00769, -0.040526, 0.013262, -0.074861, 0.003443, 0.009573, 0.047014, 0.011385, -0.001125, 0.001722, -0.000201, 0.020968, -0.045177, -0.06611, -0.110514, 0.037398, 0.021917, 0.062798, 0.001234, 0.006487, 0.016909, -0.042238, 0.063826, -0.029056, -0.080201, 0.049814, 0.06599, 0.07975, -0.051362, -0.079369, -0.046294, -0.08046, -0.044455, 0.016145, -0.113894, 0.013868, -0.055636, -0.016764, 0.013848, 0.041276, 0.019208, 0.013316, 0.00858, 0.030984, 0.035211, 0.067076, -0.005479, -0.046791, -0.024331, -0.025736, -0.079053, -0.118046, -0.042104, -0.011366, -0.070342, -0.0, -0.043532, 0.005884, 0.11223, 0.061795, 0.074589, 0.010687, -0.040602, -0.025048, 0.037299, 0.009981, -0.028141, -0.077312, -0.07047, 0.047929, 0.089533, 0.006601, 0.012513, 0.019916, 0.002793, -0.007333, 0.021008, 0.084649, 0.045308, -0.032096, -0.023873, -0.083202, -0.049195, 0.026053, -0.054554, 0.098962, 0.009101, -0.006811, 0.053435, 0.009632, 0.074975, -0.005597, 0.007846, 0.058407, 0.012713, -0.018097, -0.018362, 0.055108, 0.051882, 0.027522, 0.008828, 0.028768, -0.134793, -0.039317, 0.030415, 0.011457, 0.04987, 0.02904, -0.012582, 0.066105, 0.109156, -0.010142, 0.029893, -0.033264, -0.063243, 0.040497, 0.048322, 0.005166, 0.004103, -0.022161]","[""ART0642"", ""ART0622"", ""ART0221""]"
ART0609,DeepMind Achieves Profitability Milestone,Google DeepMind,2024-05-27,AI_ML,1044000000,The company demonstrated significant advances in model performance and efficiency.,https://technews.example.com/articles/609,Data Analytics,2017,"Austin, TX",24274,False,,7,Medium,"[-0.042228, -0.092814, 0.001688, -0.005087, -0.021792, 0.010867, -0.084248, 0.019395, 0.008594, 0.012456, -0.077598, 0.019597, -0.025632, -0.017567, 0.001726, -0.018192, 0.046432, 0.00705, -0.131037, -0.105229, 0.035144, -0.067833, 0.055643, -0.066017, 0.061817, 0.01355, -0.002094, -0.024934, 0.037956, -0.004778, 0.048572, -0.006336, 0.063782, 0.039062, -0.016252, 0.081141, -0.085783, -0.011403, -0.082976, -0.0396, -0.095926, -0.01456, -0.015761, 0.030493, 0.057203, 0.007944, 0.032877, 0.002648, -0.027946, -0.027964, -0.093172, -0.072156, 0.00921, -0.035864, 0.009682, 0.035255, 0.003669, 0.008915, -0.043239, -0.018258, 0.01599, -0.055199, 0.044587, -0.052031, 0.027889, 0.022241, -0.004462, 0.031, -0.002962, -0.066322, 0.063162, 0.009324, -0.028376, -0.010474, -0.024308, 0.012333, 0.058873, -0.012568, 0.063103, -0.071874, 0.092934, 0.012919, -0.006331, 0.066543, 0.059142, -0.040167, 0.040534, 0.063939, -0.019472, -0.041448, -0.063252, -0.074049, -0.001234, -0.071446, -0.031843, 0.019363, -0.083131, -0.111982, -0.062143, -0.002614, 0.001893, 0.002076, 0.000619, -0.060605, 0.077259, -0.00039, 0.133536, 0.05952, 0.074203, 0.003684, -0.00269, 0.059566, 0.028973, 0.018873, 0.036376, 0.000595, -0.091864, 0.044515, 0.032529, 0.046673, 0.009653, 0.046595, -0.022145, -0.002535, -0.086128, 0.030611, -0.037143, -0.0, -0.047742, 0.019112, 0.039286, -0.050953, 0.021986, -0.028842, -0.019271, 0.018385, -0.106244, 0.073649, -0.084661, -0.031094, -0.043591, 0.161871, 0.023701, -0.009827, -0.042173, 0.082215, 0.022208, -0.028935, -0.000133, -0.028387, -0.059251, -0.053116, 0.017265, 0.060123, 0.009654, 0.01208, 0.056741, -0.04185, -0.084128, 0.042688, -0.028751, -0.010879, -0.020559, -0.005871, -0.053695, -0.056592, 0.070201, 0.023776, 0.032405, 0.110824, -0.054419, -0.087773, -0.014632, 0.039641, 0.009845, 0.015423, -0.012849, 0.054536, -0.031083, 0.03895, -0.00331, -0.049235, 0.023356, -0.044043, 0.049324, 0.016795, 0.09147, 0.032524, -0.025055, 0.000506, -0.093577, 0.028671, -0.015336, 0.087474, 0.085424, 0.040844, 0.043746, 0.056566, -0.012436, -0.041264, 0.042928, -0.089446, -0.034312, -0.025139, 0.022262, -0.072158, 0.004624, 0.11674, 0.032269, 0.111716, -0.02297, -0.010438, -0.005965, 0.061524, 0.010652, -0.053814, -0.039421, 0.097186, 0.032298, -0.003946, -0.034515, 0.037458, -0.051387, 0.0, -0.054597, 0.072677, -0.05973, 0.007599, 0.052365, -0.020277, -0.077868, -0.059542, -0.066491, 0.030713, 0.018901, -0.011282, 0.004356, -0.052499, 0.018401, -0.048918, -0.041899, -0.06631, -0.011888, -0.060198, 0.048482, 0.085327, -0.059867, 0.006784, -0.016512, -0.007859, -0.020671, 0.056958, -0.005673, -0.06036, 0.017556, -0.054163, -0.077003, -0.000414, 0.00782, 0.057878, 0.020412, -0.084455, -0.072462, -0.039864, 0.086965, 0.01917, -0.029418, 0.031493, -0.030866, 0.047485, -0.057106, 0.014655, 0.031076, 0.004515, 0.0138, 0.00614, -0.08131, -0.059202, -0.013474, 0.014628, -0.035064, -0.00444, 0.059364, 0.012538, -0.106191, -0.014957, 0.020304, 0.054896, -0.028556, 0.087, -0.021061, 0.100633, 0.007098, -0.03178, 0.010766, 0.040294, 0.081765, 0.02786, -0.067787, 0.036103, -0.087151, -0.032767, -0.037763, -0.056048, 0.046642, -0.061392, 0.051251, 0.003955, -0.005185, 0.076803, -0.017537, 0.068211, -0.039901, 0.061468, -0.081139, -0.003062, -0.034751, 0.070833, -0.010493, -0.0, 0.017727, 0.051455, 0.078238, -0.019132, 0.014641, -0.062679, -0.011957, 0.156913, 0.075718, 0.060555, 0.070206, -0.054532, -0.113501, 0.067536, 0.023584, 0.048394, 0.070582, 0.056204, 0.057777, 0.037591, 0.05468, 0.080343, -0.038576, -0.086523, -0.028094, -0.116213, -0.017892, 0.056613, -0.013721, 0.03043, 0.062676, 0.048261, 0.073888, 0.027205, 0.05809, -0.040846, -0.033609, 0.050009, 0.017165, -0.020827, 0.016638, 0.115927, -0.026806, 0.010426, -0.041322, -0.013513, -0.022075, -0.103141, 0.025018, -0.014777, 0.010226, 0.055212, 0.014733, 0.03667, 0.066866, 0.017917, -0.008736, -0.043619, -0.044599, 0.053223, 0.0105, -0.072832, -0.016387, 0.031385]","[""ART0523"", ""ART0132"", ""ART0218""]"
ART0610,Cloudflare Releases Open Source Framework,Cloudflare,2024-04-08,AI_ML,1499000000,Strategic acquisition strengthens competitive position and technology capabilities.,https://technews.example.com/articles/610,Cybersecurity,1998,"Austin, TX",4422,False,CLOU,26,Small,"[0.072887, -0.108893, -0.054485, -0.086269, 0.119829, 0.036569, -0.02581, -0.002672, 0.084635, 0.023898, 0.037807, 0.09259, 0.017958, -0.048834, 0.088137, -0.061542, -0.04157, -0.095227, 0.001564, -0.046145, -0.069657, -0.055033, 0.076703, -0.035111, -0.011505, -0.008129, -0.05387, -0.015512, 0.008956, -0.067387, 0.05082, 0.049164, 0.010037, 0.04425, 0.008121, 0.074106, -0.026306, -0.024308, -0.003703, -0.043132, -0.051242, -0.119561, -0.031764, -0.041137, 0.035444, 0.03478, 0.070901, 0.012871, 0.016688, 0.022636, -0.064559, -0.072778, -0.001601, -0.027846, -0.017454, 0.05702, -0.053315, -0.045442, -0.022629, -0.049, -0.026549, -0.028427, -0.024766, 0.026524, 0.026881, -0.012986, -0.02066, 0.033987, -0.055642, -0.084375, -0.004625, 0.002348, 0.023669, 0.033045, 0.031237, 0.034582, 0.003985, 0.102296, 0.116338, 0.05537, 0.149125, 0.068793, -0.027788, 0.036496, -0.07537, 0.010163, 0.116269, -0.028454, 0.062667, -0.000191, -0.004031, 0.034151, 0.099077, 0.056898, -0.037288, 0.000347, -0.050839, 0.020884, 0.000198, 0.041632, -0.003282, -0.031008, 0.061756, -0.018193, -0.068054, -0.006442, -0.015446, 0.059358, 0.070007, 0.002798, -0.01389, -0.0216, -0.002232, -0.083423, 0.001004, 0.037729, -0.104292, -0.012964, 0.022015, -0.080965, 0.021772, 0.005906, 0.021852, -0.005901, -0.084748, 0.042976, -0.10256, 0.0, -0.00843, 0.065016, 0.016308, -0.025911, 0.024175, -0.040515, 0.04305, -0.017538, -0.136282, -0.020869, -0.082903, 0.10756, -0.049603, 0.035285, 0.109363, -0.039708, -0.022122, 0.084004, 0.16729, -0.038662, -0.004086, -0.054814, 0.02408, 0.028546, 0.078891, -0.072592, 0.029037, 0.02177, 0.016027, 0.032421, -0.000851, -0.029967, -0.009991, -0.041896, 0.02587, -0.002876, -0.093995, -0.11395, -0.015481, 0.071616, -0.064549, 0.043718, -0.092723, 0.047054, -0.032784, -0.041647, -0.006762, -0.025326, 0.062202, -0.020406, -0.024052, 0.006393, 0.046653, -0.026718, 0.045384, 0.071219, -0.03524, -0.030826, 0.013511, 0.046588, -0.119781, -0.004728, -0.030491, -0.014674, -0.031018, -0.017593, 0.044304, 0.04552, 0.036319, 0.020172, 0.051548, -0.037361, 0.017926, -0.02537, 0.036066, -0.063693, -0.055483, 0.010569, 0.097926, -0.055334, -0.073875, 0.012283, 0.041263, 0.116995, -0.086471, 0.015852, 0.059098, -0.026914, -0.010575, 0.074658, -0.079388, -0.024074, -0.03163, 0.030731, 0.047958, 0.0, -0.022708, -0.02741, -0.086311, 0.05437, 0.028984, -0.006728, -0.005033, 0.04538, -0.020159, 0.016976, -0.022414, 0.017679, 0.016515, -0.021277, -0.00264, -0.036163, 0.012747, -0.129935, -0.001127, 0.014945, 0.030655, -0.05928, 0.073639, 0.036635, 0.029778, 0.029314, -0.038819, -0.017018, -0.006079, 0.008543, 0.017422, 0.012916, -0.020203, 0.039428, 0.009023, -0.009516, 0.021584, -0.039947, 0.039498, -0.014826, -0.03817, -0.038951, 0.01599, -0.091609, -0.0264, 0.044248, 0.017253, 0.01064, 0.046625, -0.088285, 0.016588, 0.077191, -0.007847, -0.072336, -0.023318, -0.023409, 0.061747, 0.060052, -0.054193, 0.029646, 0.03933, 0.011455, 0.005903, 0.019588, 0.082222, 0.001924, -0.011303, 0.071458, -0.066227, -0.00125, -0.042712, -0.05893, -0.016773, -0.003024, -0.066967, 0.046968, -0.049177, 0.023844, -0.008409, 0.091516, 0.045749, 0.00099, 0.040468, -0.018899, -0.001058, -0.023188, 0.084525, -0.130049, -0.026594, 0.009706, -0.094424, -0.034935, -0.049537, 0.06521, 0.010663, -0.0, -0.081777, 0.030905, 0.057421, 0.040983, -0.026347, 0.037481, 0.079427, 0.053454, 0.037523, -0.023634, -0.075787, -0.05719, 0.01148, 0.083941, 0.001088, 0.056923, -0.01727, 0.055449, -0.044336, -0.072037, -0.006313, 0.112472, 0.053286, -0.05779, 0.002604, -0.010435, 0.022679, -0.006531, 0.001865, 0.00809, -0.019201, -0.036681, 0.078881, -0.061632, 0.037369, 0.040172, -0.038828, 0.007028, -0.012592, 0.061561, -0.039681, 0.135111, -0.01498, -0.026995, -0.038736, 0.031991, -0.051685, 0.011973, 0.003708, 0.004091, 0.071528, -0.007632, -0.017926, 0.079503, 0.010381, -0.003208, -0.002493, -0.007644, 0.053022, 0.000373, -0.043843, -0.064256, 0.092718, 0.050078]","[""ART0377"", ""ART0366"", ""ART0038""]"
ART0611,SpaceX Partners with Major Enterprise Client,SpaceX,2024-01-09,CLOUD,9520000000,Major partnership validates technology and opens new revenue opportunities.,https://technews.example.com/articles/611,AI/ML,2016,"Berlin, Germany",31018,False,,8,Large,"[0.006291, -0.00586, 0.076383, -0.079872, -0.087952, 0.012895, -0.001932, 0.00552, 0.040457, -0.02478, -0.047881, 0.085845, -0.004501, 0.04887, -0.001693, -0.017953, 0.012358, -0.011501, -0.005469, 0.031141, -0.063427, -0.130498, -0.056575, -0.03285, 0.034351, 0.02378, 0.054434, -0.01359, -0.008578, -0.01681, 0.003463, 0.064673, 0.040348, -0.024191, -0.021793, 0.089022, 0.001666, -0.046653, -0.019895, -0.068478, 0.005424, -0.069043, -0.011937, 0.025838, -0.022983, -0.129165, 0.029692, -0.054046, 0.057156, 0.062504, -0.048389, -0.078721, 0.005366, 0.020593, -0.005768, 0.024434, -0.06963, -0.03218, -0.012514, -0.10147, 0.03349, -0.043287, -0.017404, 0.058913, -0.050691, 0.022586, -0.098738, 0.050964, -0.131812, -0.081942, -0.020532, -0.056735, -0.065229, 0.005252, -0.002161, 0.042333, 0.070271, 0.017974, 0.150264, -0.056885, 0.032789, 0.080345, -0.109534, 0.007271, -0.03606, 0.008807, 0.014269, 0.026731, 0.015101, -0.011228, -0.016396, 0.032082, 0.028679, -0.023002, -0.015201, 0.024822, -0.055196, -0.021209, 0.030929, 0.037038, 0.024477, 0.022556, 0.050619, 0.040872, -0.026517, -0.020841, -0.02639, 0.046297, 0.087807, -0.022305, -0.056062, -0.036368, -0.086887, -0.004956, -0.026209, 0.07615, -0.094925, 0.059058, 0.134288, -0.121381, -0.013036, -0.000986, 0.009882, -0.027464, 0.03671, -0.051323, -0.04777, 0.0, -0.096865, 0.043107, 0.025394, 0.073216, -0.018656, 0.031444, -0.028613, 0.01299, -0.122659, -0.035213, -0.078337, 0.093887, 0.053333, 0.083814, 0.048938, -0.044015, 0.005914, 0.054104, 0.016827, -0.016312, 0.027717, 0.034173, 0.030249, 0.064683, 0.027957, -0.062095, 0.0115, 0.045483, 0.041657, 0.017863, -0.065818, 0.02825, 0.01738, -0.021038, -0.040078, 0.129955, -0.059546, -0.12265, -0.018207, 0.042661, -0.099813, 0.037646, -0.056061, -0.036672, -0.053469, 0.012806, 0.001581, -0.050906, 0.034035, 0.027298, -0.024787, 0.064942, -0.039255, 0.029292, 0.044969, 0.046865, 0.035385, -0.007508, -0.024899, 0.019081, -0.031321, -0.018244, -0.014592, 0.033382, 0.014224, 0.108526, 0.106787, 0.012896, -0.029925, 0.062256, -0.047661, -0.013541, 0.025056, -0.054021, -0.004306, -0.065432, -0.108458, 0.002996, 0.037464, 0.059237, -0.06999, -0.051102, 0.076243, 0.069157, -0.045554, 0.022795, -0.012622, 0.057107, 0.006603, 0.117932, -0.057943, -0.011514, -0.035323, 0.086441, 0.006528, -0.0, -0.038095, 0.003342, 0.043507, 0.030737, 0.034085, 0.005166, 0.027722, -0.069771, -0.002805, 0.070047, 0.01928, 0.03137, 0.047766, -0.020205, -0.0402, -0.049563, 0.021397, -0.047616, -0.001506, -0.041785, 0.120761, 0.010804, -0.009478, 0.065758, -0.017206, 0.031616, 0.033229, -0.034934, -0.05366, 0.019355, -0.031264, 0.080076, -0.040684, 0.027376, 0.046216, 0.094153, -0.032133, -0.010471, 0.001504, -0.086945, 0.03336, -0.058017, 0.002661, 0.054388, -0.058328, -0.016434, 0.014955, 0.029493, 0.001188, 0.000748, -0.031066, 0.020484, -0.001683, -0.060354, -0.028213, 0.01018, 0.041148, 0.052247, 0.018924, 0.015919, 0.072632, 0.027779, 0.08118, 0.068083, 0.000817, -0.003989, 0.036006, 0.067029, -0.033091, 0.018633, 0.06549, -0.028355, -0.121814, 0.02199, -0.01499, 0.040353, -0.001003, -0.077999, 0.018676, 0.07191, 0.082388, 0.039715, 0.115168, 0.110222, -0.022933, 0.059196, -0.048586, -0.041535, -0.004526, 0.016942, -0.064143, -0.005834, -0.033799, 0.001501, -0.050927, -0.0, -0.104932, -0.050764, -0.031737, -0.02087, -0.078326, -0.022395, -0.025049, 0.055123, 0.034512, 0.038209, 0.006018, -0.076529, -0.051631, 0.026828, 0.035139, -0.01255, 0.016002, 0.041696, -0.055539, -0.000948, -0.066929, 0.063384, 0.033345, -0.021018, -0.002547, 0.008755, 0.049755, 0.095128, 0.049616, -0.017261, 0.007278, -0.03355, -0.048457, 0.001625, 0.022267, -0.007848, -0.035095, 0.090197, 0.073841, 0.049328, -0.078309, 0.063503, 0.001681, 0.004724, -0.087128, 0.039213, -0.052752, -0.059069, -0.041517, -0.017398, -0.011107, 0.009029, -0.056157, -0.046761, -0.118696, -0.001294, -0.044064, 0.040696, 0.067581, -0.010537, 0.01674, -0.08, 0.030904, 0.02848]","[""ART0418"", ""ART0727"", ""ART0431""]"
ART0614,Google Deepmind Expands into European Market,Google DeepMind,2024-12-19,AI_ML,1215000000,New product features leverage cutting-edge AI technology to solve customer problems.,https://technews.example.com/articles/614,Data Analytics,2017,"Austin, TX",24274,False,,7,Medium,"[-0.075728, -0.09173, 0.065449, -0.028257, -0.0044, 0.009996, -0.047551, 0.006122, -0.03549, -0.047342, -0.045188, -0.003709, -0.004835, -0.009128, 0.03288, 0.00238, 0.046485, -0.03719, -0.129951, -0.075856, 0.012121, -0.028053, 0.001443, -0.063928, 0.019211, 0.034815, 0.045911, -0.116036, 0.027551, 0.015983, 0.05311, 0.019966, 0.03246, 0.078251, -0.007641, 0.036554, -0.132822, 0.012831, -0.04736, -0.041283, -0.062027, -0.069803, -0.039376, 0.006591, 0.116202, 0.072018, -0.003441, 0.036332, -0.003759, 0.000843, -0.107702, -0.030874, 0.024499, -0.045163, -0.014104, -0.019196, 0.017024, 0.048091, 0.010653, 0.042592, 0.019843, -0.049823, 0.089067, -0.027126, 0.017583, 0.051293, -0.048566, -0.016452, -0.049507, -0.066204, 0.097076, 0.064266, -0.05101, 0.029165, -0.038591, -0.006338, 0.011179, -0.027864, 0.088034, -0.06552, 0.041958, -0.017423, 0.009624, 0.117005, 0.046585, -0.094307, 0.035274, 0.023449, -0.032671, -0.045151, -0.042505, -0.114274, 0.026818, -0.002545, 0.036554, 0.013071, -0.070146, -0.078911, -0.066436, 0.011864, -0.03909, 0.009306, 0.008509, -0.043934, -0.017754, 0.049746, 0.096573, 0.018266, 0.080433, -0.022068, -0.038506, 0.038182, 0.043308, -0.088428, 0.021549, -0.054178, -0.031621, 0.0345, 0.060249, 0.095493, -0.018572, 0.040094, -0.071287, 0.047844, -0.011278, 0.075698, -0.064969, 0.0, -0.079524, -0.016793, -0.00138, -0.072976, 0.008466, -0.013561, -0.044573, 0.062902, -0.123473, 0.018632, -0.072394, 0.007511, -0.066886, 0.124587, 0.045596, 0.013509, -0.00767, 0.062257, 0.024484, -0.053311, -0.001563, -0.032038, 0.052813, 0.021391, 0.027114, 0.022537, 0.045615, -0.005077, 0.126997, -0.027937, -0.086914, -0.002601, -0.01426, 0.016471, -0.022217, 0.060479, -0.045874, -0.049986, -8.3e-05, 0.060329, 0.03456, 0.105754, -0.061999, -0.030231, -0.010508, 0.010932, -0.001121, -0.048273, -0.009899, 0.037612, -0.034416, 0.063291, -0.000897, -0.044414, 0.025586, -0.042525, 0.031937, 0.007979, 0.086335, -0.022502, 0.024959, -0.018088, -0.074321, 0.066838, -0.003299, 0.069719, 0.083267, 0.090814, 0.024739, 0.019716, 0.029111, 0.006473, 0.072161, 0.001318, -0.117363, -0.001959, -0.009949, -0.057204, 0.037435, -0.005401, 0.031046, 0.026256, -0.001572, -0.000319, 0.011605, 0.035874, 0.019263, -0.070949, -0.025424, 0.092442, -0.051721, -0.009489, -0.036222, 0.067228, -0.01543, -0.0, -0.150538, 0.01251, -0.088126, 0.026815, 0.025104, -0.01784, -0.060517, -0.046692, -0.019891, 0.09523, 0.00194, -0.046462, 0.022977, -0.025503, 0.006851, -0.036266, -0.018717, -0.023856, 0.006372, -0.011657, -0.010263, 0.049233, -0.052084, -0.012329, 0.02109, -0.021164, -0.040758, 0.057916, -0.010212, -0.065465, -0.039795, -0.016495, -0.065209, 0.042043, 0.007437, 0.05798, -0.008313, -0.035576, -0.044474, 0.006113, 0.024991, -0.063124, -0.031743, 0.003099, -0.028457, 0.049947, -0.037219, 0.03734, -0.016779, -0.02728, 0.021884, -0.009631, -0.036241, -0.063334, -0.040565, 0.028383, 0.016191, -0.004053, 0.006665, 0.053693, -0.07462, -0.059386, 0.059133, -0.029283, -0.004684, 0.00309, -0.00827, 0.117205, -0.032586, -0.046212, 0.015632, -0.018664, 0.062546, 0.067987, -0.059283, 0.016494, -0.047599, -0.007897, 0.001524, -0.070122, 0.080286, -0.074053, 0.086224, 0.004421, 0.048026, 0.024233, -0.008971, 0.052717, -0.029037, 0.009489, -0.130431, 0.051557, -0.051248, 0.021849, -0.093239, -0.0, -0.023374, 0.013458, 0.062502, 0.013661, 0.061515, -0.056575, -0.030046, 0.140709, -0.013464, 0.002146, 0.016465, -0.030639, -0.065231, 0.049772, 0.050152, 0.073446, 0.028906, 0.014081, 0.088263, 0.07642, 0.076899, 0.0792, 0.002246, -0.056067, -0.019779, -0.104304, 0.001173, 0.046463, -0.024165, 0.014605, -0.018407, 0.043422, 0.081757, 0.011942, 0.074524, 0.002243, -0.036757, 0.064209, -0.064215, -0.044648, 0.055581, 0.095347, -0.013966, -0.038654, 0.020473, -0.001677, 0.010039, -0.096024, 0.057201, 0.053527, -0.025887, 0.024261, 0.056016, 0.070439, 0.117967, -0.030858, 0.026392, -0.077071, 0.015704, 0.098647, -0.019731, 0.008621, 0.006491, 0.041093]","[""ART0186"", ""ART0447"", ""ART0326""]"
ART0619,Facebook AI Research CEO Discusses Future of AI,Meta AI,2024-06-21,AI_ML,1725000000,Leadership outlines vision for responsible AI development and deployment.,https://technews.example.com/articles/619,Data Analytics,2001,"Seattle, WA",20240,True,,23,Medium,"[-0.040821, -0.009163, 0.030881, -0.015539, 0.059751, -0.042822, -0.03305, -0.00807, 0.011352, -0.009722, -0.054064, 0.036425, 0.020831, 0.025501, 0.003914, 0.052038, -0.029525, -0.013557, -0.079559, -0.075895, -0.044595, -0.032439, 0.037269, -0.006412, -0.051023, 0.005878, -0.023192, -0.06997, 0.004987, 0.014573, 0.093901, -0.032155, 0.074777, 0.020102, -0.056955, 0.080826, -0.02404, -0.010924, 0.070688, -0.071233, 0.008787, -0.058787, -0.038305, -0.00279, 0.059849, 0.039426, -0.019487, -0.057375, -0.054261, -0.035089, -0.134265, -0.132732, 0.010524, -0.049856, -0.038856, 0.044416, 0.031822, -0.060833, 0.061347, -0.025345, 0.009891, -0.029489, 0.02615, 0.038708, 0.062418, 0.02825, -0.043876, 0.001654, -0.074416, -0.018762, 0.07961, 0.051481, 0.000569, 0.005077, 0.004954, 0.005762, 0.026092, 0.025252, 0.059914, -0.027808, 0.071936, 0.02836, 0.030265, 0.104762, -0.08256, 0.003061, -0.006579, -0.089639, -0.037022, 0.061501, -0.053768, -0.055464, 0.009779, 0.017918, -0.065945, 0.08247, -0.085296, -0.07196, -0.106767, -0.00305, -0.015058, 0.023945, 0.030508, -0.070672, -0.031708, 0.038504, 0.115892, -0.028699, 0.018008, 0.039094, 0.005611, 0.013803, -0.017193, -0.089462, 0.063977, -0.014403, -0.055754, 0.083831, 0.133157, -0.034107, 0.068023, 0.042592, 0.070277, 0.048475, -0.011523, 0.011065, -0.030889, -0.0, -0.045419, 0.053939, 0.04856, 0.077694, 0.046355, 0.028003, -0.002959, -0.029693, -0.031326, -0.070328, -0.040198, -0.050018, -0.001678, 0.030476, -0.006843, -0.085922, 0.03398, 0.025088, -0.01585, -0.047961, 0.079109, -0.075997, -0.051089, 0.013401, 0.099336, -0.01953, 0.029394, -0.01565, 0.067707, 0.033862, -0.110898, 0.107972, -0.09411, 0.014875, 0.01328, 0.054617, -0.042768, -0.01621, -0.035463, 0.022412, -0.012484, 0.06493, -0.068628, -0.01226, -0.023874, -0.019725, 0.016754, -0.057181, 0.104487, -0.021915, -0.071517, -0.050419, 0.033606, -0.018309, 0.07245, -0.027183, 0.045863, -0.035348, -0.04263, -0.032529, 0.003476, -0.020114, -0.119768, 0.108421, -0.015284, 0.012537, 0.022464, 0.033915, 0.07666, 0.011764, 0.022448, 0.064238, -0.013572, -0.016922, -0.178946, 0.020392, -0.0646, -0.054627, 0.027864, 0.038625, -0.017384, -0.002982, -0.001487, 0.047683, 0.089623, -0.019504, 0.046962, 0.038414, 0.018798, 0.080091, -0.016275, 0.013821, 0.04621, 0.105077, -0.114256, 0.0, -0.015165, 0.055387, 0.040903, 0.000504, 0.095674, -0.069569, -0.028791, -0.007915, 0.096499, 0.036105, -0.034003, -0.026153, -0.036798, 0.006322, 0.022918, 0.004876, 0.016266, -0.12203, -0.060876, -0.0347, 0.03711, 0.083925, -0.077971, 0.015932, 0.023975, 0.034008, 0.024328, 0.127447, 0.004865, 0.017202, -0.005246, -0.083077, 0.007935, 0.045537, 0.018791, 0.043498, 0.008722, -0.079361, -0.006233, 0.015493, 0.049512, -0.039449, -0.02132, -0.02241, -0.03943, 0.060241, -0.046082, 0.04656, -0.059564, 0.004017, -0.046547, -0.031769, -0.062168, -0.017357, -0.069831, 0.003938, 0.073386, 0.108384, 0.012013, 0.01692, 0.001777, -0.003233, 0.055541, 0.001471, -0.072486, 0.034379, 0.008073, 0.064296, -0.050515, 0.024733, 0.025095, -0.031939, -0.10621, 0.026911, -0.041031, 0.019745, -0.014173, -0.021676, -0.01068, 0.028096, -0.002008, -0.01009, -0.010129, 0.016472, 0.039744, 0.0076, -0.023106, -0.030685, -0.017207, 0.019683, -0.023871, -0.067213, -0.092171, 0.029117, -0.044735, -0.0, -0.089316, -0.017653, 0.027124, 0.016731, 0.072877, 0.030236, 0.02161, -0.083996, 0.055804, -0.00713, -0.032412, -0.008967, -0.018157, 0.04353, 0.06971, -0.047091, -0.041941, 0.027172, 0.006673, -0.024723, 0.051295, 0.02537, -0.029107, -0.037931, -0.004597, -0.078173, -0.100411, 0.036182, -0.071695, 0.131171, 0.019648, 0.052572, 0.044562, -0.043374, 0.100267, 0.024196, -0.002446, -0.026602, 0.00655, -0.018949, 0.028788, 0.100829, 0.095779, -0.00839, -0.020132, 0.028172, -0.05317, -0.007287, 0.028729, -0.022148, -0.043474, 0.027608, -0.002638, 0.088567, 0.063809, -0.002986, 0.054182, -0.005415, -0.040595, 0.022606, 0.108004, -0.000239, 0.03103, -0.023675]","[""ART0031"", ""ART0303"", ""ART0040""]"
ART0621,Nvidia Acquires Competitor for Undisclosed Sum,NVIDIA,2024-08-13,DATA_ANALYTICS,58500000000,International expansion strategy focuses on enterprise customers in key markets.,https://technews.example.com/articles/621,AI/ML,2017,"London, UK",22031,False,,7,Medium,"[0.010206, -0.031428, 0.023369, -0.049043, 0.033983, 0.010783, 0.030493, 0.032581, 0.043302, -0.037587, 0.007789, 0.026689, -0.006738, 0.013327, 0.054533, -0.01982, 0.026982, -0.071926, -0.01809, -0.016454, -0.049767, -0.108029, 0.013992, -0.023255, 0.045089, -0.019874, 0.02703, 0.045178, 0.020516, -0.03482, 0.002054, 0.054362, 0.042229, 0.017276, 0.046092, -0.044926, -0.081595, -0.011133, -0.052333, -0.018656, 0.06736, -0.022359, -0.013915, 0.059078, 0.060281, -0.034526, -0.041485, 0.086645, 0.02286, -0.036348, -0.030822, -0.009745, -0.02435, -0.069827, -0.022154, 0.013566, -0.029995, -0.094231, 0.024205, 0.014968, 0.103762, -0.074651, 0.022031, 0.055776, 0.002119, -0.008419, 0.000155, 0.016446, -0.061468, -0.066742, 0.072007, -0.050866, -0.041733, 0.073026, -0.046963, 0.042441, 0.06197, 0.016516, 0.073179, 0.048189, 0.01541, 0.087498, 0.013209, -0.0259, 0.003274, -0.014988, 0.086489, -0.05725, 0.023729, -0.059445, -0.040427, -0.076789, 0.046379, 0.062567, -0.018399, 0.006838, -0.025793, -0.063735, 0.032302, 0.02384, 0.050239, -0.008147, 0.00458, 0.034039, -0.035167, 0.022645, -0.074269, 0.00968, 0.016303, 0.044343, -0.066502, -0.012026, -0.08537, 0.021567, -0.039268, 0.043634, -0.042525, 0.030178, 0.051848, -0.045361, -0.033251, -0.027127, -0.037992, 0.004498, -0.062408, 0.025063, -0.080134, -0.0, -0.087823, -0.063639, -0.001262, 0.061751, -0.05238, 0.068193, 0.044699, 0.047989, -0.064013, -0.020798, -0.122276, 0.100477, 0.006304, 0.054488, 0.067378, 0.012637, 0.003956, 0.124521, 0.091264, 0.047355, 0.096828, 0.026334, 0.06455, 0.039742, 0.014054, -0.043333, -0.086192, 0.022346, 0.040991, 0.020946, 0.041622, -0.101672, -0.017371, -0.039309, 0.031197, 0.092218, -0.018228, -0.071227, 0.027785, 0.095667, -0.010831, 0.109647, -0.109392, -0.076622, -0.055707, 0.032432, -0.010579, -0.066803, -0.051021, 0.05327, -0.086694, 0.034979, 0.007107, -0.057355, 0.10642, -0.005501, -0.036621, -0.019531, 0.053258, -0.023032, -0.117286, -0.075842, -0.064656, 0.029646, -0.003873, 0.056561, 0.115768, -0.009251, -0.102177, 0.002654, 0.011517, 0.032715, 0.00324, 0.00333, 0.029134, -0.04887, -0.092201, 0.042299, 0.084185, -0.029545, -0.057691, 0.01387, 0.00677, 0.037101, -0.064666, -0.007741, 0.033736, -0.010427, 0.012216, -0.036565, -0.097588, 0.05516, -0.053752, 0.093044, 0.093763, -0.0, 0.035354, -0.022313, -0.012643, -0.093052, -0.017218, 0.011823, -0.01946, 0.037302, -0.035331, -0.020544, -0.038159, 0.063582, 0.051947, 0.020485, -0.071572, -0.070753, 0.040789, 0.032726, 0.002893, -0.058394, 0.021455, -0.062839, -0.015831, -0.046926, 0.092188, 0.000223, 0.008797, -0.067817, -0.028793, -0.031545, 0.009542, 0.036769, -0.019557, 0.085966, 0.020377, 0.082253, -0.022886, -0.013358, 0.053511, -0.013555, -0.0248, -0.013568, 0.102144, -0.039013, -0.048086, 0.027982, 0.047775, -0.015296, 0.041304, -0.022293, -0.036871, 0.002888, -0.002616, 0.039141, -0.108779, 0.055218, 0.064439, 0.073497, -0.013861, -0.064854, 0.065689, 0.033862, -0.026937, 0.01076, -0.019147, -0.010613, 0.007786, -0.016407, 0.095266, -0.122396, -0.008295, -0.009015, -0.087109, -0.034047, -0.082833, 0.027201, 0.023311, -0.108818, 0.039629, -0.0426, 0.007579, -0.053263, 0.096892, 0.04786, 0.01092, 0.038185, 0.042245, -0.047903, -0.010139, 0.01833, -0.041463, -0.011911, -0.068451, -0.028928, -0.003434, -0.0, -0.052441, -0.045018, 0.080829, 0.14478, 0.006648, -0.078112, -0.057887, 0.054038, 0.031361, 0.045101, 0.009789, -0.041166, -0.03144, 0.038505, 0.021718, 0.061479, 0.01398, 0.099788, -0.004669, 0.048639, -0.056113, 0.091632, 0.04167, -0.079177, -0.020275, 0.033378, -0.009932, -0.0435, 0.074522, -0.044796, 0.023472, 0.03688, 0.059313, 0.046797, -0.004971, -0.002505, 0.053865, 0.049499, -0.01939, -0.048292, -0.040872, 0.015808, 0.047903, -0.01853, 0.01786, -0.032587, -0.051365, -0.087302, -0.03265, -0.003422, 0.013216, 0.006289, -0.051891, 0.043362, 0.004072, -0.01438, -0.053787, -0.007697, -0.010125, 0.084139, -0.051996, -0.116797, 0.025172, 0.048372]","[""ART0524"", ""ART0297"", ""ART0548""]"
ART0626,NVIDIA Corporation Acquires Competitor for Undisclosed Sum,NVIDIA,2024-06-20,FINTECH,54000000000,Major partnership validates technology and opens new revenue opportunities.,https://technews.example.com/articles/626,AI/ML,2017,"London, UK",22031,False,,7,Medium,"[-0.089817, 0.012997, -0.016592, -0.032426, 0.001315, 0.00849, -0.019449, 0.009196, 0.090702, -0.060251, -0.028633, 0.014033, 0.008025, 0.029878, 0.000351, -0.011836, 0.04607, 0.005176, -0.021976, -0.020021, -0.063505, -0.112343, -0.001481, -0.034755, 0.034866, -0.004025, -0.008735, -0.006838, 0.011761, -0.054261, -0.002795, 0.02541, 0.041695, -0.008638, 0.028034, -0.01562, -0.044341, -0.018012, -0.048043, -0.077362, 0.020212, -0.050641, -0.032025, 0.041205, 0.020364, -0.017475, 8.4e-05, 0.03975, 0.043214, -0.019217, -0.064803, -0.032308, -0.005266, -0.021639, -0.050764, 0.056264, -0.074709, -0.127431, 0.005034, 0.009727, 0.114137, -0.050098, 0.012164, 0.048153, 0.016816, -0.029506, -0.012826, 0.005765, -0.075472, -0.038548, 0.085896, -0.045603, 0.004019, 0.006848, -0.049144, 0.050161, 0.016502, 0.041865, 0.103734, -0.029412, 0.033183, 0.11167, 0.003826, 0.006603, 0.017049, 0.039732, 0.059217, 0.031105, 0.057702, -0.086778, -0.092258, -0.029045, 0.057644, 0.019671, -0.033104, 0.016819, -0.036492, -0.018816, 0.060699, 0.040337, -4.1e-05, -0.009298, 0.031566, -0.005458, 0.016616, 0.024173, -0.041335, 0.015097, 0.079677, 0.069599, -0.002077, -0.003966, -0.065315, 0.067286, -0.005515, 0.10173, -0.094714, 0.036151, 0.033733, -0.073449, -0.04059, -0.013078, -0.019762, -0.047527, -0.006118, -0.006741, -0.062298, 0.0, -0.01266, -0.011787, 0.014576, 0.04271, -0.005641, 0.079315, 0.0365, 0.034124, -0.053121, -0.007997, -0.109952, 0.06515, 0.00739, 0.077803, 0.001221, -0.00988, -0.031901, 0.067439, 0.073166, 0.013433, 0.071031, 0.062004, 0.026342, 0.075413, -0.010404, -0.06414, -0.074266, 0.025321, 0.087533, 0.022612, 0.048795, -0.071925, 0.042339, -0.039052, 0.073512, 0.076849, -0.028214, -0.09336, 0.012404, 0.114255, -0.017968, 0.077, -0.08876, -0.076161, -0.107062, -0.031072, -0.032599, -0.042435, -0.072627, 0.030142, -0.072013, 0.056271, -0.017166, -0.0503, 0.036876, -0.001841, -0.017803, 0.005564, 0.023564, 0.00746, -0.11734, -0.031516, -0.050088, -0.002849, -0.034979, 0.079123, 0.132814, 0.010166, -0.088558, -0.018252, -0.011832, 0.012354, -0.06525, -0.025784, 0.057261, -0.087641, -0.065187, 0.054801, 0.06823, 0.019576, 0.002976, -0.013138, 0.065729, 0.009739, -0.08423, -0.019633, 0.002229, 0.00441, -0.021462, 0.035148, -0.098319, 0.084895, -0.050553, 0.099902, 0.130854, -0.0, 0.01418, 0.000639, 0.045363, -0.032403, -0.014549, 0.014022, -0.005178, -0.083557, -0.014242, 0.021804, 0.02375, 0.080118, 0.051966, -0.002528, -0.03541, -0.077354, 0.010309, 0.029115, -0.005805, -0.089261, 0.063558, -0.024866, -0.000537, -0.027305, 0.028363, 0.037567, 0.028088, -0.089628, -0.015977, 0.028001, 0.013434, 0.039305, -0.08469, 0.037933, 0.056323, 0.033408, 7.1e-05, -0.052811, 0.030957, -0.113585, 0.030057, 0.02036, 0.101407, -0.025342, -0.045075, 0.006571, 0.027774, -0.024591, 0.092093, -0.018116, 0.009085, -0.003794, -0.015268, 0.038584, -0.044639, 0.047911, 0.079317, 0.098978, 0.027061, -0.05097, 0.071562, 0.010695, -0.075237, 0.028223, 0.019013, 0.01806, 0.024208, 0.02287, 0.08588, -0.072945, -0.009094, -0.012432, -0.022522, -0.065956, -0.125761, 0.01874, -0.000165, -0.113002, 0.018481, 0.014701, 0.089785, -0.063671, 0.153808, 0.005248, -0.010152, 0.064328, 0.051637, -0.072879, -0.025133, 0.032702, -0.042687, -0.022864, -0.037391, 0.007138, -0.01113, -0.0, 0.025551, -0.077388, 0.004858, 0.036506, -0.000937, -0.101627, -0.100452, 0.02281, 0.033245, 0.057706, 0.04786, -0.065178, -0.055725, 0.018378, 0.035279, 0.014355, 0.025028, 0.038769, -0.007953, 0.030175, -0.090992, 0.045788, 0.012238, -0.007038, -0.065157, 0.023733, 0.066741, -0.043338, 0.073564, 0.018546, 0.014559, 0.019102, 0.042908, 0.002628, 0.021621, -0.047649, 0.039728, 0.053173, 0.056664, -0.008789, -0.027285, 0.076592, 0.002691, 0.007021, -0.007338, -0.018448, -0.036245, -0.097273, -0.068844, 0.014871, 0.02792, -0.014381, -0.021059, -0.015695, -0.081192, -0.02842, -0.064412, -0.015618, 0.013194, -0.003243, -0.001218, -0.122704, 0.123677, 0.009798]","[""ART0297"", ""ART0684"", ""ART0399""]"
ART0628,Elastic Expands into European Market,Elastic,2023-12-27,AI_ML,1250000000,Regulatory concerns focus on data privacy and market competition issues.,https://technews.example.com/articles/628,Cybersecurity,2016,"San Francisco, CA",24508,True,ELAS,7,Medium,"[0.030232, 0.006247, -0.011377, -0.035675, 0.093257, 0.060417, 0.018501, 0.002962, 0.019929, 0.016947, 0.015566, 0.078344, -0.026065, -0.024069, 0.044643, -0.036903, -0.025889, -0.072636, -0.127968, 0.0564, 0.035572, -0.05416, -0.036169, -0.015961, -0.041575, -0.033763, 0.049525, -0.029511, -0.01841, -0.072719, -0.03198, -0.016457, 0.032516, 0.055504, 0.025054, -0.096509, -0.02583, -0.058296, -0.08218, 0.010537, 0.005193, -0.128467, -0.125802, 0.0012, -0.003253, 0.02016, 0.095811, -0.00844, -0.075521, -0.021866, -0.037421, -0.039025, 0.031473, -0.048155, -0.058896, -0.073266, -0.036061, 0.006973, 0.026895, 0.063497, 0.084359, -0.03886, -4.8e-05, 0.08488, 0.004926, 0.044929, -0.013948, 0.032839, -0.025808, -0.058042, -0.010226, -0.099362, -0.036226, 0.078867, 0.096737, -0.008888, -0.030716, 0.039969, 0.084999, 0.049898, 0.043183, -0.10381, -0.037897, 0.009719, -0.010677, -0.039517, 0.004837, -0.072478, 0.012495, -0.026439, 0.01777, -0.080936, 0.038334, 0.067431, -0.003229, 0.004132, -0.043584, 0.0425, 0.06978, 0.009733, 0.024483, 0.047953, -0.036726, 0.102015, -0.052353, -0.012911, 0.023773, 0.006343, 0.036067, 0.044234, -0.026123, 0.006268, -0.029022, -0.043866, -0.001493, -0.03153, -0.027275, 0.003985, 0.104554, 0.06429, -0.023714, -0.007572, -0.022955, -0.001607, 0.005992, 0.052868, -0.117022, -0.0, -0.075027, -0.036742, -0.061639, -0.044527, -0.094816, 0.047352, -0.076228, 0.024615, -0.127579, 0.032433, -0.042627, 0.065732, 0.061206, 0.012528, 0.07644, 0.042012, 0.020933, 0.114114, 0.093398, 0.022866, 0.091133, -0.055632, 0.01891, 0.062692, 0.017442, -0.019897, -0.013367, -0.049792, 0.12119, 0.025909, -0.054413, -0.019685, 0.073383, 0.039816, 0.023931, 0.138414, -0.003177, -0.01077, -0.033655, 0.030766, 0.039003, 0.001919, -0.031453, 0.035689, -0.00813, 0.004112, 0.010777, -0.008811, 0.032161, -0.002484, -0.018271, 0.059855, 0.020552, -0.048977, 0.04061, 0.011321, -0.075384, -0.0526, -0.057341, -0.024184, -0.072593, 0.009637, 0.049137, 0.001433, 0.041122, 0.075069, 0.019364, 0.009478, -0.00263, -0.030816, 0.006594, -0.011959, 0.064098, -0.005689, 0.012148, -0.008241, -0.033705, 0.045067, 0.040694, -0.056455, 0.003983, -0.028392, 0.034614, 0.073307, -0.116773, -0.032015, 0.010339, 0.004194, 0.05086, 0.017287, -0.035189, -0.004041, -0.091341, 0.048647, 0.012638, 0.0, -0.04824, 0.013804, -0.085762, 0.007007, 0.012124, 0.031998, -0.020694, 0.017376, 0.032552, 0.019152, -0.028111, -0.095533, 0.055189, -0.064022, -0.049988, -0.000232, 0.000421, -0.022626, 0.001978, 0.005345, -0.021892, -0.047065, 0.002875, 0.071943, 0.081823, -0.034449, -0.09418, -0.04376, 0.079143, 0.008572, -0.092289, 0.021364, 0.002551, 0.000905, -0.090901, 0.017692, 0.004171, 0.06339, 0.082697, -0.053025, -0.033347, 0.018536, -0.042148, 0.011724, 0.01008, -0.002884, 0.059521, 0.057175, 0.036039, -0.011146, 0.05009, 0.0585, 0.089792, -0.04075, -0.073468, 0.066373, 0.058413, 0.004545, -0.076271, 0.104069, 0.056775, 0.076669, 0.001756, 0.017959, 0.02195, -0.046877, -0.045073, -0.053659, -0.044715, -0.067709, 0.020856, -0.11924, -0.092926, 0.01342, -0.01413, 0.008512, 0.024377, -0.021354, -0.053484, 0.132093, 0.050056, -0.013957, 0.057446, -0.017814, 0.07048, -0.000147, 0.023198, -0.079033, -0.028675, -0.007604, -0.107214, -0.033233, -0.133366, -0.030289, -0.009792, -0.0, 0.015941, -0.038127, 0.063397, 0.083371, 0.036297, 0.01835, 0.023812, 0.083381, -0.044081, -0.004419, 0.0258, -0.00451, -0.083496, 0.018605, 0.034215, 0.037955, 0.0135, 0.009464, -0.004936, 0.125561, -0.043779, 0.0459, -0.081762, -0.058597, 0.061918, 0.033378, 0.017526, 0.047125, 0.036411, 0.021773, -0.016223, -0.02467, 0.088546, 0.02906, -0.136692, 0.000508, 0.006564, 0.063707, -0.094258, -0.019258, -0.028834, 0.034472, 0.017103, -0.007367, 4.8e-05, -0.010685, -0.04966, -0.019081, 0.029041, 0.040748, 0.011438, -0.079311, 0.058513, 0.036353, 0.078625, -0.010073, -0.008577, -0.016108, -0.016817, 0.06294, 0.047357, -0.026327, 0.005989, -0.009068]","[""ART0232"", ""ART0540"", ""ART0274""]"
ART0629,DataRobot Faces Regulatory Scrutiny,DataRobot,2024-05-21,AI_ML,388000000,Investors show strong confidence in the company's growth trajectory and market position.,https://technews.example.com/articles/629,Cloud Computing,2012,"New York, NY",23471,True,,12,Medium,"[-0.008805, -0.076175, -0.029005, 0.003126, 0.053927, -0.03562, 0.016345, 0.059397, -0.042633, 0.044342, 0.025944, 0.067644, 0.001515, -0.074301, -0.015086, 0.0174, 0.036123, -0.064622, -0.046717, -0.010932, 0.028135, -0.037749, 0.020896, 0.003182, -0.014711, 0.088401, -0.033419, 0.054317, 0.022934, -0.08054, -0.027848, 0.03699, 0.018511, 0.041798, 0.069129, -0.048574, 0.001785, -0.004659, -0.010098, 0.025255, -0.003028, -0.052338, -0.022679, -0.019683, -0.021476, -0.003149, 0.048745, 0.008937, 0.004126, 0.031645, -0.149827, -0.093287, 0.132674, -0.032451, -0.072596, -0.075872, -0.047701, -0.060119, 0.090314, 0.013266, 0.046389, 0.023114, 0.002205, 0.055284, 0.074664, 0.022613, -0.090119, -0.029722, 0.052102, -0.03694, 0.063377, -0.028191, -0.011335, 0.048904, -0.059417, 0.04178, 0.026515, 0.042046, 0.172974, -0.02406, 0.084001, -0.05639, 0.01507, 0.065198, -0.020755, -0.002298, 0.073603, 0.022084, -0.006377, 0.043058, 0.062353, -0.070176, 0.025436, 0.034188, -0.126253, 0.065402, -0.104132, -0.093011, 0.018802, 0.035928, 0.006853, 0.003653, -0.08785, 0.063756, -0.045071, -0.087769, 0.034661, -0.042415, 0.035222, 0.077146, -0.046639, 0.041596, -0.006721, 0.046171, 0.051528, -0.030338, -0.124163, 0.070142, 0.007833, 0.009996, 0.057557, 0.013912, -0.01938, -0.027671, 0.069756, -0.020766, -0.073706, -0.0, 0.019271, -0.008832, 0.006635, 0.005498, -0.064826, 0.012445, -0.077829, 0.019147, -0.064756, 0.077289, -0.070263, 0.037396, -0.06994, 0.069622, 0.026205, 0.01159, -0.030094, 0.06769, 0.009459, 0.019318, 0.076305, -0.073413, -0.038705, 0.069563, 0.044921, 0.033834, -0.078, 0.012163, 0.012347, 0.066523, -0.104994, -0.038563, 0.014744, 0.036831, -0.018193, -0.019712, -0.036286, -0.060498, -0.00993, 0.108865, 0.040789, -0.006857, -0.083487, -0.029057, 0.020413, -0.001935, -0.010512, -0.064826, -0.046475, -0.023798, -0.036872, 0.07718, 0.062608, -0.025009, 0.024074, -0.019369, -0.041872, -0.041334, -0.028982, -0.050415, -0.091187, 0.069187, -0.048174, -0.00552, -0.057072, 0.091916, 0.069432, 0.002356, 0.048454, 0.074723, -0.008228, -0.021429, -0.042913, 0.005966, -0.00461, -0.042039, -0.06943, 0.064043, 0.011951, 0.018529, 0.040742, -0.10072, -0.001081, 0.020336, -0.024932, -0.019733, 0.025997, 0.00386, -0.038972, 0.025749, -0.005393, -0.01939, -0.065933, 0.094906, -0.025159, 0.0, -0.083086, 0.016013, 0.026658, 0.018707, -0.059393, 0.053941, -0.025995, 0.002633, 0.094733, 0.032881, -0.081867, -0.035532, 0.028581, -0.053689, 0.00163, -0.014117, 0.017514, -0.046834, 0.005775, -0.079369, -0.010803, 0.067298, -0.026386, 0.035121, 0.046529, 0.032237, -0.064024, -0.02432, 0.045125, 0.050345, -0.067715, 0.041117, 0.070009, 0.032861, -0.00222, 0.015874, -0.026147, -0.046633, 0.057416, 0.017563, 0.034234, 0.049871, -0.03142, -0.086761, -0.026611, -0.06185, 0.076586, -0.005405, 0.086775, 0.002692, 0.022495, 0.093019, 0.045926, 0.009028, -0.07006, 0.007875, 0.020877, -0.023113, -0.063545, 0.09466, 0.007419, 0.005183, -0.002477, 0.035802, -0.004312, 0.063662, 0.057892, -0.047722, 0.059609, -0.102889, 0.0963, -0.072322, 0.005046, 0.041737, -0.007532, 0.034212, -0.056817, -0.045029, -0.029353, 0.076777, 0.024205, 0.005633, 0.096997, 0.022811, 0.006167, 0.055569, -0.041938, -0.035056, -0.054088, 0.043741, -0.012717, -0.080887, -0.06657, -0.046601, 0.007601, -0.0, 0.025968, -0.046912, 0.096465, 0.040683, 0.082778, -0.017674, -0.007569, 0.01017, -0.014404, -0.005075, 0.130148, -0.001714, -0.072643, 0.005616, 0.084607, 0.00364, 0.035244, 0.034737, -0.045167, 0.014003, 0.037162, -0.004954, -0.016765, -0.033546, 0.005693, 0.002105, -0.013897, 0.012672, -0.027062, 0.118414, -0.032733, -0.015097, 0.071998, -0.012839, -0.060065, -0.03174, -0.016497, -0.002987, 0.010753, -0.028946, -0.022903, 0.121976, -0.035359, 0.019018, -0.044565, 0.004244, -0.012868, -0.054605, 0.005563, -0.100619, 0.039332, -0.044135, 0.021436, 0.068859, -0.003668, 0.061574, -0.033649, -0.019775, -0.154052, -0.048246, -0.008405, -0.0116, 0.034347, -0.032231]","[""ART0022"", ""ART0267"", ""ART0299""]"
ART0631,Anthropic Acquires Competitor for Undisclosed Sum,Anthropic,2024-01-09,AI_ML,602000000,Major partnership validates technology and opens new revenue opportunities.,https://technews.example.com/articles/631,FinTech,2006,"San Francisco, CA",43747,False,,18,Large,"[-0.020696, 0.068806, -0.008295, -0.024564, 0.007975, 0.031081, 0.057162, 0.001897, 0.033404, 0.017549, 0.032523, 0.027392, -0.061151, 0.023809, 0.044822, 0.002473, 0.013884, -0.019686, -0.030642, 0.02216, -0.060697, -0.116683, -0.019746, -0.040626, 0.00085, -0.016403, -0.042824, -0.019677, -0.00846, 0.001111, 0.002972, 0.075291, 0.069194, -0.008632, 0.032633, 0.015549, -0.06608, -0.01205, 0.01982, -0.009463, 0.056983, -0.107176, -0.068551, -0.058966, -0.075097, 0.015862, 0.031349, -0.012471, 0.00739, 0.019371, -0.078186, 0.004883, 0.001262, -0.044214, -0.075602, -0.029504, -0.023749, -0.079784, -0.058789, -0.030775, 0.041198, -0.013394, -0.026725, 0.034731, 0.038119, -0.025044, -0.070538, 0.022667, -0.05733, -0.039835, 0.072039, -0.08475, 0.003269, 0.056434, 0.01736, 0.040907, 0.06788, 0.014463, 0.102532, -0.041496, 0.054674, 0.061999, -0.0912, 0.009105, -0.025526, 0.07845, -0.00042, 0.0769, 0.016245, -0.055141, -0.100733, -0.073746, 0.054959, -0.026013, 0.027019, 0.080516, -0.062825, -0.020731, 0.029922, 0.037839, -0.010857, 0.014461, 0.003942, -0.058868, 0.011263, -0.068339, -0.058296, -0.002632, 0.157276, 0.061436, -0.009922, -0.027672, -0.005765, 0.090154, 0.035399, 0.101427, -0.06426, 0.061824, 0.12349, -0.135947, 0.043265, -0.003123, 0.018438, -0.020209, 0.068075, -0.102796, -0.10777, 0.0, -0.066746, 0.032362, 0.070142, 0.005372, -0.030358, 0.020613, -0.037899, -0.013491, -0.070776, 0.04036, -0.086752, 0.04062, 0.054407, 0.079491, -0.016481, 0.021643, -0.071765, 0.095784, 0.076674, 0.029221, 0.052351, 0.062605, 0.017657, 0.135326, 0.006478, -0.038013, 0.010334, 0.02763, 0.049402, 0.035341, 0.018839, 0.043334, -0.017269, -0.014364, 0.003741, 0.066289, -0.059964, -0.108035, -0.016289, 0.046054, -0.029301, 0.028221, -0.023793, 0.009778, 0.000907, 0.002034, -0.014055, -0.016132, -0.006557, 0.033578, -0.054972, 0.052062, 0.066339, -0.040003, -0.000239, -0.061019, -0.029967, -0.008093, -0.027857, -0.004526, -0.025518, 0.004765, -0.02329, 0.04808, -0.019457, 0.080807, 0.052362, -0.073563, -0.01193, 0.037783, 0.007643, -0.044239, -0.00028, 0.02324, 0.005353, -0.048345, -0.016371, 0.070579, 0.096492, 0.024685, 0.006142, 0.00436, 0.13139, 0.009601, -0.03523, -0.029082, -0.024316, 0.000733, 0.050683, 0.074674, 0.013531, 0.007704, -0.136059, 0.129199, 0.040789, -0.0, -0.069656, 0.028886, -0.026904, -0.040802, -0.007752, -0.011841, -0.001037, -0.051953, -0.04025, 0.04534, 0.020592, 0.023808, 0.068045, -0.020194, 0.04324, -0.059027, 0.054561, -0.031704, 0.117895, 0.043694, 0.108938, 0.011479, 0.020795, 0.002953, 0.052872, -0.010215, -0.006378, -0.041654, -0.047424, -0.023445, -0.010141, 0.080672, -0.10479, -0.030156, 0.048135, 0.036158, -0.083474, -0.036695, -0.013596, -0.104868, 0.006799, -0.034411, 0.026856, -0.015639, -0.011556, -0.054137, -0.025384, -0.006078, 0.07161, -0.014067, 0.038765, -0.007641, 0.014299, -0.119541, -0.014673, 0.049765, 0.005458, 0.038207, -0.044628, -0.028333, 0.086742, 0.015637, -0.003314, 0.090935, -0.042382, 0.0581, 0.075523, -0.0111, -0.031462, -0.044096, 0.063974, 0.008249, -0.037997, -0.056465, -0.034068, 0.050068, 0.011561, -0.024104, -0.008704, 0.026191, 0.009756, -0.001051, 0.151291, 0.035668, -0.002136, 0.113321, -0.094248, -0.002461, -0.050537, 0.053276, -0.028014, -0.030502, -0.016083, -0.002214, -0.028516, -0.0, 0.011437, -0.040432, 0.01156, -0.041397, -0.036208, -0.035023, -0.039663, 0.028309, 0.00294, 0.093498, -0.040931, -0.048738, 0.052263, 0.085526, 0.036599, 0.003962, 0.028761, 0.014803, -0.066765, -0.025124, -0.071929, 0.002514, 0.018987, -0.035862, -0.027922, 0.008776, -0.007106, -0.041505, -0.013576, 0.063204, 0.008029, -0.036395, -0.040074, 0.03515, 0.045295, -0.079452, -0.039608, 0.010411, 0.021296, -0.051352, -0.055145, 0.100553, 0.003783, 0.062458, 0.054157, -0.0296, -0.062924, -0.09128, -0.023935, -0.052815, 0.083183, -0.014358, -0.042501, -0.107214, -0.021686, -0.03273, -0.038372, -0.024957, 0.017127, 0.047787, 0.056513, -0.113805, 0.05576, -0.020664]","[""ART0047"", ""ART0454"", ""ART0444""]"
ART0634,Open AI Launches New AI-Powered Product,OpenAI,2023-06-10,AI_ML,1600000000,The company demonstrated significant advances in model performance and efficiency.,https://technews.example.com/articles/634,Data Analytics,2006,"Austin, TX",12793,False,OPEN,17,Medium,"[-0.000566, -0.069543, 0.011813, 0.037835, 0.076585, -0.032166, -0.050838, 0.040684, 0.038722, 0.006501, -0.036592, 0.020682, -0.006828, -0.036027, 0.050808, 0.117733, 0.045186, -0.054349, -0.060313, -0.010607, 0.081946, 0.016419, 0.047381, -0.079419, -0.048418, 0.051429, 0.019825, -0.03637, -0.004661, -0.057462, 0.030384, -0.077505, 0.065551, -0.042989, 0.018505, 0.031428, 0.012065, -0.019301, -0.020922, -0.061625, 0.032458, -0.089317, 0.035471, 0.022435, 0.056979, 0.073497, 0.00715, -0.032018, 0.086063, -0.02858, -0.09513, -0.123687, -0.013258, -0.053665, 0.008506, 0.030756, -0.016083, -0.044531, -0.007326, -0.042093, 0.045124, -0.034551, 0.061221, -0.003239, 0.040475, 0.001984, -0.054718, -0.034205, -0.043594, -0.117504, 0.058141, 0.07902, 0.045141, -0.000148, -0.008328, -0.036133, -0.012114, -0.000469, 0.122552, 0.003392, 0.008197, -0.04661, -0.053337, 0.012649, -0.022009, 0.070498, 0.02278, 0.015242, 0.051014, 0.053858, -0.003548, 0.002072, -0.012192, 0.007047, 0.016412, -0.04817, -0.047832, -0.073548, -0.043194, 0.051963, -0.023463, 0.031391, 0.038529, 0.005343, -0.058563, 0.018142, 0.049547, 0.029536, 0.040195, 0.021628, 0.047409, -0.063224, 0.062967, -0.054407, 0.001262, 0.029717, -0.092373, 0.037947, 0.063788, 0.04139, -0.013135, -0.033264, 0.021814, 0.070964, -0.0024, 0.035043, -0.050729, -0.0, -0.084802, 0.020457, 0.053519, 0.04867, 0.023513, -0.046724, -0.017965, 0.036674, -0.069231, 0.033905, -0.066645, 0.049016, -0.055952, 0.112526, 0.101504, -0.068199, 0.022591, 0.022115, 0.002863, -0.052411, 0.035692, -0.061796, 0.03239, 0.042997, 0.048307, 0.009349, 0.051169, -0.041913, 0.036276, -0.000513, -0.002856, 0.041648, -0.072434, 0.011329, -0.077341, 0.023357, -0.047041, -0.049713, -0.001966, 0.078841, -0.014332, 0.067827, 0.01316, -0.016028, -0.049131, -0.039551, -0.011652, -0.028273, 0.009159, -0.034409, -0.060023, 0.025677, -0.044706, -0.016768, 0.053574, -0.092085, -0.01747, 0.045954, 0.068457, 0.018938, -0.060631, 0.061316, -0.034153, 0.030688, -0.04027, 0.083973, 0.072945, 0.018665, 0.038803, 0.076536, 0.025842, -0.050295, -0.023958, -0.085035, -0.001245, 0.059265, -0.027188, -0.144142, 0.026112, -0.07568, 0.002056, 0.039453, -0.021646, 0.051092, -0.008126, -0.005039, -0.102646, 0.03315, -0.054691, 0.060611, -0.014258, -0.032471, -0.059935, 0.081209, -0.059697, 0.0, -0.056456, -0.014076, -0.025863, -0.006443, 0.05576, -0.036739, -0.054865, -0.038594, 0.006088, 0.0613, 0.031285, -0.000664, 0.073802, 0.051511, 0.058748, -0.022528, -0.047048, 0.013992, 0.016084, 0.015421, 0.059312, 0.066409, 0.013542, -0.069333, 0.066724, 0.030943, -0.036455, 0.034802, 0.008685, -0.028392, 0.012284, -0.049563, -0.028119, 0.095536, 0.027955, 0.069409, 0.037449, -0.082609, 0.039218, -0.048347, 0.054288, -0.044731, -0.073372, 0.009373, -0.071697, 0.001761, -0.073918, 0.034439, -0.020668, -0.05314, -0.026172, -0.000266, -0.015073, -0.13131, -0.09425, -0.008283, 0.055779, 0.011162, -0.024485, -0.009353, -0.00153, -0.036687, 0.020112, -0.031401, -0.074424, -0.006657, 0.066086, 0.115095, -0.017916, -0.072816, -0.036148, 0.003103, 0.05907, 0.065847, -0.046018, 0.025234, 0.032225, -0.046941, 0.00167, -0.031136, -0.031388, -0.077971, 0.054601, -0.024036, 0.059826, 0.042101, 0.033299, -0.046916, -0.004752, 0.134871, -0.06896, 0.091993, -0.021924, 0.122527, -0.106291, -0.0, -0.055361, -0.036856, 0.152561, 0.049868, 0.037008, -0.015576, -0.01789, -0.006222, -0.015726, -0.077118, 0.039529, -0.00414, 0.034728, 0.048103, 0.057349, 0.071037, 0.016762, 0.015352, 0.023509, -0.041408, 0.074507, 0.00125, 0.054092, 0.000977, -0.046811, -0.091756, -0.075013, -0.038088, -0.054233, 0.045448, 0.012941, 0.043214, 0.091735, 0.04612, 0.047018, 0.087244, -0.028667, 0.006698, -0.060001, -0.001074, 0.035937, 0.021582, -0.060644, -0.059047, -0.048725, -0.014118, -0.041846, -0.157443, 0.00815, 0.076218, -0.000359, 0.024198, -0.01299, 0.047959, 0.054897, 0.052267, 0.00279, -0.089101, -0.01366, 0.067649, 0.052894, -0.04365, 0.04921, -0.003289]","[""ART0520"", ""ART0097"", ""ART0647""]"
ART0638,Databricks Partners with Major Enterprise Client,Databricks,2024-07-21,AI_ML,3168000000,Major partnership validates technology and opens new revenue opportunities.,https://technews.example.com/articles/638,Data Analytics,2003,"Berlin, Germany",17962,True,DATA,21,Medium,"[-0.06152, 0.006419, -0.001852, -0.053839, 0.009356, -0.01904, -0.086653, 0.031187, -0.035316, -0.004039, -0.010834, 0.049746, 0.02012, 0.005518, 0.018103, 0.037848, -0.005935, -0.051687, 0.004411, -0.051868, -0.115392, -0.092738, -0.051767, -0.010039, 0.078081, 0.014677, 0.041937, -0.024181, -0.0264, -0.037244, -0.048601, 0.009281, 0.01059, 0.052742, 0.020629, 0.022094, 0.035645, 0.042666, -0.070122, -0.081947, -0.014041, -0.045145, -0.040524, -0.018052, -0.034876, -0.030651, 0.008335, -0.064724, 0.017307, 0.079438, -0.096638, -0.035697, 0.046554, -0.020581, 0.021062, -0.005446, 0.056734, 0.028304, -0.036585, -0.018061, 0.054779, -0.097799, -0.026616, -0.032609, 0.001025, 0.056372, -0.078532, 0.063936, -0.058254, -0.105911, -0.005208, -0.055076, -0.019439, 0.013479, -0.03858, 0.02053, 0.024077, -0.001382, 0.081542, -0.053483, -0.036298, 0.090463, -0.088829, 0.035241, -0.036961, 0.013699, -0.064812, 0.049566, -0.011016, 0.030392, 0.008751, 0.008022, 0.014549, 0.028208, -0.088069, 0.038585, 0.002397, -0.071637, 0.034625, 0.017872, -0.04119, 0.072747, -0.029584, -0.05169, -0.035993, -0.048715, 0.003645, -0.036705, 0.039606, 0.036546, 0.031326, -0.053128, -0.053302, -0.035176, -0.036181, -0.038815, -0.158683, 0.063124, 0.056719, -0.05862, -0.016965, 0.111654, 0.000811, -0.067924, 0.005844, -0.078033, -0.043989, 0.0, -0.038829, 0.09334, 0.019763, 0.06038, 0.036644, -0.019942, -0.02215, 0.026341, -0.12238, -0.016984, -0.012699, 0.071316, -0.011891, 0.009671, -0.038828, -0.072139, -0.021669, 0.067585, -0.025829, -0.009045, 0.02368, 0.012803, 0.042899, 0.07829, 0.040658, -0.052939, -0.012553, 0.078692, 0.144116, 0.025858, -0.054727, 0.058686, 0.017738, -0.037621, -0.006529, 0.066612, -0.093976, -0.104627, -0.016869, 0.062378, -0.019682, 0.021041, -0.062005, -0.02421, -0.087371, -0.013891, 0.016025, 0.06875, 0.04685, -0.041902, -0.02304, -0.006615, -0.006134, 0.083561, 0.022412, 0.026628, 0.002069, -0.123801, 0.04461, 0.03476, 0.010272, -0.000827, 0.004608, -0.003046, -0.019717, 0.097741, 0.074699, -0.009348, 0.01554, 0.040168, 0.0078, -0.061816, 0.090717, 0.000674, 0.005444, -0.052338, -0.04846, 0.055461, -0.009655, 0.069771, -0.05878, -0.087883, 0.028801, -0.003361, -0.047155, 0.05311, -0.025331, 0.00475, -0.040912, 0.076156, -0.094952, 0.013371, -0.005568, 0.064902, 0.054092, -0.0, -0.016, 0.019303, 0.058674, 0.006299, 0.054361, 0.019337, 0.01441, -0.116727, 0.034422, 0.099999, -0.028086, 0.002602, 0.048955, -0.047069, 0.003972, -0.018551, 0.028545, -0.02714, 0.06874, -0.044858, -0.004924, 0.029349, -0.058539, 0.044598, 0.077916, 0.00201, -0.068161, -0.025312, -0.010675, 0.024892, -0.004341, 0.011367, -0.029811, -0.024081, -0.001179, 0.073813, 0.018928, -0.037855, -0.007427, -0.075496, 0.022378, -0.046687, -0.089418, 0.027207, -0.036195, -0.014032, -0.03202, 0.102715, 0.009008, -0.043319, 0.054653, 0.094039, 0.027612, -0.037793, -0.000456, 0.011651, 0.067604, 0.094166, -0.025543, 0.038069, 0.023727, -0.015008, 0.066012, 0.101805, -0.041456, -0.002073, 0.121117, -0.001421, -0.029305, -0.030983, 0.04249, 0.015388, 0.049151, 0.003132, 0.005632, 0.027297, -0.060827, -0.051759, -0.04694, 0.021051, 0.032707, 0.044171, 0.14297, 0.085411, 0.008969, 0.012524, 0.013062, -0.055397, -0.030291, 0.020099, -0.095014, -0.039901, -0.040756, 0.071087, 0.025751, -0.0, -0.016332, -0.027963, -0.017052, -0.051599, -0.040539, -0.02675, -0.003895, 0.169566, 0.017499, 0.028494, 0.030988, -0.065184, -0.052899, -0.002072, 0.05201, -0.023352, 0.105431, 0.01693, -0.02992, 0.061812, -0.016416, 0.035003, -0.043446, -0.059405, -0.004238, 0.04692, 0.030684, 0.050141, -0.02828, -0.063076, 0.02488, -0.076002, 0.097509, -0.007884, 0.077942, -0.038059, -0.000826, 0.094987, 0.017053, 0.030767, -0.056895, 0.10016, -0.06864, -0.003978, -0.112521, 0.0335, -0.108621, 0.023991, -0.022565, 0.053679, -0.005574, 0.02286, 0.009202, -0.001228, -0.007933, 0.007901, -0.027501, 0.00567, 0.014262, 0.029905, 0.086992, -0.057917, 0.107632, 0.009658]","[""ART0478"", ""ART0050"", ""ART0356""]"
ART0641,Perplexity AI Unveils Next-Generation Platform,Perplexity AI,2024-08-19,AI_ML,85000000,Platform improvements deliver enhanced performance and new capabilities.,https://technews.example.com/articles/641,,,,,,,,,"[-0.015971, -0.045722, 0.000191, -0.025701, 0.037764, -0.024716, -0.074583, -0.035735, -0.002552, -0.0271, -0.043227, -0.002149, 0.008537, 0.006002, -0.003384, 0.075596, 0.104906, -0.001028, -0.047108, 0.013189, -0.004891, -0.007354, -0.012539, -0.043563, -0.01552, 0.035905, -0.029482, -0.063627, 0.048356, -0.045374, 0.073745, 0.019131, -0.027263, 0.021607, -0.039919, 0.021655, -0.001957, 0.004073, -0.01724, -0.083095, 0.014697, -0.036835, -0.025122, 0.00896, 0.052523, 0.061408, -0.001131, -0.034856, 0.065164, -0.024174, -0.093458, -0.105489, 0.060816, -0.059159, -0.018544, 0.082109, -0.022378, 0.045683, -0.033189, -0.070319, -0.000739, -0.037919, 0.078281, 0.037188, 0.04214, 0.061076, 0.027222, -0.000655, 0.018665, -0.094575, 0.048279, 0.066119, 0.046475, 0.003243, 0.03509, 0.034585, -0.046448, -0.022141, 0.10689, -0.012589, -0.040472, -0.044144, -0.027078, 0.04993, 0.027861, -0.063646, -0.026307, -0.021827, -0.024779, 0.004896, -0.029539, -0.075753, 0.05028, -0.034741, -0.008986, 0.075991, -0.009506, -0.066857, -0.040108, 0.016368, -0.030168, 0.042996, -0.003199, 0.032503, 0.045074, 0.020724, 0.075463, -0.050552, 0.058626, -0.072808, -0.024515, -0.023122, 0.010007, -0.028878, 0.0408, 0.062729, -0.013352, 0.093992, 0.117534, -0.031171, -0.004134, -0.060945, -0.087449, 0.109128, 0.060775, 0.000874, -0.06594, 0.0, -0.107791, 0.059493, 0.016348, 0.060201, 0.02738, -0.045605, -0.029344, 0.010817, -0.016212, 0.044808, -0.042066, 0.053518, -0.047266, 0.031985, 0.098138, -0.121637, 0.017202, 0.030944, -0.034261, -0.016154, 0.065748, -4e-05, 0.011733, -0.041926, 0.08378, 0.073557, 0.088045, -0.061857, 0.134247, -0.022137, -0.067047, 0.096624, -0.077493, 0.00576, -0.009878, 0.025531, -0.01863, -0.057741, 0.013182, 0.134142, -0.050293, -0.000697, -0.043572, -0.113202, 0.020176, -0.043062, 0.038021, 0.02415, -0.050919, -0.027533, -0.000562, 0.063925, -0.018254, -0.007571, 0.056031, -0.058471, 0.020302, 0.0662, 0.04651, 0.051046, 0.009293, -0.023038, -0.054952, 0.022517, 0.026788, 0.064531, 0.027666, 0.06867, 0.063826, 0.072988, 0.022389, -0.027412, 0.03382, -0.000717, 0.004701, -0.047326, -0.07905, -0.093743, 0.06016, -0.055733, -0.066038, 0.060202, -0.051567, -0.001203, 0.03638, -0.049526, -0.04874, 0.010394, 0.015279, 0.057035, -0.031844, 0.053734, 0.011832, 0.113526, -0.090756, -0.0, -0.127102, -0.071178, -0.085842, 0.051851, 0.011628, -0.019817, 0.005235, -0.000824, 0.02389, 0.019353, -0.035985, -0.016303, 0.056041, 0.019582, -0.020214, 0.058505, -0.071331, 0.024125, -0.004515, 0.001184, -0.009491, 0.061121, -0.03517, 0.024636, 0.039659, 0.03698, -0.008362, -0.03717, 0.055601, -0.041631, -0.007243, -0.010368, 0.00104, 0.004015, 0.061262, 0.07975, 0.014011, 0.007731, -0.061104, -0.029574, 0.086152, -0.046121, -0.097453, 0.022569, -0.008183, 0.018044, -0.112283, 0.05197, 0.052491, -0.028036, 0.041213, 0.006757, 0.028771, -0.115688, -0.114121, 0.006178, 0.009977, 0.011126, 0.057908, 0.024983, -0.037155, -0.029785, 0.001096, -0.005175, 0.018537, 0.030221, -0.020238, 0.03125, -0.083293, 0.034373, -0.032609, -0.015529, -0.084495, 0.005985, 0.007071, 0.073204, -0.058639, -0.09067, 0.047375, -0.003182, -0.025915, 0.002997, 0.034647, 0.030704, 0.025621, 0.093459, -0.007283, 0.00701, -0.041347, -0.021082, -0.010027, 0.078843, -0.065958, 0.054784, -0.05081, -0.0, 0.001337, -0.02081, 0.009442, 0.010884, 0.041787, -0.020354, -0.056896, 0.01717, -0.056511, 6e-06, -0.026145, -0.076084, 0.009387, 0.015084, 0.114196, 0.082488, 0.039001, -0.060127, 0.025446, -0.023486, 0.070277, 0.072183, -0.056034, -0.02947, -0.033189, -0.055719, 0.011783, 0.030345, -0.050924, 0.050146, -0.018871, -0.043767, 0.035596, 0.050282, 0.098514, 0.056166, 0.045528, 0.014269, -0.026985, -0.05997, -0.025678, 0.061917, -0.04649, -0.018342, 0.003102, -0.032879, -0.039289, -0.168887, 0.010536, 0.022759, 0.033872, -0.044964, 0.002991, 0.050659, 0.108936, 0.039842, 0.001225, -0.10612, 0.03493, 0.129732, 0.093654, -0.008738, 0.038166, -0.057331]","[""ART0544"", ""ART0254"", ""ART0502""]"
ART0642,Scale AI CEO Discusses Future of AI,Scale AI,2024-10-10,SOFTWARE,1307000000,The company demonstrated significant advances in model performance and efficiency.,https://technews.example.com/articles/642,AI/ML,2003,"Berlin, Germany",23379,False,,21,Medium,"[0.02285, -0.035195, 0.047993, -0.013036, 0.035599, -0.02057, -0.027751, 0.086851, 0.039189, -0.023701, -0.027476, 0.039857, 0.029867, 0.018463, -0.011335, 0.06777, 0.014568, 0.034602, -0.107989, -0.104253, 0.001176, -0.086821, -0.033707, -0.006123, 0.024671, 0.038106, -0.025324, -0.018596, -0.051746, 0.012742, 0.023556, -0.054628, 0.117815, -0.003748, -0.059549, 0.024937, -0.02173, -0.01546, 0.070658, -0.072843, 0.04314, -0.064458, -0.012921, -0.063657, 0.085827, 0.024328, -0.035233, -0.037624, -0.045265, -0.008212, -0.105224, -0.099554, 0.004118, -0.103613, 0.031704, 0.071492, 0.021705, -0.075113, 0.031679, -0.060946, -0.022881, -0.041932, 0.028125, 0.056738, 0.1228, 0.027011, 0.006961, -0.033831, -0.06932, 0.000437, 0.043533, -0.011713, 0.042185, -0.01187, -0.000405, 0.012645, 0.001415, 0.027584, 0.090552, -0.010685, -0.038316, 0.01209, -0.01822, 0.058407, -0.086653, 0.013087, 0.016561, -0.069285, 0.004754, -0.005628, 0.016377, -0.037989, -0.035609, -0.000466, 0.007135, 0.067102, -0.104265, -0.084209, -0.091481, -0.021421, 0.0402, 0.09221, 0.031373, -0.044035, -0.039874, -0.003561, 0.133638, -0.001195, 0.042828, 0.009374, -0.027317, -0.023695, -0.008489, -0.052898, 0.040515, -0.033754, -0.001097, 0.078421, 0.051618, -0.012372, 0.063197, 0.002794, 0.008775, 0.050819, -0.020668, 0.052625, -0.034762, -0.0, -0.100451, 0.045821, 0.090811, 0.043164, 0.056133, -0.002734, 0.014524, -0.008963, -0.031081, -0.039443, -0.114551, 0.022897, 0.001831, 0.037242, 0.029753, -0.057785, 0.040429, 0.068223, 6.1e-05, -0.038866, 0.104457, -0.039773, -0.020679, 0.004531, 0.082793, -0.055235, 0.006202, -0.051544, -0.026034, 0.011249, -0.069732, 0.074506, -0.100766, -0.031048, -0.047499, 0.006909, -0.068567, 0.003959, -0.003849, 0.079329, -0.005532, 0.02668, -0.015158, -0.01521, -0.074352, -0.013848, 0.04523, -0.001681, 0.060308, -0.074804, -0.013434, -0.012007, 0.028249, -0.090499, 0.135692, 0.004461, 0.023147, -0.023423, 0.006031, 0.033497, -0.048202, -0.006255, -0.127425, 0.113385, -0.032139, 0.060602, 0.034325, 0.065319, 0.082957, 0.046821, 0.064987, 0.01498, -0.0015, -0.017138, -0.111019, -0.018013, -0.031684, -0.087759, 0.006609, 0.009478, -0.073916, 0.035946, -0.004585, -0.022655, 0.112916, -0.001931, 0.021765, 0.022619, 0.013037, 0.092665, -0.017295, -0.027488, 0.029141, 0.085653, -0.109796, 0.0, -0.010438, 0.033615, -0.027529, -0.00504, 0.063674, -0.020509, -0.034977, 0.043585, 0.039762, 0.025827, -0.02075, 0.057594, 0.035776, -0.015062, 0.038807, -0.010867, -0.027691, -0.09728, 0.003308, -0.046496, 0.103849, 0.080734, -0.076348, 0.031618, -0.00206, -0.005477, -0.073927, 0.061635, -0.029668, -0.029386, -0.04717, -0.08273, 0.045775, 0.089284, 0.074573, 0.047313, 0.02689, -0.128064, -0.005662, 0.053294, 0.018213, -0.021116, -0.011359, -0.048303, 0.013131, 0.018232, -0.019573, 0.005737, -0.022338, 0.022516, -0.021917, -0.002028, -0.08515, -0.011806, -0.100303, 0.026974, -0.012934, 0.041065, 0.0111, 0.019137, -0.049718, -0.065972, 0.096065, 0.006698, -0.064334, 0.05444, 0.042173, 0.046231, -0.02331, -0.054644, -0.034979, -0.073364, -0.055359, 0.035594, -0.095009, -0.009498, -0.021144, -0.053157, 0.007719, 0.020342, -0.002525, 0.006376, 0.012915, 0.02043, 0.015375, 0.044956, 0.0059, -0.025127, -0.013113, 0.036831, -0.044446, -0.072647, -0.033898, 0.049751, -0.047831, -0.0, -0.041051, 0.027102, 0.125677, 0.064514, 0.072947, 0.004533, -0.009203, -0.02084, 0.011414, 0.027889, 0.026476, -0.083962, -0.039414, 0.061101, 0.129999, 0.004509, 0.021097, 0.029293, 0.000303, -0.049027, 0.034524, 0.078521, -0.008293, -0.02994, -0.02247, -0.074232, -0.054407, 0.056969, -0.097895, 0.094681, -0.004908, 0.024701, 0.042014, 0.0157, 0.050233, 0.002227, -0.013794, 0.034288, 0.022143, -0.019341, 0.04574, 0.050915, 0.032318, 0.015706, 0.034649, 0.009421, -0.103506, -0.057787, 0.021426, 0.021703, 0.014763, 0.063695, -0.0217, 0.065085, 0.105831, -0.013644, 0.03611, -0.068306, -0.069225, 0.038593, 0.087474, -0.020402, 0.001357, -0.016632]","[""ART0608"", ""ART0296"", ""ART0273""]"
ART0645,SpaceX Raises Series D Funding Round,SpaceX,2023-06-21,AI_ML,7600000000,Financial results exceed analyst expectations across all key metrics.,https://technews.example.com/articles/645,AI/ML,2016,"Berlin, Germany",31018,False,,7,Large,"[0.00388, -0.051728, 0.020998, -0.012035, -0.075291, -0.054671, -0.053942, 0.062646, 0.074144, 0.06792, -0.101566, 0.085819, -0.035374, -0.043971, -0.009538, -0.060565, 0.004508, -0.046254, -0.049278, 0.061973, 0.020179, -0.058298, 0.000596, 0.011242, 0.111428, -0.008776, 0.054712, 0.013327, -0.005123, 0.029792, -0.037446, 0.064398, 0.065044, -0.043221, 0.020099, 0.039338, 0.057754, 0.05167, -0.053922, -0.004157, -0.021632, 0.070174, 0.093646, 0.116691, -0.046468, -0.10682, -0.079898, -0.049438, -0.016275, 0.002212, -0.066198, -0.001712, 0.021778, -0.015165, -0.022662, 0.005058, -0.042401, -0.023586, 0.080204, -0.077416, -0.019286, -0.051407, 0.029528, 0.011313, 0.064001, -0.008607, -0.009678, 0.006615, -0.063084, 0.04375, 0.028572, -0.040735, -0.072696, -0.037188, 0.086524, 0.10952, 0.00236, -0.010555, 0.127799, -0.054076, 0.002275, -0.004689, 0.001698, -0.039302, -0.031592, 0.029333, 0.094597, -0.060313, 0.026278, 0.010048, 0.017402, -0.037977, -0.010712, -0.016129, -0.074481, -0.002589, -0.069701, -0.056788, 0.014438, 0.036963, 0.064412, 0.026127, 0.028765, -0.024081, -0.02959, -0.03218, 0.034954, -0.009808, 0.023266, -0.041097, 0.005997, 0.042035, 0.009661, 0.050235, -0.070412, -0.018812, -0.067614, -0.008373, 0.083899, -0.023488, -0.008527, 0.000734, 0.019544, 0.032446, 0.003153, 0.011088, -0.088668, 0.0, -0.078149, -0.090241, 0.028657, -0.021281, -0.042193, 0.017313, -0.010927, 0.005305, -0.053307, -0.006752, -0.082509, 0.110935, 0.019551, -0.023191, 0.037555, -0.062374, 0.064134, 0.114809, -0.003553, 0.023987, 0.08293, -0.076207, 0.039632, -0.013389, 0.085432, 0.017337, 0.005222, 0.052482, -0.035912, 0.026755, -0.067865, 0.029261, 0.07825, -0.011975, -0.067113, 0.041359, -0.015124, 0.008986, 0.022801, 0.056292, -0.052489, 0.003908, -0.020221, -0.097882, -0.068737, 0.105857, 0.048297, -0.087892, -0.035707, 0.031254, -0.013237, 0.007921, -0.032322, -0.037594, 0.014537, 0.002314, 0.020208, -0.049349, 0.010629, 0.051291, -0.071437, 0.011735, -0.028173, 0.041587, -0.084078, 0.079823, 0.074583, 0.061893, -0.051946, 0.122341, -0.026228, -0.014888, 0.00204, -0.008039, 0.013507, -0.05974, 0.052905, -0.024426, 0.048974, 0.005548, -0.03831, -0.025099, 0.030758, -0.012258, 0.008817, -0.012451, -0.060598, 0.054682, -0.010174, -0.030764, -0.033449, -0.092861, -0.020048, 0.064497, -0.06741, -0.0, -0.0629, 0.008019, 0.024827, 0.003189, 0.035052, 0.046818, 0.010268, -0.013323, 0.094684, -0.007036, 0.046517, 0.02692, -0.047061, 0.031602, -0.018136, -0.094277, 0.023366, -0.103202, -0.020878, -0.071643, 0.05113, -0.028913, -0.048741, 0.071291, 0.033771, 0.040687, -0.001412, 0.071971, -0.060856, 0.039527, 0.001397, 0.018458, -0.035885, 0.106958, -0.001854, 0.057767, 0.067746, 0.005304, -0.049186, 0.033725, -0.018631, -0.025981, 0.05311, 0.018244, 0.064345, -0.009499, 0.029915, 0.011506, 0.020918, 0.026218, -0.022279, -0.010894, 0.076719, 0.119852, -0.10085, 0.042503, 0.063042, 0.025275, -0.027648, 0.03377, -0.047551, -0.018863, 0.069751, 0.018392, -0.049953, -0.02251, -0.039881, -0.043841, 0.004509, -0.013601, 0.06246, 0.022833, -0.056096, 0.045725, -0.050702, 0.072719, 0.0262, -0.022092, 0.088904, 0.07324, 0.039156, 0.063954, 0.038311, 0.042374, 0.003209, 0.056214, 0.044425, -0.0053, -0.047327, 0.032177, -0.051906, -0.053643, -0.008275, 0.027846, -0.018831, -0.0, -0.062733, -0.004469, -0.003545, -0.001323, 0.086024, -0.067403, -0.065795, 0.08999, 0.009305, 0.014636, 0.061968, -0.023404, -0.064532, 0.018301, 0.004933, -0.026269, -0.059058, 0.026548, -0.062656, -0.02468, -0.047944, 0.060945, 0.00321, -0.10469, -0.024066, -0.057105, -0.0357, 0.139796, -0.012721, -0.031661, 0.020178, -0.030136, -0.025348, -0.018322, -0.035572, -0.031121, 0.025685, 0.0742, 0.056388, 0.087634, -0.033421, 0.001214, 0.048843, 0.000656, -0.090511, 0.029392, -0.143157, 0.033415, -0.011231, -0.075145, 0.049895, 0.009093, -0.078243, -0.02162, 0.000837, 0.066768, -0.094326, 0.022657, -0.087866, 0.024353, 0.009712, -0.166468, -0.05228, 0.043123]","[""ART0514"", ""ART0228"", ""ART0312""]"
ART0649,NVIDIA CEO Discusses Future of AI,NVIDIA,2024-01-24,DATA_ANALYTICS,49500000000,Leadership outlines vision for responsible AI development and deployment.,https://technews.example.com/articles/649,AI/ML,2017,"London, UK",22031,False,,7,Medium,"[-0.044017, -0.014743, 0.037866, -0.007126, 0.034803, -0.008219, -0.017639, 0.009951, 0.005807, -0.010662, -0.07759, -0.0059, -0.007378, 0.00732, -0.03347, 0.064566, 0.017787, -0.040056, -0.05899, -0.064768, 0.001919, -0.02672, 0.018884, -0.025734, -0.052114, 0.042864, 0.008938, -0.046531, -0.023281, -0.01058, 0.061015, -0.046871, 0.099896, 0.038157, -0.070576, 0.058111, -0.026816, -0.021862, 0.019033, -0.091848, 0.022376, -0.057968, -0.047398, 0.001053, 0.094065, 0.022108, -0.014649, -0.071075, -0.014572, -0.028447, -0.097081, -0.118632, 0.011462, -0.059752, -0.006924, 0.092754, 0.015142, -0.134858, 0.051445, -0.049905, 0.053471, -0.050182, 0.022312, 0.077433, 0.081463, 0.008539, 0.021831, 0.009332, -0.063592, -0.009086, 0.068926, 0.041364, 0.001366, -0.062848, -0.0363, 0.041189, -0.000861, 0.02086, 0.107265, -0.055391, 0.057079, 0.052224, 0.033654, 0.115205, -0.044731, 0.026589, 0.044642, -0.068132, -0.003912, -0.019374, -0.053569, -0.072393, 0.048795, 0.019802, -0.047004, 0.071793, -0.062685, -0.117839, -0.091825, -0.008981, -0.011964, 0.000737, 0.032322, -0.01881, -0.060265, 0.060049, 0.079606, -0.01427, 0.000837, 0.019543, -0.030801, 0.023132, -0.048385, -0.022602, 0.030399, 0.047488, -0.085868, 0.082649, 0.043953, -0.030211, 0.026578, -0.032668, 0.022997, 0.043864, 0.058732, 0.050231, -0.032902, -0.0, -0.032271, 0.003334, 0.060373, 0.033611, 0.085702, 0.05065, 0.067798, 0.033232, 0.007855, -0.039144, -0.074826, -0.019739, -0.024499, 0.053411, -0.021235, -0.104066, -0.012344, 0.064216, -0.014935, 0.001562, 0.081964, 0.012027, -0.028142, -0.021497, 0.055537, -0.003192, -0.021199, -0.037553, 0.074117, 0.037689, -0.076311, 0.04587, -0.068254, -0.016799, 0.016734, 0.057891, -0.078848, 0.008992, -0.007871, 0.085088, 0.018977, 0.083299, -0.059799, -0.070862, -0.070887, -0.012223, 0.044899, -0.046626, 0.026386, -0.001238, -0.089042, 0.005269, 0.036104, -0.078429, 0.115643, -0.035523, 0.030313, 0.004658, -0.005778, -0.039095, -0.042587, -0.046484, -0.127374, 0.088472, -0.010781, 0.026948, 0.054382, 0.053223, 0.063062, 0.040033, 0.006905, 0.053565, -0.038321, -0.00833, -0.095977, 0.002159, -0.085653, -0.022899, 0.014664, 0.00507, -0.05642, 0.015659, -0.012747, 0.029369, 0.094628, -0.002508, 0.023527, 0.065737, -0.025167, 0.039539, -0.061348, -0.017368, 0.044005, 0.076794, -0.057065, 0.0, 0.022627, 0.031741, -0.00656, -0.000861, 0.0851, -0.032191, -0.054568, 0.001026, 0.079478, 0.01323, 0.010271, 0.087038, 0.00406, 0.026728, -0.018159, -0.045382, -0.00528, -0.086955, -0.057814, -0.093438, 0.005454, 0.062082, -0.083897, -0.007037, -0.00253, 0.05301, 0.037144, 0.067971, -0.007514, -0.006781, -0.038297, -0.057342, -0.033107, 0.081046, 0.079641, 0.032769, 0.050756, -0.080682, -0.013056, 0.062845, 0.064796, -0.012124, 0.02686, -0.030477, -0.005394, 0.030589, -0.048369, 0.026657, -0.03036, 0.015399, -0.065691, -0.02182, -0.064724, 0.024763, -0.066185, 0.039785, 0.081466, 0.076592, 0.063615, -0.000485, -0.021668, 0.001274, 0.052507, -0.051702, -0.070275, 0.038662, -0.002476, 0.056159, 0.011904, -0.021499, -0.017031, -0.092318, -0.122526, -0.002057, -0.139573, -0.022015, -0.032207, -0.069039, 0.037619, -0.016436, 0.033686, -0.076676, 0.024683, 0.035907, 0.027964, 0.0292, 0.063242, -0.070795, 0.043648, 0.013862, -0.077272, -0.04555, -0.075243, 0.053258, -0.083512, -0.0, -0.011959, 0.011506, 0.041771, 0.058126, 0.101755, -0.012872, -0.057856, -0.058162, 0.044508, 0.021782, 0.067866, -0.040595, -0.034388, 0.027394, 0.084156, 0.013054, -0.02117, 0.084391, -0.011453, -0.051616, 0.005747, 0.029374, -0.007557, -0.023761, -0.04242, -0.054391, -0.004034, -0.008303, -0.010652, 0.095191, -0.011547, 0.068546, 0.079145, 0.003261, 0.055208, -0.004814, 0.048082, -0.006337, 0.10328, -0.040236, 0.012568, 0.098777, 0.041458, -0.017454, 0.024768, 0.003715, -0.028945, -0.077159, -0.021475, -0.006047, -0.072001, 0.042794, -0.007145, 0.12381, 0.058714, 0.012267, 0.015308, -0.064128, -0.072615, 0.01196, 0.054732, -0.015574, 0.048208, 0.004047]","[""ART0708"", ""ART0456"", ""ART0411""]"
ART0661,Airbnb Achieves Profitability Milestone,Airbnb,2024-01-18,AI_ML,7878000000,Community contribution aims to accelerate innovation and adoption.,https://technews.example.com/articles/661,Data Analytics,1999,"London, UK",19967,False,,25,Medium,"[0.022435, -0.06271, -0.051731, 0.03291, 0.075268, 0.023897, -0.013781, -0.04077, -0.053386, -0.041532, 0.041824, 0.027163, -0.08442, 0.055752, 0.069281, 0.019723, 0.014108, -0.083873, 0.051468, -0.045842, -0.04623, 0.009848, 0.080711, -0.014524, 0.022801, -0.00899, -0.041377, 0.019908, 0.053909, -0.008212, 0.071524, 0.044161, 0.106174, 0.047173, 0.058178, 0.00452, -0.005943, -0.006465, 0.018989, -0.012456, -0.018522, -0.023262, -0.019595, 0.012053, -0.042543, 0.045384, 0.031573, 0.064397, 0.015607, 0.072567, 0.076187, -0.00021, -0.017593, -0.017827, -0.021288, 0.046866, -0.048506, -0.061366, -0.017687, -0.080307, 0.010011, 0.059248, 0.005667, 0.020158, 0.045477, -0.027376, -0.081634, 0.063447, -0.032679, -0.022445, 0.01803, -0.033516, 0.000685, 0.056236, 0.072051, 0.046162, 0.047082, -0.05279, 0.048954, 0.043716, -0.042918, 0.005224, -0.062936, -0.024302, -0.127176, -0.044923, -0.021974, -0.061227, -0.026371, 0.037144, -0.05739, 0.076746, 0.020654, -0.056648, 0.008798, 0.019781, -0.035852, 0.000412, -0.028303, 0.069714, 0.007683, 0.041, 0.001883, -0.057307, -0.042596, -0.097685, 0.039748, 0.014457, 0.086771, 0.069939, -0.044988, -0.061098, 0.030085, -0.067394, 6.5e-05, -0.038824, -0.029295, -0.009504, 0.071733, -0.038417, 0.042726, 0.040715, 0.073336, -0.057936, -0.026134, -0.010019, -0.047371, -0.0, -0.084522, 0.050204, -0.007459, 0.040748, 0.049347, -0.050819, 0.010563, -0.009288, -0.053457, 0.043809, -0.025154, 0.00611, 0.083078, 0.051076, 0.06713, 0.007047, -0.041414, -0.037285, -0.027576, 0.042292, -0.006814, -0.079186, 0.023895, 0.057604, 0.01717, -0.12542, 0.006824, 0.087771, 0.036897, 0.019231, 0.077406, 0.0288, -0.087934, -0.078642, -0.052405, -0.027054, 0.03394, -0.145788, -0.034476, 0.004884, -0.109499, -0.020644, -0.076339, 0.043095, 0.018311, 0.098403, 0.05572, 0.052181, 0.027808, 0.027386, 0.018217, -0.035299, -0.096433, 0.040219, 0.032844, -0.05278, -0.00237, -0.006896, 0.071609, -0.088559, -0.015232, -0.018003, 0.017688, 0.040601, -0.083966, -0.005154, 0.125392, 0.016969, 0.061727, 0.005458, 0.041476, -0.027831, -0.047965, -0.087763, -0.034766, 0.028483, -0.135438, -0.004505, 0.093407, 0.057202, 0.015922, -0.001299, 0.082675, 0.004908, -0.014401, 0.008184, 0.059404, 0.030087, -0.025238, 0.005102, 0.056123, 0.028517, 0.034819, 0.059366, 0.028321, 0.0, -0.014448, -0.017945, -0.014764, -0.028025, 0.019596, -0.014585, -0.067363, -0.107865, 0.038256, 0.100628, -0.067106, 0.012414, 0.030393, 0.028753, -0.008623, 0.011888, -0.01716, -0.029161, 0.050154, 0.022584, 0.077159, 0.034364, 0.012841, -0.003907, 0.012316, 0.017144, -0.02901, 0.027587, 0.014732, -0.016431, -0.046599, 0.081728, -0.018201, -0.029833, 0.106115, 0.13368, 0.048757, -0.08701, -0.031945, -0.07676, 0.064483, -0.034391, -0.075111, -0.035541, -0.001877, 0.017569, 0.017269, -0.022016, -0.013269, 0.006409, 0.047946, 0.010817, -0.02112, -0.087408, 0.001495, 0.115914, 0.019702, -0.013172, 0.109229, 0.016118, 0.01939, -0.029046, 0.017051, 0.116346, -0.009517, -0.031872, 0.090998, 0.025062, 0.0207, -0.012012, -0.072697, 0.026816, -0.038297, 0.02586, -0.153886, 0.045128, 0.113202, 0.054361, -0.056929, -0.050041, -0.062203, -0.036505, 0.054528, -0.024305, 0.025154, -0.061482, -0.055645, 0.024414, -0.03756, 0.136298, -0.058943, -0.024737, -0.043584, 0.01267, 0.015546, -0.0, -0.025217, -0.011223, 0.01336, 0.022891, -0.013274, 0.020654, -0.018877, 0.065095, 0.037284, 0.041675, 0.009099, 0.047159, -0.013284, 0.115405, 0.042676, 0.012663, -0.001735, 0.008917, -0.050657, 0.00736, 0.069227, 0.051785, -0.037842, -0.066678, -0.067781, -0.052083, -0.057219, 0.079976, -0.047602, -0.129066, -0.026426, 0.04189, -0.058276, -0.044969, 0.019914, -0.019029, -0.002848, -0.069966, -0.056, 0.023952, -0.060651, 0.024952, -0.02413, -0.005717, -0.100093, 0.032218, -0.072183, -0.011522, -0.057985, -0.047337, -0.015452, -0.001297, -0.03673, -0.041821, 0.010546, -0.057856, -0.088629, 0.005822, 0.057427, -0.018327, 0.018745, 0.045389, -0.008759, -0.020493]","[""ART0279"", ""ART0133"", ""ART0489""]"
ART0662,Hugging Face Raises Series D Funding Round,Hugging Face,2023-06-19,AI_ML,55760000,International expansion strategy focuses on enterprise customers in key markets.,https://technews.example.com/articles/662,,,,,,,,,"[0.023008, -0.013544, 0.083433, -0.031618, 0.024122, 0.006372, -0.011966, 0.009668, -0.002234, 0.016509, 0.046015, 0.037315, -0.045872, -0.003976, 0.130721, -0.04181, -0.024294, -0.076392, -0.037571, 0.057616, -0.073199, -0.074508, 0.004151, -0.019538, 0.0319, -0.037534, 0.072084, 0.022619, 0.036789, 0.000535, 0.0132, 0.056214, 0.038123, 0.000632, 0.030665, 0.067765, -0.010713, 0.068261, -0.0695, 0.026241, 0.00219, -0.035983, 0.034686, 0.027886, 0.046828, -0.019561, -0.104065, 0.121709, -0.022315, -0.062405, 0.015289, -0.064197, 0.001377, -0.072896, -0.01432, 0.003521, 0.000256, -0.054442, -0.018184, 0.028206, 0.015982, -0.02168, 0.021536, 0.003375, -0.03474, -0.017281, -0.00189, 0.0618, -0.069985, -0.04589, 0.052321, -0.093227, -0.060624, 0.015868, 0.033713, 0.032949, 0.027279, -0.00358, 0.076657, 0.014777, 0.047002, 0.062753, 0.004658, -0.052902, -0.098308, -0.013111, 0.003449, -0.139337, -0.047568, 0.059834, 0.005876, -0.08583, -0.071515, 0.017835, -0.072666, 0.010645, -0.05656, -0.028023, -0.043678, 0.06517, 0.053334, 0.036758, -0.017988, -0.012154, -0.044906, -0.063932, -0.047107, 0.001894, 0.0596, -0.015619, -0.071235, -0.032638, -0.025701, -0.025679, -0.027668, -0.074802, -0.011799, -0.052069, 0.12526, -0.066942, 0.071001, 0.017939, 0.033036, -0.044071, -0.058991, -0.037845, -0.084915, 0.0, -0.101068, 0.036915, -0.027647, 0.100956, -0.069654, 0.005798, -0.021296, -0.016366, -0.08643, -0.003115, -0.10652, 0.103819, 0.068333, -0.004514, 0.00733, -0.050243, -0.006046, 0.17439, 0.018965, 0.01104, 0.024847, -0.046572, 0.079545, 0.041938, 0.015289, 0.01549, -0.005406, 0.008817, 0.002856, 0.024008, 0.022682, 0.021528, 0.014453, -0.068936, -0.018435, 0.069756, 0.005403, -0.121172, 0.00407, 0.024969, -0.049577, 0.04599, -0.056246, -0.0176, -0.014764, 0.139588, 0.030994, -0.059089, -0.034695, 0.006864, -0.005901, 0.011054, 0.002671, -0.011695, 0.008327, 0.005764, -0.01441, -0.065987, 0.004429, -0.06407, -0.020812, -0.068743, -0.015265, 0.052879, -0.043391, 0.065033, 0.054066, -0.027777, -0.026082, 0.034514, 0.043961, 0.02574, -0.00499, 0.010517, -0.050665, -0.024675, 0.037734, 0.076304, 0.126268, 0.009266, -0.039764, 0.054652, 0.000822, 0.004027, 0.05056, -0.006906, 0.032552, -0.046938, 0.038342, 0.002414, -0.065925, 0.007605, -0.018609, 0.079012, 0.013469, -0.0, 0.051761, 0.010546, -0.053326, -0.152404, 0.013371, 0.031306, -0.006006, 0.058733, 0.02588, 0.000205, -0.020306, -0.030298, 0.007862, 0.059067, -0.057538, -0.078648, 0.094096, -0.075653, 0.020574, 0.046719, 0.050746, -0.087294, -0.013817, 0.025063, 0.082474, 0.026902, -0.03423, -0.012517, -0.022364, -0.030797, 0.047357, 0.01976, -0.006097, 0.136481, -0.056092, 0.097828, -0.024605, -0.015278, -0.0246, 0.034903, -0.009762, -0.057671, 0.035499, 0.054412, 0.002483, -0.019068, 0.011817, 0.02024, -0.050478, -0.036152, -0.048228, 0.003936, 0.02757, 0.028328, -0.100131, 0.082494, 0.088291, 0.014671, -0.093423, 0.022129, 0.012174, -0.01651, 0.036087, -0.009828, -0.047154, -0.009251, 0.048719, -0.076408, 0.019087, -0.082574, -0.007928, 0.04018, -0.077697, 0.013859, -0.021297, 0.040117, 0.037205, -0.083338, 0.01379, 0.026, -0.110858, -0.041163, 0.042633, 0.052123, 0.01732, 0.003694, 0.030201, 0.030623, -0.030102, 0.019412, -0.089445, 0.018275, -0.023309, 0.002872, 0.03406, -0.0, -0.092786, -0.022531, 0.060908, 0.042839, 0.006151, -0.028914, -0.039156, 0.035659, -0.012305, 0.028166, -0.051363, 0.068804, 0.012948, 0.064144, 0.052572, 0.027882, -0.057093, 0.069215, -0.096831, -0.000571, -0.045874, 0.086268, 0.044535, -0.110299, 0.008196, -0.016091, -0.079339, 0.125821, -0.019365, -0.07892, 0.041684, 0.033116, -0.011338, 0.026173, 0.054644, 0.029214, 0.01843, 0.016582, -0.006367, 0.055582, -0.039885, 0.037843, 0.03664, 0.019885, -0.038981, 0.025372, -0.097873, 0.035643, 0.003262, -0.006156, -0.005778, 0.016267, -0.052155, 0.038737, 0.053146, 0.037424, -0.032816, 0.034429, 0.023037, 0.135876, -0.009632, -0.114264, -0.01276, 0.087939]","[""ART0457"", ""ART0060"", ""ART0071""]"
ART0669,Snowflake Announces Breakthrough in Large Language Models,Snowflake,2024-07-08,AI_ML,3388000000,Investors show strong confidence in the company's growth trajectory and market position.,https://technews.example.com/articles/669,Cloud Computing,2012,"London, UK",49545,True,,12,Large,"[0.015293, -0.107768, 0.041984, 0.057204, 0.018835, 0.067436, -0.012775, 0.056669, 0.064135, -0.072854, -0.039218, 0.08582, -0.014825, -0.059168, 0.001415, -0.023097, -0.022009, -0.028876, -0.081038, -0.13439, 0.010046, -0.038332, 0.043434, 0.000753, 0.064498, 0.040531, -0.084474, -0.04577, 0.011354, -0.063059, 0.037627, 0.091332, 0.030457, 0.022781, 0.007655, 0.053413, -0.009798, 0.064809, 0.025798, 0.021521, -0.050951, -0.067157, 0.033931, -0.020047, 0.049496, -0.061085, -0.027941, 0.067906, -0.011537, 0.030728, -0.139379, -0.120378, 0.038715, 0.014896, 0.008417, -0.015275, -0.015433, -0.079533, 0.019912, -0.059855, -0.026134, -0.015874, 0.004589, 0.041417, 0.09347, 0.036781, -0.018841, -0.033738, -0.049891, 0.067282, 0.019032, 0.038752, 0.042092, 0.052833, 0.028975, -0.008589, 0.007198, 0.013023, 0.108074, 0.023618, 0.066058, -0.044761, 0.085667, -0.031904, 0.004396, 0.000324, 0.037766, -0.031035, 0.031014, -0.006676, -0.021675, -0.044946, -0.027501, 0.060955, -0.19524, 0.069942, -0.033229, -0.050732, -0.023486, 0.100634, 0.051213, -0.037846, 0.070487, -0.064338, -0.031373, -0.069027, -0.017952, -0.018109, 0.014192, 0.005862, -0.027425, -0.022211, -0.032926, 0.028376, 0.043135, -0.067177, -0.063482, 0.003208, -0.013509, 0.035604, 0.047196, 0.134999, -0.038966, 0.008946, -0.061993, 0.055277, -0.056491, -0.0, 0.090839, 0.072125, -0.013788, 0.100891, 0.01484, -0.05754, 0.001972, 0.031374, -0.030562, -0.056496, 0.006523, 0.021964, -0.087141, 0.042854, -0.011556, -0.005732, -0.045112, 0.014117, -0.044006, -0.009931, 0.109952, -0.000961, 0.030513, 0.012923, -0.017987, 0.008698, 0.034615, -0.031348, -0.018012, 0.05622, -0.049032, -0.027351, -0.043533, -0.006917, -0.013647, -0.080804, -0.059871, -0.110998, 0.055868, 0.04932, -0.010313, 0.00081, -0.063904, -0.049396, 0.004452, 0.040167, 0.027129, 0.028764, 0.070279, -0.045095, -0.007545, 0.015761, -0.03626, 0.038797, 0.109058, 0.044257, -0.030036, -0.001716, 0.035162, -0.026675, -0.047689, 0.020265, 0.05611, 0.013575, -0.009968, 0.086211, 0.039411, 0.061976, 0.037724, 0.055552, 0.041721, -0.002782, -0.015279, 0.054426, -0.020481, -0.03161, -0.012141, -0.102983, 0.073245, 0.043392, 0.003012, -0.100895, 0.01657, -0.003311, -0.111326, -0.040583, 0.024768, 0.006226, -0.016417, -0.017175, -0.060489, -0.036495, 0.042167, 0.000901, 0.007726, -0.0, -0.063395, -0.01279, -0.052804, 0.040389, -0.0589, 0.036607, -0.005127, 0.024957, 0.056959, 0.027185, -0.033811, 0.000897, 0.096691, -0.052713, 0.061111, -0.054986, 0.105536, -0.009176, 0.057012, 0.025114, 0.007505, 0.009783, -0.133663, 0.03536, 0.044507, -0.01236, -0.028091, -0.043049, -0.018744, 0.023688, -0.047635, 0.01374, -0.018576, -0.007743, -0.049571, 0.056765, -0.024456, -0.144452, -0.046949, 0.028681, 0.064553, -0.059303, -0.041137, -0.033098, 0.032336, 0.001628, -0.047457, 0.023976, 0.118652, -0.015675, -0.002456, 0.063855, -0.013676, -0.015685, -0.087098, 0.007215, -0.021628, -0.095988, -0.034142, -0.008476, -0.116822, 0.02373, 0.044784, -0.106684, 0.012818, -0.036925, -0.055198, -0.057656, 0.048851, -0.043672, 0.121267, -0.008745, -0.017397, 0.033308, -0.073818, 0.037306, 0.053397, -0.012998, -0.078973, -0.013385, 0.05339, 0.075573, 0.075211, -0.023702, 0.062177, 0.02775, -0.021226, 0.008888, -0.035018, 0.053446, 0.016517, -0.002953, -0.058767, 0.057095, 0.00071, -0.0, -0.002969, 0.056751, -0.013103, 0.014317, 0.057884, -0.022191, -0.040422, 0.002432, -0.037559, -0.000242, -0.008534, 0.043688, -0.003852, 0.082096, 0.00925, 0.040412, 0.015712, 0.043481, -0.066763, -0.088831, 0.033244, 0.033626, 0.025703, -0.046327, -0.014517, 0.03604, 0.004015, 0.01637, 0.012896, 0.036103, -0.067968, 0.001803, 0.01239, 0.003344, 0.080281, 0.086858, -0.0228, 0.004987, 0.057536, 0.031736, 0.051381, 0.085306, 0.018811, 0.010611, -0.04505, -0.005254, -0.078275, -0.102776, 0.024353, 0.024545, 0.00562, 0.000899, -0.058849, 0.0716, 0.012394, 0.123319, -0.058572, -0.067775, -0.06298, -0.060213, 0.008242, -0.070168, 0.02851, 0.014344]","[""ART0508"", ""ART0598"", ""ART0506""]"
ART0672,Palantir Acquires Competitor for Undisclosed Sum,Palantir,2024-03-05,AI_ML,2392000000,Financial results exceed analyst expectations across all key metrics.,https://technews.example.com/articles/672,Cloud Computing,2005,"Berlin, Germany",42306,True,,19,Large,"[0.031788, -0.009288, -0.059589, 0.015022, -0.049377, -0.023628, 0.015565, 0.086338, 0.091966, 0.049, -0.027147, 0.011366, -0.036401, 0.010473, 0.022983, -0.067978, 0.059047, -0.037515, -0.034796, 0.002328, 0.017454, -0.080622, -0.002658, 0.00762, 0.040403, -0.050164, -0.087994, 0.014588, 0.010302, -0.07051, -0.020304, 0.047784, 0.093716, -0.02017, 0.029184, 0.013317, -0.006684, 0.069784, 0.025429, -0.038956, 0.006229, 0.029816, 0.00142, 0.096895, -0.013054, -0.043368, -0.0371, 0.009554, 0.012153, 0.038799, -0.179667, 0.092472, 0.031453, -0.118295, -0.066493, -0.056633, -0.055053, -0.000453, 0.067294, -0.065306, 0.042295, 0.022942, 0.009995, 0.007953, 0.049284, -0.01888, -0.039154, -0.007894, -0.03569, 0.066458, 0.074372, -0.051311, -0.033553, -0.043076, -0.003057, 0.07612, -0.006041, 0.014584, -0.01896, -0.008437, 0.010209, -0.004993, 0.008234, -0.023024, -0.025862, 0.030964, 0.067809, -0.006268, 0.048604, -0.057564, 0.030603, -0.070592, 0.044894, 0.035332, 0.044123, 0.065483, -0.051557, -0.04355, 0.013827, 0.082575, 0.052689, -0.009567, -0.025684, -0.050402, -0.045049, 0.007077, 0.014153, -0.057791, 0.03966, 0.041974, -0.052761, 0.079972, -0.027839, 0.078993, 0.022084, 0.056592, -0.091984, 0.064382, 0.033054, 0.014163, 0.034421, 0.000778, 0.01037, 0.039366, -0.067206, 0.02677, -0.066526, 0.0, 0.00098, -0.040478, 0.063586, -0.028553, -0.049475, 0.04073, -0.003301, -0.041038, -0.08339, 0.024269, -0.098159, 0.05699, -0.022257, -0.01431, 0.01957, 0.058344, -0.085005, 0.146349, 0.065412, -0.057604, 0.04702, -0.037947, -0.030075, 0.056746, 0.015617, 0.061826, 0.022739, 0.029318, -0.024414, 0.012103, 0.049935, 0.021073, 0.07351, 0.051471, -0.047447, -0.015143, -0.081996, -0.042805, 0.030926, 0.074125, -0.026528, 0.011358, 0.004789, -0.021131, -0.060813, -0.036131, 0.008744, -0.025317, -0.057032, -0.029381, -0.098568, 0.014285, 0.01248, 0.043326, -0.032896, -0.030754, 0.009316, -0.002562, 0.011348, -0.030447, -0.050793, 0.026225, -0.045052, -0.013689, -0.125101, 0.061264, 0.002866, 0.068478, -0.021749, 0.069462, 0.029847, 0.026415, -0.010387, 0.02879, 0.047772, -0.058249, 0.024167, 0.070598, 0.06775, 0.018251, -0.022942, 0.003533, 0.052736, -0.009557, -0.05379, 0.009554, -0.094117, -0.060221, 0.027173, 0.066343, -0.009283, -0.009814, -0.159905, 0.104415, -0.026762, -0.0, -0.089329, 0.013385, 0.072146, 0.000178, -0.027843, -0.020966, -0.007154, -0.018787, 0.019717, -0.057581, 0.000466, 0.001661, 0.099168, -0.064117, -0.072724, 0.005658, 0.126612, -0.042533, -0.005302, -0.047207, 0.014055, -0.021136, -0.025863, -0.005942, 0.034066, 0.058404, 0.013154, -0.039585, -0.073975, -0.008882, 0.103736, 0.047252, -0.100544, 0.054931, -0.015101, 0.013073, -0.038032, -0.015783, -0.030007, 0.002857, 0.003535, -0.041273, 0.037403, -0.061855, 0.081692, -0.05737, 0.04953, -0.119768, 0.093604, 0.006904, 0.04285, -0.000257, 0.002303, 0.076685, -0.017757, 0.045847, 0.008094, 0.049655, -0.031784, 0.0514, 0.071594, 0.024659, -0.017045, 0.040972, -0.000519, 0.0419, 0.016357, -0.008708, 0.088831, -0.040713, 0.089792, -0.02366, -0.030267, 0.039413, -0.035937, 0.142343, -0.062891, -0.075541, -0.008854, 0.015803, 0.032477, 0.011271, 0.106503, -0.034972, 0.029209, 0.088943, 0.01501, 0.009763, -0.021617, 0.058738, -0.028803, -0.07315, -0.008636, 0.006182, 0.070984, -0.0, -0.012169, -0.028169, 0.028984, -0.027349, -0.059251, -0.055326, -0.038209, 9.5e-05, -0.045235, 0.042867, 0.003474, -0.119722, -0.102748, 0.020354, 0.029106, -0.040547, 0.013696, 0.036788, -0.015438, -0.056321, -0.045597, 0.037225, 0.050574, -0.113633, -0.024209, -0.051662, -0.052932, 0.004718, 0.043735, 0.030401, -0.005058, -0.004262, 0.074301, -0.024488, 0.043695, 0.044346, -0.024085, 0.02715, -0.035349, 0.054619, 0.005372, 0.016332, -0.000566, 0.029447, 0.048691, -0.002729, -0.064662, -0.016988, -0.025497, -0.091571, 0.160885, 0.028867, -0.025804, 0.030965, 0.01537, 0.04658, -0.087964, 0.038439, -0.002193, -0.029521, 0.015041, -0.166889, -0.032315, -0.002171]","[""ART0174"", ""ART0479"", ""ART0436""]"
ART0678,Scale AI Reports Record Revenue Growth,Scale AI,2024-04-13,DATA_ANALYTICS,1026000000,Financial results exceed analyst expectations across all key metrics.,https://technews.example.com/articles/678,AI/ML,2003,"Berlin, Germany",23379,False,,21,Medium,"[0.022591, -0.046569, -0.070532, 0.031117, -0.035474, -0.025707, -0.029963, 0.094729, 0.011988, 0.043746, -0.035262, 0.019075, -0.010226, -0.005278, -0.009091, 0.007791, -0.033226, -0.026274, -0.083606, -0.031434, 0.055854, -0.008292, -0.012543, -0.012298, 0.06556, -0.015417, -0.070129, -0.014074, -0.035421, -0.037182, -0.0185, -0.021047, 0.111269, 0.058559, -0.00713, -0.015095, -0.009893, 0.013915, 0.076871, -0.018086, 0.028839, 0.020089, 0.016825, -0.022272, 0.036713, -0.034916, -0.050788, -0.039727, -0.031775, 0.095915, -0.204988, 0.055535, 0.000108, -0.00763, 0.007423, -0.012351, -0.011003, -0.027007, 0.017044, -0.022416, -0.065552, 0.008109, 0.065044, 0.019626, 0.070958, 0.044656, -0.051759, 0.002542, -0.115055, 0.058211, 0.00522, -0.070608, -0.076105, 0.051332, 0.04376, -0.000138, -0.065918, 0.036785, 0.043059, -0.006535, -0.05626, -0.023547, -0.013888, 0.039451, 0.021949, -0.013117, 0.07865, -0.067283, 0.051235, 0.029687, 0.028459, -0.023131, -0.024211, 0.032554, 0.038966, 0.006804, -0.116061, -0.150727, 0.037522, 0.037093, 0.036799, 0.054205, 0.04222, -0.008184, -0.041701, -0.030975, 0.059259, 0.005937, 0.024851, -0.013713, 0.029358, 0.066128, -0.018818, -0.021821, 0.072418, -0.042295, -0.080037, 0.083453, 0.020348, 0.066977, -6.9e-05, 0.039751, -0.029498, 0.06493, -0.035208, 0.091655, -0.036911, 0.0, -0.07445, -0.085126, 0.075548, -0.089559, -0.006016, 0.045432, -0.040874, 0.010106, -0.026239, 0.026084, -0.054594, 0.17111, 0.014619, -0.016551, 0.054999, 0.031508, 0.006436, 0.125532, 0.005641, -0.008272, 0.106477, -0.145174, 0.038459, -0.009742, 0.034053, 0.001617, -0.035015, 0.016116, -0.058048, 0.004608, -0.012755, 0.016893, 0.010856, -0.050433, -0.063552, -0.043793, -0.027269, 0.047023, 0.003482, 0.078795, -0.003752, 0.036216, 0.009755, -0.052441, -0.05998, 0.058502, 0.073516, -0.013081, -0.008286, -0.058941, -0.04399, -0.029427, 0.03629, -0.063199, 0.056951, 0.081657, 0.037182, -0.011812, -0.003791, -0.0136, -0.019965, -0.024074, -0.055804, 0.042459, -0.094738, 0.112577, 0.020973, 0.073251, 0.058227, 0.071693, 0.100629, -0.013789, 0.011735, 0.007236, -0.025292, -0.070059, -0.00235, -0.041456, 0.04845, 0.027835, -0.067439, 0.011121, 0.021037, -0.049348, 0.029972, -0.001183, -0.023853, 0.005949, 0.032516, 0.048941, -0.022727, -0.026949, -0.049548, 0.05043, -0.103726, -0.0, -0.058787, 0.007355, -0.015987, 0.022129, 0.000848, 0.016359, -0.003492, 0.032225, 0.035252, 0.038786, 0.011333, 0.007605, -0.027689, -0.001082, 0.006844, -0.096533, 0.047661, -0.025829, 0.032879, -0.05183, 0.06187, 0.05601, -0.054417, 0.098432, 0.051387, 0.016719, -0.083516, 0.065675, -0.042929, -0.064552, 0.015949, -0.007021, -0.019344, 0.061013, 0.029051, 0.014369, 0.038704, -0.106492, -0.011016, 0.034343, 0.025067, -0.024693, -0.026437, -0.037162, 0.051446, -0.013393, 0.01809, 0.020755, 0.018617, -0.016534, -0.021853, 0.018585, -0.044975, 0.03389, -0.135486, 0.052959, -0.02503, -0.014863, -0.06712, 0.047307, -0.013981, -0.024025, 0.02675, 0.04051, -0.070113, 0.008421, 0.063737, -0.025119, 0.025492, -0.053015, 0.006231, -0.092487, 0.042673, 0.045381, -0.105063, 0.084712, -0.054913, -0.021851, 0.041074, -0.025189, 0.053657, 0.013419, 0.029461, 0.028079, -0.019679, 0.031304, 0.036394, -0.049775, -0.04613, 0.079555, -0.058104, -0.08414, -0.074146, 0.008932, -0.016457, -0.0, -0.030686, 0.058837, 0.071383, 0.041234, 0.079585, -0.007766, -0.029732, 0.060199, -0.01759, -0.006979, 0.03044, -0.112851, -0.081785, 0.063064, 0.060801, -0.036525, 0.016295, 0.004361, 0.000159, -0.037134, -0.030299, 0.066093, -0.006275, -0.10736, 0.017536, -0.107664, -0.090958, 0.080012, -0.047526, -0.003943, -0.007472, 0.001865, 0.060843, 0.022066, 0.029759, -0.016512, 0.039104, 0.049128, -0.034619, -0.018601, 0.011094, 0.035998, 0.059478, -0.004139, 0.008917, 0.035241, -0.053038, 0.039172, 0.05953, -0.064494, 0.12873, -0.044617, 6.4e-05, 0.047027, 0.073925, 0.027313, -0.057956, -0.029076, -0.067468, 0.041493, 0.106829, -0.103723, -0.028107, -0.004843]","[""ART0350"", ""ART0211"", ""ART0376""]"
ART0680,SpaceX Announces Breakthrough in Large Language Models,SpaceX,2024-02-17,SOFTWARE,8925000000,Platform improvements deliver enhanced performance and new capabilities.,https://technews.example.com/articles/680,AI/ML,2016,"Berlin, Germany",31018,False,,8,Large,"[0.025842, -0.090836, 0.084134, -0.058988, -0.033853, 0.027241, -0.068007, -0.014334, 0.078923, -0.032776, -0.042258, 0.026328, -0.02791, 0.036576, 0.050763, -0.021505, 0.044091, 0.02708, -0.039442, -0.058924, 0.059351, -0.002727, -0.006784, 0.012709, 0.066554, 0.093846, -0.058988, -0.045759, 0.066517, -0.017948, 0.006884, 0.072036, 0.058678, 0.019672, -0.053065, 0.086597, -0.012346, -0.085241, -0.043176, -0.068146, -0.048737, -0.010217, 0.009555, 0.082475, 0.074234, -0.088666, -0.028823, -0.028984, 0.02814, 0.043215, -0.084896, -0.13708, 0.066718, 0.030299, -0.003381, 0.029818, -0.010985, 0.007821, 0.016484, -0.109635, -0.069932, -0.065812, 0.010029, 0.080543, -0.050509, 0.028411, 0.003359, 0.012089, -0.035899, 0.004186, -0.047031, 0.013922, -0.000627, 0.053671, 0.022729, 0.024278, 0.089231, -0.048067, 0.10114, -0.026656, 0.046741, -0.029368, -0.019028, -0.000874, 0.061134, -0.010496, 0.015598, -0.009492, -0.058342, -0.003183, -0.027486, -0.016322, 0.109477, -0.006677, -0.090025, 0.003674, -0.00498, -0.007492, 0.038432, 0.067294, 0.023223, -0.024233, 0.071989, -0.003173, -0.033944, -0.06336, 0.069637, 0.011449, -0.023113, -0.076997, -0.028136, -0.015198, -0.077873, 0.005513, -0.003394, 0.018776, -0.048473, -0.051643, 0.071569, 0.001661, -0.034975, -0.020056, -0.031718, 0.00778, 0.007194, 0.028321, -0.056454, -0.0, 0.002539, 0.045876, 0.010974, 0.055716, 0.038302, -0.065775, 0.01613, 0.012452, -0.084488, -0.042652, -0.050113, 0.048308, -0.022513, 0.105315, 0.070804, -0.05033, 0.041038, 0.078281, -0.02689, 0.011112, 0.085664, -0.007024, 0.054036, -0.036453, 0.015708, 0.033317, 0.059504, -0.077309, -0.021932, 0.010942, -0.166441, -0.031403, -0.006329, 0.041218, 0.004861, -0.010239, -0.006476, -0.109732, 0.020023, -0.008717, -0.067688, 0.041165, -0.008314, -0.111925, -0.044269, 0.051703, -0.021704, -0.06018, 0.030187, -0.000209, 0.052823, 0.045674, -0.040823, 0.102484, 0.12639, 0.012348, 0.02012, 0.058491, 0.018798, 0.090934, -0.032663, -0.00663, 0.079615, 0.070754, 0.11172, 0.050657, 0.017417, 0.020139, 0.007594, 0.064008, -0.051461, -0.02014, 0.057077, 0.033036, 0.036461, -0.068545, -0.053122, -0.143461, -0.012537, 0.048962, -0.056785, -0.09308, 0.011997, 0.022686, 0.007746, -0.045237, -0.000118, -0.003143, 0.008215, 0.002933, -0.044598, -0.108243, 0.016553, 0.017644, -0.091929, -0.0, -0.067933, -0.02415, -0.047648, 0.060364, -0.091786, -0.005491, 0.034051, 0.037905, -0.02498, -0.01966, 0.038494, 0.003576, 0.094773, -0.018552, 0.041357, 0.010218, 0.030632, -0.011286, 0.015052, 0.017324, 0.030891, 0.003669, -0.034276, 0.045679, 0.022904, -0.020878, 0.000819, -0.012697, 0.004353, -0.009335, -0.079199, 0.044434, -0.018315, 0.054834, 0.016195, 0.057797, 0.018747, -0.00973, 0.031735, 0.014815, 0.061213, -0.037928, -0.046066, 0.011081, -0.03854, 0.049066, -0.122766, 0.030911, 0.002839, -0.02192, 0.005876, -0.031156, 0.019847, -0.047826, -0.068351, -0.05119, -0.041408, -0.014786, 0.056015, -0.018573, -0.039952, -0.030368, 0.031001, -0.079218, 0.0302, -0.07834, -0.075845, -0.006412, -0.012434, 0.002535, 0.07009, -0.023098, -0.139491, 0.125021, -0.049288, 0.010265, 0.020532, -0.062142, 0.017865, 0.008008, 0.054645, 0.114241, 0.077275, 0.060744, 0.088671, 0.09514, -0.019991, 0.051076, -0.002015, 0.028027, 0.001507, 0.07433, -0.028657, 0.097498, -0.075932, -0.0, -0.072883, 0.002385, -0.049251, 0.037905, -0.021256, -0.015055, -0.073898, 0.028206, -0.002463, -0.004066, 0.026563, -0.024594, -0.042202, -0.01301, 0.01751, 0.083365, -0.015842, 0.049386, -0.012044, -0.03792, 0.025608, 0.089761, -0.003424, 0.024257, -0.030222, -0.020665, -0.016464, 0.10754, 0.057785, -0.065787, -0.016202, -0.049315, -0.103981, 0.006998, 0.046053, 0.061244, -0.042745, 0.018944, 0.082141, -0.008114, 0.033236, -0.005702, -0.036525, 0.004175, -0.032252, 0.03976, -0.041028, -0.129782, 0.029511, -0.055273, 0.036533, 0.012031, -0.062642, 0.010506, -0.013621, 0.077096, -0.028485, 0.004536, 0.090973, 0.004083, 0.026867, -0.03251, 0.00909, -0.005689]","[""ART0070"", ""ART0121"", ""ART0581""]"
ART0683,OpenAI CEO Discusses Future of AI,OpenAI,2024-04-04,AI_ML,2790000000,Leadership outlines vision for responsible AI development and deployment.,https://technews.example.com/articles/683,Data Analytics,2006,"Austin, TX",12793,False,OPEN,18,Medium,"[-0.01098, -0.029276, 0.039748, 0.012537, 0.082032, -0.023195, -0.004075, 0.003724, 0.046402, -0.019118, -0.033984, 0.0104, 0.012065, 0.007617, 0.01288, 0.093148, -0.027662, -0.003415, -0.064157, -0.078419, -0.008935, 0.026913, 0.02709, -0.040933, -0.059913, 0.036661, 0.011921, -0.050041, -0.02403, -0.00301, 0.057777, -0.061712, 0.102654, 0.006629, -0.035793, 0.086825, -0.044331, -0.000762, 0.019822, -0.087574, 0.038656, -0.048864, -0.033029, -0.043496, 0.073013, 0.02068, -0.009815, -0.098623, -0.029244, -0.034603, -0.122295, -0.141284, 0.006752, -0.031673, 0.021088, 0.05717, -0.001248, -0.104629, 0.034802, -0.044734, 0.004549, -0.014256, 0.01138, 0.04033, 0.060521, 0.015237, -0.022809, -0.004364, -0.064085, -0.070088, 0.098151, 0.068577, 0.04557, -0.052531, -0.033046, 0.061708, 0.009189, 0.045493, 0.075083, -0.032024, 0.063433, 0.021504, -0.024842, 0.100164, -0.060703, 0.028102, 0.025214, -0.071826, 0.012928, 0.02455, -0.018279, -0.061, 0.037796, -0.005927, -0.007785, 0.043568, -0.071179, -0.082965, -0.102917, 0.026656, -0.00019, 0.005, 0.013467, -0.029939, -0.062018, 0.045902, 0.124026, -0.020333, -0.012758, 0.016851, 0.026633, -0.045342, 0.030805, -0.077343, 0.045754, 0.022897, -0.095912, 0.09374, 0.063592, -0.030834, 0.043674, -0.01757, 0.049136, 0.042174, 0.053294, 0.053309, -0.000308, -0.0, -0.026785, 0.044236, 0.043997, 0.036999, 0.0808, 0.008252, 0.030881, -0.009361, -0.01014, -0.059228, -0.04976, -0.002132, -0.034088, 0.019973, 0.007535, -0.077345, -0.000984, 0.070612, 0.027326, -0.03357, 0.040784, -0.037576, -0.028883, 0.008638, 0.061914, -0.021505, 0.026973, -0.082228, 0.061454, 0.038637, -0.044713, 0.091279, -0.087918, 0.013904, -0.018573, 0.063452, -0.097859, -0.011255, -0.023567, 0.033797, -0.018482, 0.078589, -0.042093, -0.011962, -0.023422, -0.038847, 0.040939, -0.000146, 0.084525, 0.001747, -0.082299, -0.04015, 0.037022, -0.062361, 0.083489, -0.067953, 0.043368, -0.018412, -0.018992, 0.009725, -0.040752, -0.026947, -0.129468, 0.105826, -0.032933, 0.028628, 0.01145, 0.033397, 0.10722, 0.033302, 0.021347, 0.03579, -0.018625, 0.00714, -0.157814, 0.02105, -0.049516, -0.05894, 0.061757, 0.012012, -0.039688, 0.016028, -0.015686, 0.063125, 0.060007, 0.019358, 0.009303, 0.076493, 0.014835, 0.110625, -0.02452, -0.029037, -0.01217, 0.099615, -0.087602, 0.0, -0.022781, 0.054092, -0.036483, 0.004591, 0.075888, -0.059528, -0.059695, 0.036533, 0.093111, 0.014939, 0.000524, 0.010697, 0.029826, 0.034927, 0.016742, -0.08185, 0.006071, -0.067452, -0.04849, -4.2e-05, 0.001799, 0.069111, -0.063716, -0.020479, 0.05485, 0.071827, 0.000926, 0.077075, -0.036203, 0.000345, -0.026726, -0.062997, -0.043272, 0.071922, 0.050471, 0.047929, 0.039706, -0.083647, 0.006951, 0.057897, 0.034112, -0.042248, 0.000192, -0.051639, -0.058564, 0.011055, -0.065933, 0.066911, -0.061094, -0.037266, -0.056998, 0.009247, -0.05924, -0.045968, -0.039473, 0.027399, 0.065021, 0.044095, -0.00269, 0.005218, -0.01578, -0.031006, 0.112441, 0.007158, -0.06768, 0.051719, 0.043528, 0.080675, -0.044375, -0.057192, -0.048462, -0.101513, -0.091391, 0.027245, -0.059166, -0.004112, -0.041566, 0.002454, 0.033845, 0.031478, 0.032912, -0.063831, 0.00018, 0.016576, 0.043914, 0.024823, 0.056642, -0.034812, 0.027188, 0.081429, -0.107912, -0.025358, -0.062902, 0.058172, -0.05368, -0.0, -0.081008, -0.013994, 0.061517, 0.044209, 0.059793, 0.0036, 0.001356, -0.042724, 0.02603, 0.027708, 0.028897, 0.016145, -0.058706, 0.00414, 0.035063, 0.056465, -0.035978, 0.033249, -0.011773, -0.09486, 0.047979, 0.022792, 0.016879, -0.034574, -0.03992, -0.085234, -0.07145, 0.043724, -0.053881, 0.098841, 0.021105, 0.01525, 0.060803, -0.021571, 0.052144, 0.042001, 0.010931, -0.016072, 0.044323, 0.002035, -0.031907, 0.101743, 0.044251, -0.029303, 0.006245, 0.006499, -0.063952, -0.042417, -0.028757, -0.017014, -0.060634, 0.001922, 0.01987, 0.115034, 0.059201, -0.013514, 0.0705, -0.049168, -0.097814, 0.057115, 0.059047, 0.008307, 0.043115, 0.003552]","[""ART0520"", ""ART0102"", ""ART0464""]"
ART0684,NVIDIA Acquires Competitor for Undisclosed Sum,NVIDIA,2024-10-14,DATA_ANALYTICS,62100000000,Community contribution aims to accelerate innovation and adoption.,https://technews.example.com/articles/684,AI/ML,2017,"London, UK",22031,False,,7,Medium,"[-0.077859, -0.022575, -0.048412, -0.007702, 0.05745, -0.001591, -0.00641, 0.033136, 0.041791, -0.035089, 0.004819, -0.026375, -0.011964, 0.01945, -0.008623, 0.012812, 0.066919, -0.025551, -0.012221, -0.025485, -0.053565, -0.061718, 0.038998, 0.032231, 0.034952, 0.058559, -0.026859, 0.020787, 0.056622, -0.040019, -0.006089, 0.055746, 0.10531, 0.009561, 0.01935, -0.050827, -0.037267, -0.004087, -0.061378, -0.064834, 0.005959, -0.050145, -0.019638, 0.069113, 0.05584, 0.008647, 0.012915, 0.053326, 0.029049, -0.011461, -0.02159, -0.065702, -0.025281, -0.069395, -0.029381, 0.047071, -0.046836, -0.111808, 0.020663, -0.046718, 0.117886, -0.056557, 0.015464, 0.077587, 0.05512, -0.037259, -0.00431, -0.006998, -0.007613, -0.068177, 0.099348, -0.035136, 0.012759, -0.001602, -0.02128, 0.05665, 0.045605, 0.010398, 0.093285, 0.00142, 0.037136, 0.05045, 0.011056, 0.021599, -0.019636, -0.001383, 0.062979, -0.019706, 0.043349, -0.101554, -0.064525, 0.03578, 0.060053, -0.030149, -0.056955, 0.028649, -0.035269, -0.040235, 0.017523, 0.080075, -0.001836, -0.030271, 0.017527, -0.005244, -0.004979, -0.00624, -0.048955, 0.032494, 0.069782, 0.082411, -0.024342, -0.025596, -0.050037, 0.056991, 0.004076, 0.03089, -0.051925, 0.038512, 0.036785, -0.006007, 0.010466, -0.055312, -0.024269, -0.06115, -0.002747, 0.024019, -0.111459, -0.0, -0.030924, -0.002248, -0.007121, 0.048262, -0.004447, 0.007359, 0.049222, 0.021694, -0.05042, -0.033219, -0.093897, 0.082801, 0.011815, 0.107336, 0.039987, -0.02616, -0.085548, 0.041214, 0.05169, 0.029803, 0.06759, 0.014202, 0.035895, 0.027384, 0.016019, -0.084276, -0.087906, 0.015511, 0.079647, 0.024406, 0.075059, -0.037161, -0.001012, -0.088125, 0.053909, 0.008214, 0.038676, -0.117789, 0.043398, 0.099787, -0.037967, 0.080721, -0.083647, -0.089771, -0.045248, 0.045743, 0.011307, -0.018279, -0.070694, 0.047009, -0.077074, 0.039762, -0.028083, -0.001187, 0.058143, -0.0425, -0.029206, 0.027818, 0.058639, -0.034734, -0.121517, -0.011499, -0.048197, 0.030022, -0.037902, 0.075355, 0.15682, 0.039192, -0.032285, 0.013088, 0.008464, 0.013281, -0.109573, -0.022299, -0.004346, -0.079826, -0.100953, 0.038989, 0.05557, 0.009117, -0.039951, 0.028483, -0.00431, 0.003188, -0.065971, -0.001863, 0.008673, 0.009522, -0.024146, -0.073114, -0.029781, 0.057912, -0.005769, 0.096758, 0.098058, 0.0, -0.012979, -0.047002, 0.050821, 0.008755, 0.036448, 0.001811, -0.059751, -0.103703, 0.048901, 0.046756, 0.023736, 0.065678, 0.052041, 0.033135, -0.020993, -0.035913, -0.012458, 0.031621, -0.029054, -0.095552, 0.071787, -0.035635, -0.001373, -0.0591, 0.075665, -0.001004, -0.002653, -0.111124, -0.018983, -0.027705, -0.016384, 0.030016, -0.07742, 0.002902, 0.102096, 0.092741, 0.025563, -0.04557, 0.015624, -0.087943, 0.052189, 0.001435, 0.085797, -0.021355, -0.024969, 0.013008, 0.049128, -0.051646, 0.089586, 0.013401, 0.021096, -0.046711, 0.050886, 0.021462, -0.049712, 0.04672, 0.102094, 0.08767, 0.062808, -0.051458, 0.054231, -0.023481, -0.125586, 0.037064, 0.002712, -0.016927, 0.034945, 0.009955, 0.054343, -0.079546, -0.020653, -0.040576, -0.040992, -0.062425, -0.168347, 0.006917, 0.045481, -0.03916, 0.005099, -0.03208, 0.031155, -0.073708, 0.128038, -0.017024, 0.036892, 0.031279, 0.030318, -0.045451, -0.017203, 0.064161, -0.059663, 0.003766, -0.046636, -0.007835, -0.029139, -0.0, 0.032692, -0.066977, 0.008827, 0.090102, 0.077248, -0.060059, -0.112971, 0.055721, 0.006345, 0.087951, 0.072016, -0.007581, -0.054237, 0.054014, 0.029796, 0.049757, 0.013163, 0.058934, -0.019579, -0.007969, -0.007174, 0.055507, 3.5e-05, -0.057425, -0.069911, -0.010433, 0.05419, -0.026096, 0.029894, -0.076867, -0.030726, 0.030857, 0.022189, 0.021999, 0.03264, -0.032807, 0.042482, 0.018759, 0.047896, -0.012407, -0.025912, 0.017218, 0.023841, -0.020626, -0.028082, 0.019705, -0.046816, -0.070924, -0.100656, -0.018319, 0.005889, -0.036242, -0.036191, 0.023971, -0.044492, -0.024285, -0.061366, 0.036246, 0.036323, 0.01249, 0.031402, -0.078414, 0.07218, -0.002878]","[""ART0626"", ""ART0546"", ""ART0115""]"
ART0686,Confluent Faces Regulatory Scrutiny,Confluent,2023-01-14,AI_ML,790000000,Major partnership validates technology and opens new revenue opportunities.,https://technews.example.com/articles/686,Cloud Computing,1995,"London, UK",3884,False,,28,Small,"[-0.01276, -0.019286, -0.004606, -0.044457, 0.007821, 0.035732, -0.002129, 0.014524, 0.029835, -0.05607, 0.038223, 0.064315, -0.024065, 0.050907, -0.024227, -0.018777, 0.047996, -0.025378, -0.074763, 0.00732, -0.027383, -0.04322, -0.041565, -0.011472, 0.011929, -0.033529, -0.049745, -0.045573, 0.029928, -0.058922, -0.009208, 0.129587, -0.06149, 0.021577, 0.007886, 0.027923, 0.039871, 0.009598, 0.05054, -0.050704, 0.036345, -0.095629, -0.01925, -0.032455, -0.041227, -0.054455, 0.037003, -0.004735, -0.017127, 0.007087, -0.082452, -0.061964, 0.01055, -0.007286, -0.049951, 0.000294, -0.072947, -0.042114, 0.020515, 0.046111, -0.033422, -0.00848, -0.0526, 0.039817, 0.002541, -0.024285, -0.058988, 0.062451, -0.05868, 0.009049, 0.031369, -0.06369, 0.044304, -0.010593, 0.00129, 0.058039, 0.015596, 0.042694, 0.106038, -0.072736, 0.102368, 0.038338, 0.008046, -0.061384, 0.068066, -0.031568, -0.014429, -0.036888, -0.003565, -0.033691, -0.031817, 0.000736, 0.085509, -0.046248, -0.04003, 0.080241, -0.091481, -0.03411, 0.070789, 0.056943, -0.002889, 0.033689, -0.056657, -0.03774, -0.055553, -0.0732, 0.042738, 0.025298, 0.094446, 0.058134, 0.031882, -0.036731, 0.039565, -0.039882, 0.026311, 0.073855, -0.028876, 0.00938, 0.143552, -0.132282, -0.021517, 0.023174, -0.020322, -0.077432, 0.073657, -0.042913, -0.016402, 0.0, -0.02568, 0.071077, -0.041097, 0.106591, -0.041703, 0.053824, -0.080488, 0.015791, -0.107695, -0.000747, 0.018098, 0.083186, -0.01669, 0.040596, -0.017737, -0.021914, -0.047851, 0.114975, 0.042543, -0.007696, -0.001555, 0.023991, 0.022869, 0.076854, -0.007767, -0.08625, -0.030338, 0.090275, 0.066027, 0.024464, -0.013168, 0.081909, 0.047005, -0.015382, -0.050558, 0.082937, -0.041304, -0.117577, -0.032577, 0.046803, -0.037127, 0.075312, -0.078948, -0.00645, 0.015097, -0.005956, 0.005518, -0.026429, -0.033769, 0.014181, -0.026222, 0.05863, -0.006992, -0.051727, 0.000503, 0.032987, -0.011024, -0.070963, 0.020532, 0.021911, -0.038815, 0.005633, -0.135641, 0.044319, -0.016545, 0.085097, 0.050882, 0.039287, 0.007631, 0.026399, -0.024953, -0.064574, -0.047452, 0.009706, 0.040088, -0.067573, -0.07935, 0.062205, 0.050506, -0.014033, -0.02709, -0.01308, 0.118057, 0.058165, -0.064467, -0.028035, 0.012474, 0.031612, 0.081457, 0.071564, -0.084555, 0.039688, -0.044997, 0.082195, 0.127762, -0.0, -0.053274, 0.033257, -0.01376, 0.062099, -0.023493, -0.030307, 0.03916, -0.129683, 0.078295, 0.008647, 0.021071, -0.040561, 0.041662, -0.048009, -0.033127, -0.108772, -0.022859, -0.033683, 0.056288, -0.009977, 0.110146, -0.010666, 0.040836, 0.046658, -0.000859, 0.064323, -0.070274, -0.087235, 0.034311, 0.057574, -0.025659, 0.037798, 0.005733, 0.020332, -0.051722, 0.032647, -0.026262, -0.095527, -0.011698, -0.117125, 0.011005, 0.006895, -0.020396, -0.003213, -0.052167, -0.04269, 0.032951, -0.024968, 0.068158, -0.049861, 0.056037, 0.045148, -0.010304, -0.059242, -0.042837, 0.016712, 0.082349, 0.018796, -0.0415, 0.05444, 0.097693, 0.05046, -0.004903, -0.008609, 0.063716, 0.05108, 0.087516, 0.073767, 0.068283, -0.009808, -0.017448, -0.044922, -0.025536, -0.03391, -0.018201, 0.024693, 0.000509, -0.074743, -0.047086, 0.123559, 0.018903, 0.001767, 0.06361, 0.01168, 0.027292, 0.044725, -0.024361, -0.074996, -0.00734, 0.018585, -0.072286, -0.021382, -0.003427, -0.013414, 0.000314, -0.0, 0.008205, -0.036164, -0.035129, 0.007081, -0.075393, -0.052335, -0.064191, -0.003459, 0.021938, 0.071537, 0.002196, 0.000564, -0.023777, 0.004425, 0.043953, -0.002889, 0.00066, -0.02944, -0.091612, 0.039385, -0.042825, 0.07607, -0.002479, -0.012427, 0.016661, 0.018893, 0.041096, 0.089565, 0.019458, 0.069882, -0.014629, -0.005449, -0.002461, -0.004885, -0.029984, -0.053672, -0.002131, 0.056953, 0.045809, 0.035035, -0.033724, 0.066609, -0.040868, 0.054974, -0.062797, -0.008871, -0.10955, 0.013903, -0.029233, 0.009144, 0.01195, -0.010109, 0.054267, -0.063371, -0.030826, -0.033208, -0.018341, 0.012907, -0.000349, -0.024523, 0.083197, -0.052981, 0.173636, -0.010402]","[""ART0237"", ""ART0391"", ""ART0242""]"
ART0691,Mistral AI Raises Series D Funding Round,Mistral AI,2024-12-13,AI_ML,260000000,Investors show strong confidence in the company's growth trajectory and market position.,https://technews.example.com/articles/691,,,,,,,,,"[-0.001052, -0.066506, 0.045725, 0.011857, 0.062937, 0.001347, 0.013603, 0.049624, 0.089515, 0.021132, -0.054921, 0.118454, -0.046134, -0.126739, -0.014661, -0.004232, -0.044615, -0.036758, -0.054421, -0.012614, -0.049883, -0.054465, -0.010784, -0.031021, 0.045963, 0.033111, 0.049055, 0.015477, 0.033369, -0.015153, 0.008646, 0.093776, 0.032278, -0.036708, 0.004585, 0.020352, 0.019415, 0.098526, -0.025589, 0.051579, 0.030159, 0.001425, 0.074608, 0.02067, -0.03098, 0.018401, -0.054607, 0.068085, 0.02023, -0.021375, -0.057715, -0.053792, 0.033279, -0.000611, -0.10282, -0.022177, -0.04115, -0.037376, 0.026263, -0.038115, 0.038307, -0.01328, 0.027381, -0.015893, 0.080804, 0.013205, -0.02918, 0.039435, 0.019713, -0.055707, 0.135583, 0.015599, -0.040322, -0.021087, 0.019023, 0.056613, 0.024581, -0.000163, 0.148955, -0.035067, 0.064736, 0.070054, 0.00898, 0.01365, -0.08646, 0.007846, 0.086308, -0.059078, 0.065046, 0.012513, 0.053748, -0.043625, -0.13297, 0.001776, -0.098648, 0.093216, -0.068845, -0.052621, -0.082192, 0.068061, 0.048154, 0.017667, -0.032356, -0.041008, -0.046498, -0.031642, 0.078037, -0.067023, 0.069176, -0.00488, -0.040544, 0.005953, 0.042287, 0.043768, 0.002609, -0.054659, -0.085069, 0.007823, 0.013361, -0.036874, 0.063078, 0.020397, 0.044654, 0.041625, 0.020309, -0.059625, -0.109362, -0.0, -0.036047, -0.020525, 0.027283, 0.0343, -0.043167, -0.057973, 0.005527, -0.001166, -0.098386, -0.005475, -0.089259, -0.044809, -0.060371, -0.005225, -0.02547, -0.118962, 0.042186, 0.079138, 0.007391, -0.031136, 0.057573, -0.036613, -0.036553, 0.009577, 0.04109, 0.032566, 0.028049, 0.059194, 0.046518, 0.04157, 0.004537, 0.028662, 0.004764, -0.051377, -0.059409, 0.033027, -0.090463, -0.013408, 0.056819, 0.10111, 0.017971, 0.041834, -0.022495, -0.011197, -0.064666, 0.016421, -0.008352, -0.058218, -0.024934, -0.032268, -0.041175, -0.018011, -0.032443, -0.073927, 0.03045, -0.006612, -0.075548, 0.000528, -0.018872, -0.04451, -0.056133, -0.015659, -0.095188, 0.071206, -0.114264, 0.066385, 0.036572, 0.023962, 0.036479, 0.111097, -0.026074, -0.067509, -0.061531, 0.012932, -0.036554, -0.03784, -0.005612, 0.006788, 0.050722, 0.039092, -0.079668, -0.049977, -0.034214, 0.066314, -0.009964, -0.048512, 0.009091, 0.035466, -0.030062, -0.047751, -0.009987, -0.024402, 0.027545, 0.09848, -0.022408, 0.0, -0.065113, 0.034165, -0.010765, -0.041167, 0.031314, 0.083954, -0.004534, 0.038512, 0.056206, 0.055002, -0.023479, 0.061162, -0.098642, 0.022342, -0.013506, -0.062005, 0.10736, -0.089624, 0.057174, -0.016171, 0.012745, -0.029636, -0.054785, -0.003166, 0.034233, 0.031217, -0.026538, 0.058812, -0.049616, 0.069544, 0.021637, 0.007975, -0.022554, 0.12339, -0.000933, 0.050456, 0.053389, -0.12201, -0.06806, 0.057127, 0.032851, -0.037387, 0.049017, -0.031785, -0.004397, -0.004805, 0.069001, 0.046422, 0.040762, -0.031545, 0.017229, 0.002953, 0.024566, 0.10612, -0.047867, 0.030146, 0.051817, 0.025142, -0.040647, 0.039369, -0.084828, -0.021832, 0.0191, -0.081628, -0.072957, 0.037002, -0.019491, 0.005751, 0.022385, -0.09351, 0.062898, 0.033129, 0.022835, 0.018301, -0.076171, 0.009534, 0.03447, -0.02884, 0.021903, 0.028427, -0.058634, -0.004563, -0.025906, 0.006152, -0.033416, 0.073932, 0.044636, 0.012934, -0.078119, 0.101834, -0.030914, -0.047242, 0.020981, 0.017138, -0.014428, -0.0, -0.035679, -0.017582, 0.042831, 0.020305, 0.092065, -0.079834, -0.036805, 0.09042, -0.026134, -0.002512, 0.03913, -0.014611, -0.00061, 0.022673, 0.086045, -0.008293, -0.034862, 0.036423, -0.088943, -0.020835, 0.080292, 0.068876, -0.007557, -0.094404, -0.018271, -0.02739, -7.7e-05, 0.015052, -0.09201, 0.07431, 0.04686, 0.043411, 0.021712, 0.002664, 0.026505, 0.037546, -0.026181, -0.029278, 0.044267, 0.006949, 0.032909, 0.113744, 0.00348, -0.022285, -0.011921, -0.035822, -0.068144, -0.008841, 0.007558, -0.072889, 0.02193, 0.012168, 0.013484, 0.082486, 0.078002, 0.028175, -0.059222, -0.029224, -0.112429, -0.020928, 0.010069, -0.071728, 0.001122, 0.04046]","[""ART0079"", ""ART0135"", ""ART0742""]"
ART0692,Cohere Unveils Next-Generation Platform,Cohere,2024-06-10,AI_ML,105000000,Regulatory concerns focus on data privacy and market competition issues.,https://technews.example.com/articles/692,,,,,,,,,"[-0.022597, -0.007498, -0.015151, -0.04449, 0.074342, 0.040639, -0.007537, -0.019662, 0.006923, -0.003234, 0.027071, 0.057944, 0.031808, -0.057575, 0.067015, -0.011861, 0.012343, -0.059879, -0.074948, -0.001738, 0.000392, -0.02145, 0.003044, 0.02225, -0.008318, -0.038672, 0.016697, -0.040928, 0.022276, -0.02896, 0.003724, 0.005194, -0.003217, 0.086153, -0.013086, -0.116571, -0.011548, -0.052567, -0.096223, -0.008597, -0.019102, -0.116144, -0.155985, 0.073847, -0.00741, 0.055154, 0.052912, -0.019523, -0.021007, -0.01996, -0.061395, -0.058676, 0.043161, -0.051397, -0.07283, -0.093776, -0.017056, -0.02514, 0.014872, 0.049595, 0.023563, -0.058494, -0.02696, 0.09371, 0.027583, 0.071134, -0.020749, 0.0231, 0.025469, -0.063683, -0.024837, -0.052085, -0.023163, 0.058728, 0.010384, -0.000972, -0.036346, 0.054802, 0.086374, 0.024412, 0.050361, -0.055441, 0.030682, 0.037899, -0.03923, -0.035945, -0.050077, -0.005087, -0.034418, -0.040771, -0.001102, -0.019664, 0.067312, 0.096575, -0.043858, 0.023292, -0.00408, -0.005537, 0.045887, -0.004346, -0.026346, 0.066667, -0.057216, 0.07922, -0.048814, 0.0182, 0.055183, -0.044496, 0.057632, 0.09405, -0.041106, -0.035835, -0.03117, -0.02765, 0.034876, -0.02615, -0.097547, 0.06578, 0.080059, 0.001161, -0.041356, 0.025941, -0.057346, -0.043278, -0.001488, 0.033713, -0.09778, -0.0, -0.056984, 0.012303, 0.001536, -0.011643, -0.054027, 0.017862, -0.016942, 0.043691, -0.133634, 0.103814, 0.006861, 0.02331, 0.006354, 0.004128, 0.111381, -0.016448, -0.027843, 0.063635, 0.078488, 0.046949, 0.0813, -0.023043, -0.008095, 0.032841, 0.061198, -0.043179, -0.027407, -0.059882, 0.125554, 0.030334, -0.087944, -0.022783, 0.102557, 0.062829, 0.038147, 0.056881, -0.013515, -0.071837, -0.01445, 0.063171, 0.020372, -0.004306, -0.033998, -0.033155, -0.032924, 0.013647, -0.039248, -0.023331, 0.001017, 0.007142, -0.025548, 0.114263, -0.048804, -0.011274, -0.005415, -0.012456, -0.044519, -0.043533, -0.001817, -0.011567, -0.074095, 0.03122, 0.028432, -0.048883, -0.038302, 0.037052, 0.033133, -0.048329, 0.005054, -0.018353, 0.03084, -0.022, -0.023068, 0.004921, 0.036512, -0.021706, -0.037592, 0.042375, 0.021863, -0.024371, 0.045602, 0.001604, 0.005092, 0.069889, -0.0629, -0.047378, 0.014293, 0.033198, -0.0116, 0.056108, -0.031323, 0.016383, -0.041798, 0.091559, -0.005135, -0.0, -0.097014, -0.001079, -0.082909, -0.026318, 0.001029, 0.023617, 0.017333, -0.027571, 0.089507, 0.010753, -0.009955, -0.042457, 0.103412, -0.07055, -0.020998, 0.046886, -0.042679, -0.000276, -0.053333, -0.017721, -0.007774, 0.022367, -0.027928, 0.044131, 0.091687, -0.042037, -0.073765, -0.054227, 0.156442, 0.008825, -0.051369, -0.040059, 0.000336, -0.046773, -0.056745, -0.027148, 0.045349, 0.05385, 0.007273, -0.030526, 0.002398, 0.000846, -0.09396, 0.023664, -0.030603, 0.018204, -0.027969, 0.055338, 0.092072, -0.013783, 0.03885, 0.077157, 0.076231, -0.033017, -0.046526, 0.062169, 0.100507, 0.041066, -0.039874, 0.094351, 0.074838, 0.049192, -0.042524, 0.057117, 0.068407, -0.039621, -0.006666, 0.024157, -0.027453, -0.014965, -0.007735, -0.135436, -0.07751, -0.010786, -0.00758, 0.027469, -0.025235, -0.011929, -0.068828, 0.149644, 0.090015, 0.048416, 0.060494, -0.018431, 0.063978, -0.034026, 0.04776, -0.125313, -0.079364, -0.04784, -0.087061, -0.060159, -0.158901, 0.023576, 0.030721, -0.0, 0.056463, -0.068652, 0.048467, 0.04277, 0.01584, 0.010492, 0.011097, 0.026662, -0.077486, 0.029404, 0.064683, -0.027905, -0.04908, 0.021017, 0.055455, 0.04878, 0.011936, -0.027787, 0.039105, 0.06106, -0.002476, 0.020218, -0.079292, -0.064555, 0.010975, 0.057977, 0.062114, 0.03777, 0.038988, 0.068362, -0.015198, -0.05446, 0.049015, 0.004852, -0.098602, -0.035098, -0.036103, 0.054066, -0.040492, -0.005326, -0.036507, 0.04459, 0.03273, 0.024177, -0.036276, 0.015744, -0.005268, -0.043615, 0.067924, 0.033728, -0.0055, -0.06703, 0.075577, 0.034234, 0.105361, 0.003035, -0.015422, -0.007845, 0.000418, 0.019045, 0.082057, -0.01237, 0.0226, -0.021688]","[""ART0232"", ""ART0252"", ""ART0604""]"
ART0694,Facebook AI Research Achieves Profitability Milestone,Meta AI,2024-08-11,AI_ML,1830000000,Financial results exceed analyst expectations across all key metrics.,https://technews.example.com/articles/694,Data Analytics,2001,"Seattle, WA",20240,True,,23,Medium,"[-0.026922, 0.000836, -0.088232, 0.02674, 0.017232, -0.024523, -0.031028, 0.04675, 0.032573, -0.004798, -0.082077, 0.02042, 0.007078, -0.02174, 0.012351, -0.001396, 0.01454, -0.042149, -0.09962, -0.029912, -0.042631, -0.035535, 0.080448, 0.007549, 0.019584, -0.050177, -0.055518, -0.048895, 0.036434, 0.019028, 0.035544, -0.010639, 0.081316, 0.032983, -0.016561, 0.015841, -0.071278, 0.016826, 0.074393, -0.005533, 0.000665, -0.012224, 0.020777, 0.005288, 0.03535, -0.019416, -0.003412, -0.02725, 0.014021, 0.071088, -0.210731, -0.022884, 0.001968, -0.029703, -0.037492, -0.001693, -0.011787, 0.001132, 0.025685, 0.002914, 0.018894, -0.008122, 0.093924, 0.001745, 0.109318, 0.030571, -0.096021, 0.027027, -0.136044, 0.042764, 0.065096, 0.005773, -0.095374, 0.073544, 0.083927, 0.021468, -0.023424, 0.035179, 0.045716, -0.003916, -0.004182, -0.069647, 0.039578, 0.035748, -0.036393, -0.041824, 0.027412, -0.054344, 0.050266, 0.075723, -0.038528, 0.00196, -0.044598, 0.015724, 0.009325, 0.022621, -0.088106, -0.102766, -0.029028, 0.04261, -0.014879, 0.024987, 0.03502, -0.021254, -0.020067, -0.006497, 0.063042, 0.008352, 0.048845, 0.047399, 0.022121, 0.064241, 0.02698, -0.057686, 0.059987, -0.02752, -0.078138, 0.067395, 0.154544, 0.092401, 0.019957, 0.109677, 0.050356, 0.023304, -0.068967, -0.000715, -0.04006, 0.0, -0.067963, -0.014726, 0.074024, -0.003043, -0.043573, 0.019829, -0.065378, -0.048464, -0.051298, -0.016572, -0.043144, 0.071149, 0.006869, 0.00673, 0.056634, -0.000971, 0.031152, 0.031701, -0.009252, -0.019304, 0.147824, -0.195972, -0.010993, 0.002586, 0.042969, 0.010374, -0.002987, 0.024656, -0.000682, -0.000718, -0.052787, 0.098187, -0.062774, -0.024734, -0.037537, 0.003199, -0.002332, 0.006162, -0.00303, 0.077565, -0.084139, 0.039073, 0.008858, -0.048491, -0.054597, 0.061106, -0.000205, -0.076616, 0.015237, -0.019443, -0.078555, -0.020902, 0.022565, 0.001416, 0.015731, 0.009644, 0.019749, -0.029223, -0.031194, -0.067153, -0.012709, -0.005589, -0.024541, -0.013019, -0.117365, 0.154328, 0.019364, 0.039669, 0.049127, 0.027399, 0.060385, 0.026012, 0.002744, -0.065252, -0.06961, -0.008161, -0.020677, -0.072571, 0.054499, 0.043106, 0.032687, 0.013981, 0.014467, -0.024733, 0.021576, -0.018957, 0.002975, -0.02099, 0.011664, 0.017765, -1.1e-05, 0.047927, -0.01494, 0.06341, -0.083814, -0.0, -0.101755, 0.015678, 0.047459, -0.000337, 0.058273, -0.036204, -0.00713, -0.064527, 0.043405, 0.079289, -0.020001, -0.065503, -0.055597, 0.008201, -0.009605, -0.044316, 0.046076, -0.064386, -0.021886, -0.057402, 0.032087, 0.074666, -0.072796, 0.021113, 0.090085, 0.034434, -0.000938, 0.057011, -0.002975, -0.038736, 0.028659, -0.012785, -0.060766, 0.031874, -0.003764, 0.063305, 0.020672, -0.076636, -0.009743, -0.042578, 0.060002, -0.039589, -0.069309, -0.013267, -0.004138, 0.045799, 0.015909, -0.003189, -0.001056, -0.009836, 0.031965, 0.006085, -0.012235, 0.011505, -0.141967, -0.012483, 0.034104, 0.038327, -0.026294, 0.027079, -0.039369, 0.038774, -0.014666, 0.099604, -0.071015, -0.043417, 0.039889, 0.038824, 0.020149, -0.03452, 0.048919, 0.003945, 0.009947, 0.070069, -0.031818, 0.154716, -0.005173, -0.006566, 0.008839, 0.000222, 0.025333, 0.013609, 0.055981, -0.037338, 0.031732, 0.022661, -0.053084, 0.005177, -0.070742, 0.014241, -0.014616, -0.090925, -0.071707, 0.035703, -0.035246, -0.0, -0.059583, -0.020706, 0.044215, 0.024686, 0.041125, 0.01248, -0.029816, 0.00736, -0.004636, -0.012622, -0.049049, -0.040711, -0.057866, 0.080523, 0.012079, -0.060343, 0.024745, -0.033698, 0.03691, 0.0184, 0.058108, 0.009567, -0.062445, -0.123989, 0.018624, -0.100494, -0.075289, 0.06414, -0.082945, 0.051289, -0.008792, 0.014162, 0.066186, -0.038915, 0.085342, -0.011736, 0.039722, -0.019345, -0.071501, 0.022851, 0.037601, 0.064982, 0.083999, -0.014143, -0.025953, 0.043584, -0.04102, 0.01028, 0.08559, -0.060907, 0.08281, -0.015977, -0.016703, 0.037816, 0.06986, -0.022459, -0.014794, 0.05345, -0.03422, 0.046063, 0.124947, -0.10651, -0.037245, -0.009501]","[""ART0543"", ""ART0417"", ""ART0517""]"
ART0695,Microsoft CEO Discusses Future of AI,Microsoft,2023-10-18,AI_ML,78000000000,Platform improvements deliver enhanced performance and new capabilities.,https://technews.example.com/articles/695,Data Analytics,2018,"Austin, TX",48646,False,,5,Large,"[-0.000889, -0.036015, 0.047649, -0.031657, 0.066582, -0.022957, -0.026425, -0.000481, -0.007589, 0.015653, -0.07433, 0.06402, -0.040586, 0.029449, 0.039555, 0.119289, 0.043312, 0.008401, -0.079028, -0.038183, -0.00921, -0.050909, -0.031237, -0.008392, 0.004154, 0.038192, -0.071224, -0.047528, -0.016073, 0.049533, 0.019438, -0.062968, 0.070905, 0.031399, -0.063388, 0.0128, 0.018616, 0.019954, 0.00425, -0.112093, -0.000411, -0.047069, -0.046957, 0.023989, 0.073043, 0.098742, -0.03784, -0.086937, -0.024016, 0.059077, -0.143515, -0.162472, 0.054298, -0.111638, 0.001873, 0.056435, 0.026331, -0.001559, 0.016099, -0.09097, 0.014229, -0.083127, 0.051777, 0.078046, 0.10434, 0.028735, 0.002676, -0.033791, -0.047205, -0.057265, 0.012017, 0.009174, 0.04743, -0.038674, -0.035602, 0.073931, -0.008476, 0.077088, 0.083157, -0.039081, 0.052163, 0.043987, -0.037731, 0.058847, -0.057248, 0.032023, -0.057301, -0.061731, -0.063698, 0.001302, 0.014267, -0.060078, -0.001849, 0.005727, -0.010752, 0.039164, -0.06395, -0.105038, -0.054474, 0.02596, -0.022575, 0.049666, -0.01045, -0.064537, 0.017507, -0.006682, 0.128125, 0.005976, 0.020563, -0.041425, 0.021378, 0.009636, -0.0263, -0.084744, 0.026764, -0.002203, -0.055049, 0.083324, 0.072823, -0.048414, 0.031574, -0.001668, -0.009155, -0.013855, 0.002151, 0.042983, -0.073486, -0.0, -0.043857, 0.038954, 0.05076, 0.048234, 0.07294, -0.050053, 0.059542, -0.010366, 0.01341, -0.066951, -0.07425, -0.00929, 0.005183, 0.013001, 0.074616, -0.108621, 0.036862, 0.051574, -0.002306, -0.018109, 0.06292, -0.049007, -0.012772, -0.046763, 0.059981, -0.03108, 0.040802, -0.03275, 0.11276, 0.014128, -0.129716, 0.087931, -0.081323, 0.024945, 0.017526, 0.023482, -0.041756, -0.060002, 0.039639, 0.101036, -0.029357, 0.018668, -0.016719, 0.006355, -0.021098, -0.02922, 0.021009, -0.033258, 0.066203, -0.041689, -0.037717, 0.031033, 0.012487, -0.038995, 0.065198, -0.032379, 0.010249, -0.007888, 0.008966, 0.044915, -0.010863, -0.024319, -0.073925, 0.06823, -0.023608, 0.030063, 0.093257, 0.031827, 0.047793, 0.053677, 0.069104, -0.033361, 0.011689, 0.025895, -0.098419, -0.034089, -0.033487, -0.062459, -0.002282, -0.015029, -0.027226, 0.052625, -0.004468, -0.031368, 0.060124, -0.013083, 0.006534, 0.01343, 0.048345, 0.037812, -0.063206, -0.040858, -0.00122, 0.112793, -0.079325, 0.0, -0.021763, -0.002913, -0.028034, 0.01179, -0.029963, -0.025932, -0.022876, -0.033848, 0.043924, 0.022731, 0.00998, 0.034598, 0.047054, 0.040077, -0.004341, 0.042152, -0.024866, -0.058824, 0.039081, -0.024588, 0.053906, 0.078592, -0.028328, 0.041445, 0.031669, -0.005455, -0.030394, 0.040056, 0.01942, -0.044548, -0.051949, -0.033952, -0.022191, 0.01386, 0.132257, 0.055412, 0.041171, -0.13487, -0.039978, 0.068596, 0.056431, -0.07255, -0.01148, 0.004666, 0.011094, 0.065217, -0.084139, 0.032291, 0.019251, 0.030594, 0.049363, -0.018032, -0.031466, -0.017931, -0.06475, 0.0081, -0.021217, 0.021947, 0.012913, 0.021546, -0.045433, -0.012205, 0.025526, -0.045632, 0.006269, 0.135492, 0.00905, 0.008142, -0.053694, -0.034599, -0.041443, -0.094415, -0.129717, 0.005507, -0.0675, 0.029761, 0.002277, -0.077559, -0.013602, 0.014859, -0.002397, -0.011466, 0.056249, 0.009985, 0.04722, 0.033633, 0.009678, -0.049056, -0.083042, -0.018831, -0.06761, -0.028682, -0.047798, 0.094125, -0.034809, -0.0, 0.002427, 0.007271, 0.054289, -0.006434, 0.079063, 0.015892, -0.071059, 0.023798, -0.012691, -0.012041, 0.01147, -0.055437, -0.023542, 0.021, 0.137583, 0.06338, -0.038002, 0.009137, 0.013073, -0.031245, 0.077349, 0.071747, 0.035208, -0.063114, -0.042575, -0.068122, 0.032075, 0.031233, -0.056761, 0.07307, -0.020188, -0.000863, 0.036801, 0.052664, 0.063673, 0.008303, 0.021326, 0.036615, 0.047174, -0.004773, -0.040378, 0.055249, 0.008594, 0.022519, -0.013582, -0.046911, -0.08866, -0.030084, -0.019403, -0.048695, 0.009493, 0.050323, 0.023224, 0.119458, 0.100357, 0.003085, 0.062419, -0.093632, 0.021179, 0.096333, 0.048827, -0.030805, 0.066529, -0.013419]","[""ART0435"", ""ART0340"", ""ART0560""]"
ART0700,Nvidia Releases Open Source Framework,NVIDIA,2024-10-09,DATA_ANALYTICS,62100000000,The company demonstrated significant advances in model performance and efficiency.,https://technews.example.com/articles/700,AI/ML,2017,"London, UK",22031,False,,7,Medium,"[0.014326, -0.025805, -0.05169, -0.001014, 0.123969, -0.015426, -0.085795, 0.042135, 0.01608, -0.017088, -0.044599, 0.057438, -0.031768, -0.044783, 0.048105, 0.026642, 0.050625, -0.009644, -0.025264, -0.028545, -0.035143, -0.015328, 0.042083, 0.007822, 0.028603, -0.012956, -0.057588, -0.036837, 0.042769, -0.036347, -0.01449, 0.034763, 0.083718, -0.02847, -0.014386, -0.020437, 0.050224, -0.061397, -0.116303, -0.051351, -0.032613, 0.004131, 0.004918, 0.058461, 0.05891, -0.035472, 0.004992, -0.034944, 0.0146, -0.093152, -0.041534, -0.099775, -0.016366, -0.060418, 0.002015, 0.062356, -0.061624, -0.136401, -0.00762, -0.014103, 0.097517, -0.054561, -0.065143, 0.090695, 0.074093, 0.021175, 0.039089, -0.036567, 0.029425, -0.090841, -0.073623, 0.031541, 0.042779, -0.049273, -0.021863, -0.028719, 0.042159, 0.018751, 0.11615, 0.038528, 0.044261, 0.066401, 0.022078, 0.002707, 0.014886, -0.003078, 0.09625, 0.022918, 0.010374, -0.069366, -0.021581, 0.039778, 0.060903, 0.01942, -0.086713, -0.029053, 0.022435, -0.056093, -0.015255, 0.061794, -0.03509, -0.037216, 0.069804, 0.041638, -0.008683, 0.052262, 0.059098, 0.087326, -0.014296, 0.073742, 0.02252, 0.030182, -0.040996, -0.036073, -0.020077, 0.011955, -0.106373, -0.013047, 0.045278, 0.032124, -0.034902, -0.014565, -0.005592, -0.05474, -0.010589, 0.05441, -0.021881, -0.0, 0.022001, 0.035108, 0.052082, -0.024497, 0.070068, 0.050588, 0.039208, 0.037926, -0.001104, 0.022753, -0.023563, 0.062723, -0.01734, 0.085558, 0.072988, -0.099663, -0.076881, 0.117648, 0.07364, 0.078195, 0.06994, -0.018174, -0.017528, 0.017291, 0.003397, 0.002414, -0.034342, 0.028405, 0.005837, 0.023072, 0.03078, 0.02838, -0.044165, -0.035515, 0.001813, -0.023173, -0.038319, -0.060293, 0.063951, 0.038684, -0.043681, 0.096621, 0.020083, -0.101706, -0.076044, -0.007709, -0.027928, -0.025934, -0.010061, 0.002912, -0.039117, 0.046353, -0.039987, 0.028118, 0.041081, 0.022361, 0.000483, -0.003665, 0.046518, 0.090905, -0.141106, -0.01485, -0.053003, -0.083075, 0.008185, -0.008461, 0.030228, -0.020205, -0.043417, 0.035928, -0.029686, 0.002552, -0.039633, -0.03882, 0.078769, -0.040224, -0.064946, 0.020576, -0.0071, -0.036214, -0.091422, 0.088604, 0.016971, 0.006977, -0.001684, 0.039128, -0.015987, 0.045603, -0.055346, -0.0396, -0.05195, 0.011426, 0.059871, -0.005388, 0.033346, 0.0, 0.07283, -0.012048, 0.007908, 0.015249, 0.065383, -0.009311, -0.075846, 0.018041, -0.007916, 0.009029, 0.083102, 0.060076, 0.068732, 0.052197, 0.013975, -0.080564, -0.041779, -0.115471, -0.058101, -0.102961, -0.039112, -0.026359, -0.027689, -0.085708, 0.046158, -0.009102, 0.002638, -0.047145, 0.011385, -0.033773, -0.056753, 0.029153, -0.0602, 0.034699, 0.098255, 0.034432, -0.006053, -0.00956, -0.018398, -0.016052, 0.051599, 0.045551, 0.016866, -0.015219, 0.006968, 0.059169, -0.081321, 0.004225, 0.021078, -0.045396, -0.016814, 0.022982, -0.021787, -0.046925, -0.048941, -0.036171, 0.06577, 0.044829, 0.033954, -0.013829, -0.026228, 0.053158, -0.062441, -0.013302, 0.033104, -0.019504, -0.050456, 0.043006, 0.043171, 0.002801, -0.058623, -0.046437, 0.003733, 0.024824, -0.123421, -0.000445, 0.015789, -0.068829, 0.032958, 0.041431, 0.081352, -0.124476, 0.145446, 0.053067, -0.002436, -0.028536, 0.099885, -0.133907, 0.039556, 0.049547, -0.074569, 0.066147, -0.051292, 0.135301, 0.033887, -0.0, 0.027197, -0.021165, 0.014087, 0.054236, -0.028991, 0.013452, 0.006327, 0.021874, 0.008544, 0.026299, 0.040923, -0.027849, -0.069659, 0.050349, 0.002529, 0.099294, 0.025184, 0.066241, -0.02206, -0.028017, -0.025712, 0.048542, 0.050987, -0.037345, -0.043721, -0.057155, 0.090952, -0.003337, 0.055758, -0.052768, -0.006378, 0.047079, 0.055979, 0.015916, 0.034508, 0.030859, 0.004387, 0.020056, 0.125745, 0.01102, 0.003898, 0.051687, -0.015183, -0.052365, -0.036258, 0.004363, -0.020692, -0.090465, -0.050668, 0.025243, -0.030979, 0.064115, -0.060107, 0.041514, -0.058592, 0.030407, -0.033522, -0.04389, 0.012867, -0.029719, -0.022024, -0.112912, 0.119097, 0.047595]","[""ART0115"", ""ART0236"", ""ART0745""]"
ART0701,Anthropic Faces Regulatory Scrutiny,Anthropic,2024-02-26,AI_ML,602000000,Community contribution aims to accelerate innovation and adoption.,https://technews.example.com/articles/701,FinTech,2006,"San Francisco, CA",43747,False,,18,Large,"[0.070403, 0.012306, -0.079369, 0.021955, 0.09192, 0.053453, 0.048502, -0.037713, -0.068973, 0.027123, 0.057205, -0.025502, -0.105167, 0.032315, 0.052738, 0.024149, 0.012367, -0.08322, -0.028028, 0.027501, 0.016991, 0.007671, 0.061968, 0.031827, -0.072163, 0.030589, -0.060308, 0.004246, 0.05721, 0.003237, -0.011755, 0.078092, 0.122606, 0.001621, 0.042082, -0.022519, 0.01137, -0.009241, 0.016033, -0.019563, 0.013569, -0.112673, -0.077839, -0.051761, -0.021637, 0.02526, 0.06526, -0.046108, -0.043641, 0.020514, -0.019105, -0.034974, 0.038345, -0.072127, -0.043498, -0.083539, -0.013315, -0.07225, -0.001227, -0.040882, 0.032347, 0.005609, -0.051556, 0.08943, 0.054982, 0.024021, -0.077318, -0.02083, 0.014688, -0.045504, -0.002252, -0.065508, 0.016772, 0.064668, 0.022017, 0.014804, 0.051937, -0.001156, 0.128486, -0.008171, 0.068736, 0.012605, 0.019276, 0.037203, -0.044316, 0.018276, -0.066902, 0.003445, -0.051539, -0.019978, -0.048747, -0.007995, 0.049323, -0.066268, -0.011303, 0.080536, -0.030414, -0.050904, 0.008066, 0.045708, -0.032806, -0.016733, -0.063887, -0.016718, -0.037796, -0.076979, -0.061826, 0.01166, 0.116028, 0.08087, -0.062891, -0.05083, 0.03667, 0.049662, 0.062859, -0.015456, 0.050478, 0.044853, 0.097683, -0.017857, 0.015325, -0.047542, 0.004971, -0.04031, 0.119755, -0.032219, -0.126283, -0.0, -0.029964, 0.078097, 0.034834, 0.038316, -0.035909, -0.036854, 0.01335, -0.011348, -0.048676, 0.013844, 0.021254, -0.004164, 0.047625, 0.081203, -0.013326, 0.027741, -0.106698, 0.031996, 0.021327, 0.057647, -0.002959, -0.058425, 0.025205, 0.056689, -0.059486, -0.083852, -0.022447, 0.00201, 0.050135, 0.054584, 0.036736, 0.024101, 0.012609, -0.090581, 0.006818, -0.025859, 0.067948, -0.083546, -0.014293, -0.005071, -0.026131, -0.001485, 0.001747, -0.008336, 0.072951, 0.093465, -0.009426, 0.0014, -0.023247, 0.060817, -0.047382, 0.085719, 0.054889, 0.008307, 0.008717, -0.097347, -0.046513, -0.005732, -0.027638, -0.040162, -0.036454, 0.028968, -0.045621, 0.072023, 0.017123, 0.034244, 0.079144, -0.010409, 0.057733, 0.062224, 0.044827, -0.056916, -0.060203, 0.027534, -0.037305, -0.012833, -0.119994, 0.087507, 0.07916, -0.012137, 0.003363, 0.07648, 0.02484, 0.023421, 0.058826, -0.060588, -0.007311, 0.0272, 0.032846, -0.055186, 0.048353, -0.005396, -0.014458, 0.131063, 0.002705, 0.0, -0.040429, -0.030308, -0.016465, -0.002069, 0.034042, -0.04522, -0.053572, -0.131298, 0.100165, 0.073253, 0.03117, -0.048571, 0.076356, 0.028766, 0.034881, -0.016169, -0.02736, 0.000129, 0.030942, 0.012331, 0.092965, -0.039757, 0.002661, 0.052128, 0.050525, -0.022905, -0.047427, -0.039443, 0.039678, -0.059662, -0.08391, 0.10345, -0.051805, -0.049917, 0.081973, 0.037802, -0.075507, -0.002644, 0.027557, -0.058541, 0.043737, 0.007469, -0.02688, -0.003906, -0.011965, -0.003521, 0.056379, -0.029503, 0.000187, 0.021676, 0.050695, -0.022632, 0.04843, -0.117033, 0.013706, 0.065303, 0.071988, -0.022862, 0.008639, 0.045751, 0.055938, 0.056844, -0.057116, 0.086821, -0.031286, -0.016354, 0.084409, -0.007664, -0.010925, -0.043892, -0.007526, -0.094755, -0.088461, -0.061203, -0.098485, 0.003708, 0.059514, 0.003914, -0.043315, 0.021665, -0.050891, -0.061839, 0.076944, -0.00828, 0.069774, 0.025312, -0.112021, -0.013568, -0.05566, 0.036785, -0.052887, 0.020485, -0.078721, -0.041665, -0.022987, -0.0, 0.02315, -0.024017, 0.006628, 0.034299, 0.027187, 0.091861, -0.056453, 0.036045, -0.041916, 0.084278, 0.000566, 0.050733, 0.046468, 0.088826, 0.025198, -0.033112, 0.029596, 0.074507, -0.061769, -0.016742, 0.041552, -0.000709, 0.009969, -0.04355, -0.023891, -0.076405, -0.03257, -0.004714, -0.003149, -0.041249, -0.002375, 0.016217, -0.038197, 0.025711, -0.010089, -0.099603, -0.027179, -0.010245, 0.000196, -0.042485, -0.039442, 0.062348, 0.016569, 0.014485, -0.078055, 0.008361, -0.059965, 0.00174, -0.081567, -0.049736, 0.02181, -0.095887, 0.02508, -0.049553, 0.007036, 0.000699, -0.028841, 0.042983, -0.001525, 0.036078, 0.123096, 0.041887, 0.018616, -0.069666]","[""ART0426"", ""ART0314"", ""ART0468""]"
ART0708,NVIDIA Corporation CEO Discusses Future of AI,NVIDIA,2023-08-05,SECURITY,40500000000,Major partnership validates technology and opens new revenue opportunities.,https://technews.example.com/articles/708,AI/ML,2017,"London, UK",22031,False,,6,Medium,"[-0.069336, -0.011638, 0.012979, -0.029499, 0.009165, 0.003471, -0.025897, 0.03313, 0.04956, -0.045051, -0.087492, 0.039529, -0.049291, 0.028722, -0.03428, 0.090391, 0.0387, -0.033008, -0.037582, -0.063467, -0.020416, -0.062967, -0.008719, -0.058634, -0.028944, 0.047858, 0.020337, -0.060691, -0.043682, -0.013511, 0.049133, -0.025692, 0.079943, 0.014709, -0.067983, 0.036658, -0.042778, -0.017771, 0.021687, -0.105717, 0.044858, -0.095565, -0.025777, -0.006262, 0.077956, 0.016226, -0.012112, -0.050754, 0.023094, -0.008357, -0.122395, -0.106542, 0.045921, -0.074973, -0.007289, 0.102825, -0.030532, -0.126622, 0.03082, -0.034486, 0.09131, -0.079189, 0.02953, 0.082973, 0.087131, 0.016649, 0.022314, 0.013907, -0.118243, -0.018647, 0.048817, 0.006141, 0.008494, -0.04697, -0.030293, 0.055007, -0.015291, 0.042272, 0.135347, -0.098177, 0.053412, 0.090141, 0.02968, 0.033594, -0.049626, 0.042639, 0.01745, -0.032306, -0.006611, -0.057279, -0.045299, -0.070606, 0.015541, 0.003617, -0.036025, 0.068409, -0.057342, -0.106752, -0.028139, 0.010529, -0.023319, 0.014362, 0.025415, 0.008031, -0.028404, 0.038854, 0.038317, 0.010075, 0.050879, 0.04736, -0.034949, 0.025887, -0.051614, -0.008449, -0.00565, 0.047513, -0.070705, 0.064101, 0.066604, -0.043609, -0.050777, -0.014333, -0.015249, 0.013746, 0.048535, 0.017438, -0.060004, -0.0, -0.043612, 0.009986, 0.044381, 0.035217, 0.047541, 0.060108, 0.050118, 0.02056, 0.010898, -0.057409, -0.08381, 0.039768, 0.006495, 0.05339, -0.021026, -0.087933, -0.024127, 0.073238, 0.026871, -0.010871, 0.09554, 0.019719, -0.005572, 0.022213, 0.017382, -0.021666, -0.032675, -0.024408, 0.094061, 0.023419, -0.054375, 0.051757, -0.058245, -0.062329, 0.038678, 0.091658, -0.077876, -0.011843, -0.015076, 0.110348, 0.013019, 0.088486, -0.079938, -0.059645, -0.116638, -0.023837, 0.028198, -0.047809, 0.0162, -0.032337, -0.076219, 0.016202, -0.024117, -0.085736, 0.128826, -0.014722, -0.023552, -0.006757, 0.007598, -0.019131, -0.077436, -0.034712, -0.106275, 0.015889, -0.034877, 0.11613, 0.110318, 0.053632, 0.037182, 0.029358, 0.030201, 0.031313, -0.054597, -0.032344, -0.057896, 0.012337, -0.079405, -0.011141, 0.009589, 0.016426, -0.025979, 0.006186, 0.044994, 0.006731, 0.066374, 0.00921, 0.018766, 0.060054, -0.032812, 0.023805, -0.069643, 0.022718, 0.048627, 0.102903, 0.017016, -0.0, 0.014825, 0.028559, 0.006656, -0.000988, 0.062018, -0.023445, -0.031201, -0.026541, 0.039828, 0.037592, 0.040241, 0.088288, 0.044096, 0.029771, -0.033766, -0.060527, -0.016112, -0.072089, -0.016373, -0.096495, 0.031673, 0.045852, -0.084567, -0.014781, 0.01839, 0.052508, 0.0229, 0.021805, -0.023828, 0.00577, -0.043065, -0.020251, -0.053173, 0.076025, 0.11642, 0.047398, 0.046459, -0.093901, -0.001835, 0.006031, 0.082786, 0.002937, 0.033591, -0.029009, -0.024047, 0.027195, -0.044695, 0.037137, 0.008976, -0.003504, -0.004813, -0.00117, -0.045052, 0.018756, -0.056862, 0.053618, 0.053499, 0.082196, 0.01633, 0.010947, -0.017447, 0.006342, 0.045474, -0.028647, -0.025578, 0.050002, 0.021415, 0.057974, 0.060634, -0.057275, 0.02211, -0.083917, -0.097344, -0.004429, -0.122826, 0.016604, 0.010877, -0.087651, 0.036791, 0.018001, 0.045539, -0.042993, 0.073408, 0.028262, 0.032128, 0.041927, 0.050431, -0.092705, 0.02187, -0.020341, -0.076081, -0.051026, -0.065418, 0.046382, -0.064875, -0.0, 0.015819, -0.029392, 0.038294, 0.041569, 0.080264, -0.039869, -0.07888, -0.033004, 0.030561, 0.042546, 0.077305, -0.055043, -0.058102, 0.023535, 0.092736, 0.002501, 0.040282, 0.042557, -0.001491, 0.004413, -0.035221, 0.028532, 0.005719, -0.021104, -0.056258, -0.038916, 0.063066, -0.043726, 0.003306, 0.06036, -0.034304, 0.044837, 0.082299, 0.007768, 0.047381, -0.059466, 0.048247, 0.011512, 0.098398, -0.014288, 0.016616, 0.093854, 0.007453, -0.015991, -0.002586, -0.029862, -0.035524, -0.093869, -0.030531, 0.026134, -0.074664, 0.051277, -0.007416, 0.06266, 0.037926, -0.024201, -0.022159, -0.061247, -0.044798, 0.011325, 0.043336, -0.054629, 0.071684, 0.010845]","[""ART0456"", ""ART0411"", ""ART0583""]"
ART0709,Scale AI Acquires Competitor for Undisclosed Sum,Scale AI,2024-05-25,SECURITY,1026000000,Strategic acquisition strengthens competitive position and technology capabilities.,https://technews.example.com/articles/709,AI/ML,2003,"Berlin, Germany",23379,False,,21,Medium,"[-0.025713, -0.035636, 0.006364, -0.00612, 0.064477, 0.038874, 0.04686, 0.044993, 0.06845, 0.011443, 0.004162, 0.035056, 0.045316, -0.003974, 0.008703, 0.017054, -0.024435, 0.025634, -0.049129, -0.049805, -0.037573, -0.106804, 0.001753, -0.027793, 0.074914, 0.009854, -0.017526, -0.006454, 0.013179, -0.021131, 0.008567, 0.029652, 0.081198, 0.017646, -0.005782, 0.022431, -0.055829, -0.014637, 0.055442, -0.019254, 0.042328, -0.028052, -0.007423, -0.018113, 0.036452, 0.059, -0.038388, 0.035605, -0.012737, 0.004134, -0.076712, 0.003062, -0.065225, -0.036185, -0.029049, 0.050431, 0.002654, -0.068857, -0.006075, -0.000365, 0.028673, -0.027257, 0.049489, 0.013079, 0.067247, -0.045312, -0.046136, 0.005394, -0.053796, -0.038388, 0.158702, -0.029813, 0.0221, 0.05524, 0.044303, 0.034868, 0.018496, 0.026404, 0.090591, 0.058145, -0.037907, 0.014045, -0.05701, 0.046644, -0.056821, -0.009555, 0.04019, -0.07389, 0.0513, -0.006339, 0.010401, -0.058241, -0.021409, 0.038716, 0.069787, -0.018066, -0.119115, -0.012365, 0.016299, 0.016536, 0.057156, 0.028072, 0.027166, -0.030908, -0.049594, 0.020365, 0.019561, -0.056324, 0.084994, 0.003394, -0.012692, 0.008195, -0.015935, 0.036302, 0.055099, 0.049913, -0.035317, 0.094783, 0.02895, -0.087796, 0.034551, -0.0641, -0.029385, 0.029647, -0.070598, 0.037753, -0.109948, -0.0, -0.08458, -0.044958, 0.007694, 0.042799, -0.019603, -0.050015, 0.021834, -0.018633, -0.09437, 0.011538, -0.151204, 0.100387, -0.035156, 0.080526, 0.086298, -0.045046, 0.049328, 0.082363, 0.092215, -0.025164, 0.067238, -0.041569, 0.006655, 0.054846, 0.048329, -0.095112, -0.034434, -0.029497, -0.057106, -0.000948, -0.036229, -0.013667, -0.026699, -0.002468, 0.016672, 0.026955, -0.067148, -0.078564, 0.001041, 0.098385, 0.025345, 0.034037, -0.079933, -0.011952, -0.022213, -0.016449, -0.013638, -0.0152, -0.053026, -0.061809, -0.049125, 0.020366, 0.049843, -0.150763, 0.085586, -0.006609, -0.038901, -0.006658, 0.013286, 0.018179, -0.056706, -0.004791, -0.040619, 0.152167, 0.000649, 0.093986, 0.065946, 0.002873, 0.007119, 0.021791, 0.047637, -0.005078, 0.007873, 0.004987, -0.036111, -0.070245, -0.014322, -0.042069, 0.094563, -0.000792, -0.076704, 0.007237, 0.044621, 0.019516, -0.03875, -0.026094, 0.018921, -0.080483, 0.056117, 0.078692, -0.069792, -0.017391, -0.102909, 0.095477, -0.005704, 0.0, -0.038681, -0.009722, -0.060666, -0.055806, -0.039111, 0.008057, -0.03765, 0.034047, -0.049567, 0.010255, -0.044851, 0.020389, -0.021097, -0.009917, 0.017918, -0.04699, 0.002396, -0.005844, 0.045139, 0.000104, 0.164087, -0.003938, 0.010741, 0.026908, 0.070529, -0.042897, -0.088517, -0.019334, -0.043069, 0.029795, 0.036659, -0.051332, 0.015276, 0.099696, 0.037407, 0.066317, 0.067683, -0.1305, 0.025258, -0.015839, -0.041089, -0.043519, 0.028543, -0.058694, 0.004658, -0.014375, 0.105477, 0.000374, 0.031543, -0.029321, 0.030327, 0.026422, -0.023321, -0.062853, -0.138979, 0.041402, 0.026655, 0.04177, -0.007902, -0.029417, 0.03957, -0.056075, -0.028155, -0.015692, -0.072916, 0.04223, 0.080376, 0.050978, -0.036505, -0.122949, -0.009825, -0.043929, 0.04093, 0.012688, -0.093585, 0.003514, -0.05541, -0.02345, -0.011853, 0.017071, 0.013942, -0.015924, 0.057702, 0.035454, 0.022416, 0.0946, 0.00157, -0.014958, -0.051102, 0.049285, -0.03681, -0.082699, -0.043846, -0.019741, -0.084248, -0.0, -0.021568, -0.010635, 0.084758, 0.053132, 0.039517, -0.036941, -0.074806, 0.019352, 0.013741, 0.046616, -0.044025, -0.099085, -0.062221, 0.056953, 0.084983, 0.029645, 0.004461, 0.011946, -0.017835, -0.006396, 0.011727, 0.095974, 0.031298, -0.02511, -0.017231, -0.035658, -0.0685, 0.03748, -0.022793, 0.08706, 0.037599, 0.021321, 0.031968, 0.047763, 0.085867, -0.0007, 0.037585, 0.054409, -0.032546, -0.047278, -0.045086, 0.055406, 0.039351, 0.0398, 0.052487, 0.020004, -0.126665, -0.057986, 0.033429, -0.015595, 0.116708, 0.000558, -0.015931, 0.080678, 0.063995, -0.013637, -0.012405, -0.031199, -0.024525, 0.040902, 0.03993, -0.065874, 0.030112, -0.04325]","[""ART0106"", ""ART0515"", ""ART0333""]"
ART0713,SpaceX Launches New AI-Powered Product,SpaceX,2023-01-23,SECURITY,7000000000,Strategic acquisition strengthens competitive position and technology capabilities.,https://technews.example.com/articles/713,AI/ML,2016,"Berlin, Germany",31018,False,,7,Large,"[0.003256, -0.039715, 0.050429, -0.045709, -0.013851, 0.010129, 0.023653, 0.007978, 0.021261, 0.008253, -0.0421, 0.06388, 0.065735, -0.002367, 0.020832, 0.044186, 0.034895, -0.053836, 0.004255, 0.00423, 0.066182, -0.076927, 0.061349, -0.046938, 0.002926, 0.062672, 0.059392, -0.03054, 0.003187, -0.031375, 0.023076, 0.009695, 0.063603, -0.037325, 0.003755, 0.101451, 0.001861, -0.047696, 0.05692, -0.058423, 0.004391, -0.088303, -0.009559, 0.036257, 0.004785, 0.008014, 0.025367, -0.005964, 0.080932, 0.039712, -0.104975, -0.083793, 0.017356, -0.061608, 0.021367, 0.096646, -0.018175, -0.067242, 0.026636, -0.083256, 0.046791, -0.061329, 0.064518, 0.008, 0.016891, -0.034418, -0.050687, 0.026094, -0.079773, -0.052036, 0.079443, 0.01562, -0.01143, 0.019221, 0.012369, 0.045869, 0.070419, 0.009452, 0.135528, -0.005406, 0.016208, -0.00774, -0.098798, 0.035611, -0.044479, 0.0106, 0.041657, -0.021093, 0.025197, 0.027593, -0.037106, -0.001539, 0.021969, 0.018599, 0.015975, -0.019656, -0.064406, -0.041219, 0.006157, -0.015183, 0.009984, -0.00493, 0.051291, 0.011399, -0.065198, -0.024315, -0.050283, 0.016459, 0.062785, 0.004131, -0.04648, -0.00502, -0.030687, 0.006957, -0.013854, 0.115269, -0.101427, 0.078657, 0.08574, -0.079784, -0.000105, -0.079228, 0.019696, 0.107839, -0.014056, -0.01528, -0.124091, -0.0, -0.107321, -0.042579, 0.022408, 0.083867, -0.038211, -0.057281, 0.035337, 0.021166, -0.105196, 0.023692, -0.126507, 0.080982, -0.015599, 0.129729, 0.117482, -0.081836, 0.020724, -0.009216, 0.06942, -0.008916, 0.028247, -0.04433, 0.025929, 0.013882, 0.053659, -0.043351, 0.006775, 0.003365, -0.028983, 0.001083, -0.127336, -0.026819, -0.020636, -0.021311, -0.020528, 0.035899, -0.052582, -0.059775, -0.033111, 0.120967, -0.043937, 0.034385, -0.073655, -0.040127, -0.045636, 0.019257, -0.03798, -0.084884, -0.026081, 0.015101, -0.035821, 0.04849, 0.024074, -0.060567, 0.08354, -0.057126, -0.043757, 0.046147, 0.024123, 0.030114, -0.078323, 0.024904, 0.005844, 0.128657, 0.028067, 0.126003, 0.10088, 0.003817, -0.023618, 0.094419, 0.002066, -0.01899, 0.011534, -0.082589, 0.054136, -0.027253, -0.064463, -0.062675, 0.072003, -0.044828, -0.025223, 0.010447, 0.032317, 0.072224, 0.020015, -0.029007, -0.025838, -0.022966, 0.002755, 0.062587, -0.055089, -0.091169, -0.079294, 0.101196, -0.050728, 0.0, -0.007901, -0.035684, -0.010914, -0.013619, -0.037055, 0.000487, -0.016965, -0.01514, -0.062136, 0.017712, -0.01025, 0.032275, 0.018923, 0.021678, 0.008595, 0.000301, 0.013036, -0.026158, 0.015264, -0.045085, 0.13886, 0.0412, 0.017219, 0.018464, -0.019765, 0.003205, 0.024216, 0.035615, -0.026294, -0.003975, 0.028299, -0.007931, -0.001576, 0.109713, 0.038989, 0.078412, 0.020881, -0.072854, 0.067423, -0.021053, -0.02427, -0.065948, -0.018424, 0.010854, -0.062924, -0.011649, 0.059698, 0.016687, 0.02508, 0.019029, -0.012676, 0.004848, 0.024929, -0.111273, -0.127042, -0.014359, 0.036878, 0.073756, 0.063919, 0.021921, 0.04958, -0.028337, 0.030481, -0.038985, -0.085628, 0.001043, 0.035774, 0.106989, -0.020139, -0.020021, 0.017923, 0.011476, -0.066084, 0.057518, -0.066806, 0.041339, -0.027446, -0.039315, -0.008424, 0.011598, 0.042564, 0.006177, 0.036002, 0.008628, 0.028673, 0.094984, -0.016763, -0.044665, 2.5e-05, -0.026835, -0.051043, -0.029537, -0.068878, 0.045292, -0.0993, -0.0, -0.072113, -0.024102, 0.100127, 0.042761, 0.042135, 0.024227, -0.068678, 0.007405, 0.052331, -0.091365, 0.000329, -0.049651, -0.018859, 0.059532, 0.033163, 0.013866, 0.010686, 0.048845, 0.006158, -0.024784, -0.001325, 0.051406, 0.082466, -0.002757, -0.036522, -0.072329, -0.009965, -0.017185, 0.024012, 0.04098, 0.029462, -0.019811, 0.006304, 0.045191, 0.048726, 0.01024, -0.016566, 0.050835, 0.001727, -0.02005, -0.062855, 0.070213, -0.030769, 0.007623, -0.103669, 0.027499, -0.107109, -0.146727, 0.038095, -0.008069, 0.06435, -0.007197, -0.047205, 0.006113, 0.01959, 0.068195, -0.038235, -0.007044, 0.000916, 0.016874, 0.019862, -0.066146, 0.030592, 0.01244]","[""ART0074"", ""ART0446"", ""ART0433""]"
ART0717,NVIDIA Acquires Competitor for Undisclosed Sum,NVIDIA,2024-08-13,CLOUD,58500000000,Leadership outlines vision for responsible AI development and deployment.,https://technews.example.com/articles/717,AI/ML,2017,"London, UK",22031,False,,7,Medium,"[-0.077415, 0.00376, 0.000146, -0.009228, 0.040725, 0.004672, -0.009979, -0.004058, 0.058878, 0.005842, -0.058384, -0.022118, 0.022454, -0.000178, -0.04011, 0.001542, 0.042914, -0.032702, -0.048336, -0.042121, -0.034122, -0.033259, 0.013708, -0.019221, -0.005175, 0.042951, 0.006084, -0.014127, 0.020991, -0.04157, 0.038451, -0.029907, 0.089204, 0.031666, -0.006006, 0.02357, -0.033427, -0.030467, -0.029091, -0.063806, 0.004892, -0.027923, -0.053448, 0.037234, 0.055002, 0.009679, -0.004507, -0.03129, -0.001248, -0.033916, -0.052553, -0.085943, -0.020348, -0.030765, -0.049792, 0.051189, -0.014378, -0.148336, 0.037358, -0.01065, 0.106559, -0.045241, 0.038421, 0.068566, 0.045425, -0.017912, 0.000274, -0.002504, -0.024232, -0.063942, 0.130354, 0.015013, -0.009161, -0.024695, -0.018705, 0.037927, 0.038831, 0.016704, 0.133587, -0.025702, 0.062964, 0.058257, 0.022435, 0.121116, -0.002424, 0.020651, 0.094143, -0.02691, 0.06297, -0.047853, -0.081308, -0.053095, 0.08355, 0.041183, -0.042589, 0.03394, -0.037875, -0.055368, -0.027609, 0.025262, -0.018856, -0.049532, 0.024373, -0.035791, -0.024384, 0.059926, 0.025946, -0.017069, 0.029501, 0.025703, -0.010823, -0.002411, -0.066055, 0.062557, 0.05925, 0.083135, -0.129339, 0.096562, 0.038588, -0.041038, 0.015299, -0.04238, 0.002046, 0.008984, 0.019057, 0.042326, -0.097237, -0.0, -0.019981, -0.024994, 0.037083, 0.032844, 0.055084, 0.02929, 0.069593, 0.053896, -0.038265, 0.008705, -0.126628, 0.014806, -0.057828, 0.092535, 0.015968, -0.076449, -0.01084, 0.078265, 0.008464, 0.002583, 0.079419, 0.034217, -0.01701, 0.002241, 0.049988, -0.020455, -0.075139, -0.009549, 0.083068, 0.035585, -0.02528, -0.03475, -0.043365, -0.018896, 0.047617, 0.045142, -0.067911, -0.061502, 0.010768, 0.132698, -0.012418, 0.098675, -0.069715, -0.108019, -0.056182, -0.013548, -0.012534, -0.067711, -0.073295, 0.027527, -0.103538, 0.040809, 0.052401, -0.063891, 0.085023, -0.059608, 0.016082, 0.039254, 0.023162, -0.014195, -0.086277, -0.040895, -0.110247, 0.100883, -0.021389, 0.045066, 0.095418, 0.017769, -0.019937, 0.03409, -0.036506, 0.041388, -0.044418, -0.025415, -0.028448, -0.062981, -0.07659, 0.006534, 0.045634, 0.000701, -0.050212, 0.016256, 0.015161, 0.02435, -0.005578, -0.029994, 0.010984, 0.02849, -0.017178, 0.047917, -0.10601, 0.028007, -0.037864, 0.100604, 0.014323, 0.0, -0.00687, -0.022491, 0.022229, -0.041068, 0.047121, 0.003567, -0.042978, -0.039455, 0.028358, 0.018628, 0.013141, 0.077052, 0.000415, 0.02886, -0.017935, -0.065321, -0.003542, -0.034404, -0.010852, -0.11752, 0.025076, 0.023971, -0.003931, -0.050993, 0.028397, 0.03113, 0.029391, -0.016891, -0.002654, 0.010973, 0.014188, -0.042908, -0.081191, 0.061962, 0.061146, 0.055571, 0.030542, -0.066153, 0.005605, -0.030971, 0.014326, -0.014966, 0.065, -0.008436, -0.016295, 0.014227, 0.007544, -0.025666, 0.029633, -0.026807, -0.072905, -0.011031, -0.026158, 0.024057, -0.099448, 0.025726, 0.099382, 0.108328, 0.070943, -0.037424, 0.052227, -0.014934, -0.044986, -0.038469, -0.053872, 0.031785, 0.002374, 0.041743, 0.041752, -0.030043, -0.014571, -0.05867, -0.077723, -0.016738, -0.149598, -0.030986, -0.038843, -0.071974, 0.033416, -0.007427, 0.077741, -0.10462, 0.102902, 0.010469, 0.022126, 0.063217, 0.07955, -0.071982, 0.017394, 0.047397, -0.060114, -0.032182, -0.080292, 0.033566, -0.087462, -0.0, 0.016503, -0.012591, 0.045093, 0.050079, 0.073456, -0.078732, -0.097443, -0.010748, 0.039338, 0.052486, 0.057505, -0.066207, -0.021293, 0.036611, 0.064304, 0.04907, -0.013612, 0.078099, -0.013354, -0.029436, -0.021178, 0.071738, -0.02649, -0.019983, -0.063462, -0.008167, 0.020024, -0.01274, 0.010902, 0.072633, 0.001273, 0.071033, 0.050583, 0.028139, 0.062266, -0.011351, 0.027112, 0.01649, 0.073349, -0.051897, -0.030133, 0.124848, 0.043277, 0.001531, 0.050696, 0.010653, -0.015136, -0.11369, -0.038246, -0.04453, 0.008454, 0.01158, -0.021389, 0.106089, -0.000649, 0.01887, -0.021417, -0.058541, -0.043777, 0.013882, 0.040715, -0.084249, 0.091492, -0.008725]","[""ART0439"", ""ART0169"", ""ART0649""]"
ART0720,Stripe Partners with Major Enterprise Client,Stripe,2024-07-28,AI_ML,3774000000,The company demonstrated significant advances in model performance and efficiency.,https://technews.example.com/articles/720,Data Analytics,2002,"Seattle, WA",36348,True,STRI,22,Large,"[-0.079054, 0.036704, -0.059067, -0.041124, -0.057617, 0.014753, -0.040869, 0.041091, 0.047411, -0.016419, -0.008396, 0.066741, -0.026533, 0.04858, 0.064699, -0.016097, 0.047994, -0.011317, -0.003484, -0.013166, -0.102669, -0.141683, -0.005874, 0.007742, 0.028514, -0.01647, 0.020905, -0.025366, -0.001009, -0.089564, -0.030877, 0.030529, 0.084554, -0.049115, -0.050584, -0.005296, 0.025588, -0.049854, -0.009623, -0.057738, 0.068422, -0.044068, -0.050079, -0.014027, 0.053053, -0.090508, -0.001879, 0.020884, -0.033662, 0.020297, 0.026416, -0.068583, 0.006778, -0.026983, -0.0309, 0.02169, -0.011474, 0.01392, -0.00985, -0.042563, 0.043756, -0.017456, -0.014455, 0.062412, -0.044695, 0.065402, -0.036348, 0.061367, -0.054849, -0.028705, -0.036715, -0.066918, -0.056647, -0.028535, 0.071738, -0.016171, 0.085983, 0.080312, 0.042876, -0.061801, -0.064766, 0.014369, -0.047204, 0.035871, -0.031289, -0.014919, -0.025204, -0.031814, 0.016635, -0.088197, 0.04908, 0.11853, -0.012717, -0.078587, -0.069754, 0.046271, -0.059405, -0.064256, -0.034628, 0.036011, 0.043917, 0.139875, -0.016346, 0.000828, 0.039247, -0.006404, 0.074927, 0.064755, 0.048498, 0.040323, 0.004427, -0.051882, -0.058227, -0.045348, -0.0105, -0.041161, -0.097488, 0.091672, 0.153673, 0.033503, 0.002481, 0.105902, -0.004095, -0.020593, 0.000174, 0.01413, 0.017605, -0.0, 0.021242, 0.091085, 0.015784, 0.03074, 0.023871, 0.012412, 0.01682, 0.054401, -0.087235, -0.000816, -0.050807, -0.039096, 0.052352, 0.10682, 0.018893, -0.024239, -0.036677, 0.051613, 0.03117, 0.012634, -0.005715, 0.010479, 0.037733, 0.033159, 0.045055, 0.001225, -0.016479, 0.101396, 0.034382, 0.029959, 0.040471, -0.006305, 0.044825, -0.059271, -0.074128, 0.08022, -0.024629, -0.11007, 0.06098, 0.040841, 0.003987, 0.044828, 0.03153, -0.037595, -0.149269, 0.019405, 0.050448, -0.046528, 0.042566, 0.040284, -0.073307, 0.007083, -0.0039, 0.076641, 0.011014, 0.046063, 0.013825, -0.012689, 0.016387, -0.019758, -0.045045, 0.024531, -0.081366, -0.000909, -0.030205, 0.034264, 0.08236, -0.009443, -0.025609, -0.007287, -0.041188, -0.027579, 0.018182, -0.094572, 0.006303, -0.072876, -0.091238, -0.016093, 0.059092, 0.016414, -0.157345, -0.047706, 0.017347, -0.070385, -0.02981, 0.07575, 0.103947, -0.092166, -0.008459, 0.064099, -0.077306, 0.093624, -0.039552, 0.028838, 0.094772, 0.0, 0.008312, 0.032555, 0.06175, 0.038404, 0.051623, -0.077279, -0.010768, -0.06278, 0.004085, 0.044071, 0.041975, 0.039909, -0.02801, -0.014416, 0.020204, 0.004508, -0.01532, -0.050778, 0.114565, -0.070485, 0.005194, -0.003559, 0.040154, 0.010658, -0.005002, 0.007703, -0.030257, -0.076592, 0.032103, -0.033247, -0.038338, 0.006206, -0.004189, 0.023581, -0.005522, 0.084054, -0.002685, 0.06303, 0.030441, -0.130529, 0.027516, -0.040754, -0.040938, -0.001447, -0.008319, -0.028394, -0.018878, 0.054091, -0.045404, 0.029831, -0.051305, 0.054265, -0.014337, 0.044235, -0.056586, -0.005415, 0.069417, 0.058494, -0.015078, 0.031346, -0.009037, 0.031127, 0.037885, 0.027348, 0.072304, 0.046988, 0.045594, 0.020579, 0.05879, -0.022231, -0.037788, 0.003996, -0.055017, 0.006339, -0.057434, -0.047748, -0.019575, -0.138028, -0.032826, -0.002634, -0.033066, 0.014276, 0.03886, 0.054255, -0.082912, -0.039411, 0.031158, -0.0553, -0.029521, 0.045037, -0.090195, 0.014835, -0.041766, 0.068244, -0.027329, -0.0, -0.054049, 0.03547, -0.0048, 0.023873, -0.015874, -0.056682, -0.038046, 0.03298, -0.035071, 0.02065, 0.034318, -0.056535, -0.073725, 0.066487, 0.070845, -0.019969, 0.036606, 0.033509, -0.076737, -0.017085, -0.008029, 0.078926, 0.015242, -0.078094, -0.029784, 0.036377, 0.01144, 0.055624, 0.013136, -0.058417, 0.030989, 0.019949, 0.089352, 0.056471, 0.100808, -0.042726, -0.016117, 0.030224, 0.062331, 0.110254, -0.009887, 0.028158, -0.031902, 0.029162, -0.016668, -0.032301, -0.040723, 0.021972, -0.054746, 0.019925, -0.006936, 0.037805, -0.050572, 0.0196, -0.090994, -0.070725, 0.045533, -0.054106, 0.049586, 0.035842, 0.068052, -0.087263, 0.091442, -0.008745]","[""ART0466"", ""ART0362"", ""ART0152""]"
ART0722,Microsoft Unveils Next-Generation Platform,Microsoft,2024-03-12,AI_ML,79170000000,New product features leverage cutting-edge AI technology to solve customer problems.,https://technews.example.com/articles/722,Data Analytics,2018,"Austin, TX",48646,False,,6,Large,"[-0.066145, -0.008963, 0.059236, -0.003752, 0.082011, -0.017611, 0.011753, -0.030788, -0.052535, -0.016719, -0.029608, -0.023008, 0.012875, 0.015313, 0.067831, 0.075839, 0.032161, -0.063417, -0.073371, -0.005059, 0.014094, 0.011174, -0.099351, -0.000376, 0.019766, 0.039162, 0.023506, -0.062278, 0.012902, 0.019524, 0.084778, 0.002251, 0.058188, 0.070911, -0.017914, -0.02014, -0.025343, -0.007524, -0.016599, -0.075751, -0.007664, -0.037234, -0.073515, 0.024349, 0.124264, 0.04116, -0.059369, 0.008787, 0.025642, 0.105819, -0.154338, -0.102086, 0.032896, -0.029621, -0.010443, 0.027926, 0.040622, 0.039043, -0.016554, 0.002184, 0.051845, -0.106693, 0.065763, 0.0483, 0.042468, 0.086845, -0.09779, -0.052932, -0.062433, -0.049267, 0.005348, 0.070552, -0.007587, 0.055248, -0.041211, 0.040505, 0.044919, 0.02987, 0.102458, 0.014307, -0.020903, -0.022739, -0.021269, 0.062341, -0.017992, -0.028863, -0.036903, -0.042328, -0.028164, 0.004886, 0.01094, -0.01337, 0.077896, 0.011588, 0.054305, -0.019343, -0.026412, -0.083495, -0.035151, 0.022295, -0.068756, 0.042446, 0.01533, -0.067934, -0.025869, -0.050665, 0.100377, -0.037651, 0.02279, -0.05273, -0.028156, -0.041653, 0.010688, -0.093493, 0.042334, -0.044153, -0.039162, 0.066415, 0.054054, 0.03241, -0.02939, 0.031723, -0.082287, 0.010394, 0.020067, 0.076288, -0.081986, 0.0, -0.095387, 0.025751, -0.010643, -0.003306, 0.081281, -0.039686, 0.002543, 0.074461, -0.022162, 0.021823, -0.068327, -0.006678, -0.0294, 0.067156, 0.129007, -0.092622, 0.006325, 0.02507, -0.029782, -0.048886, 0.011814, -0.042337, 0.044638, 0.046355, -0.003016, -0.013755, 0.071871, -0.031863, 0.169143, -0.016101, -0.070108, 0.007487, -0.049819, 0.022127, -0.027588, 0.060138, -0.039542, -0.058343, 0.013219, 0.107865, -0.020744, 0.017695, 0.022053, -0.005675, -0.01886, -0.034582, -0.025181, -0.045081, -0.033304, 0.002501, -0.047984, 0.061748, 0.002366, 0.031738, -0.023049, -0.060169, 0.009517, 0.010667, 0.055019, -0.032284, -0.000244, -0.055174, 0.005348, 0.030292, -0.049535, 0.019376, 0.08797, 0.005027, 0.041, 0.027424, 0.053494, 0.016567, -0.015198, -0.002499, -0.069977, -0.009404, -0.042507, -0.0597, 0.059328, -0.06766, -0.016466, 0.064564, 0.002591, -0.066983, 0.059717, -0.017794, 0.016895, -0.05515, -0.01389, 0.022148, -0.06395, 0.018388, -0.013023, 0.153327, 0.048017, -0.0, -0.123395, -0.045968, -0.058547, 0.019895, -0.055883, 0.001181, -0.067288, -0.033072, 0.01074, 0.068254, 0.009427, 0.013399, 0.029632, 0.040123, 0.005826, 0.037771, 0.006077, -0.018962, 0.091696, -0.030078, 0.016402, 0.029355, -0.070022, 0.006944, -0.001317, 0.004877, -0.050589, -0.045252, 0.034587, -0.061328, -0.036988, -0.007861, -0.025665, -0.003598, 0.092688, 0.06856, -0.015431, -0.054723, -0.020271, 0.068023, 0.066357, -0.104531, -0.082452, 0.012395, -0.017783, 0.012825, -0.007813, 0.007577, 0.025064, 0.022327, 0.024301, -0.008782, 0.020814, -0.017867, -0.10361, 0.019879, 0.01514, 0.001969, -0.00813, 0.037419, -0.039542, -0.039332, 0.036674, -0.0604, 0.026103, -0.006858, 0.079541, 0.05977, -0.103211, -0.037139, -0.0652, -0.009391, -0.023512, 0.010046, -0.045356, -0.031909, -0.059003, -0.09354, -0.023422, -0.008886, 0.045721, -0.056326, 0.092006, 0.028435, 0.017914, -0.028593, 0.036214, -0.026298, -0.107903, -0.024609, -0.074266, 0.036922, -0.042628, 0.071686, -0.04728, -0.0, -0.02526, -0.075892, 0.062434, -0.002449, 0.069302, -0.010833, -0.060409, 0.08159, -0.082246, -0.032622, -0.025117, -0.057664, -0.018464, 0.083019, 0.101936, 0.092091, 0.003908, 0.006362, 0.073035, -0.008756, 0.107705, 0.048405, 0.061499, -0.013625, -0.024387, -0.057867, 0.039747, 0.05562, 0.032921, 0.04528, -0.060828, -0.005371, 0.072568, 0.014947, 0.065719, 0.039077, 0.002416, 0.057555, -0.052713, -0.01614, 0.010273, 0.083223, -0.0502, 0.007653, -0.00151, -0.009371, -0.019553, -0.078301, 0.022253, 0.019409, -0.025411, 0.017765, 0.099052, 0.118449, 0.035774, -0.039684, 0.050038, -0.049476, 0.079147, 0.10506, 0.037925, -0.010707, 0.054085, -0.008525]","[""ART0149"", ""ART0292"", ""ART0387""]"
ART0727,Elastic Partners with Major Enterprise Client,Elastic,2022-07-18,AI_ML,1030000000,Major partnership validates technology and opens new revenue opportunities.,https://technews.example.com/articles/727,Cybersecurity,2016,"San Francisco, CA",24508,True,ELAS,6,Medium,"[0.018712, 0.03952, 0.011471, -0.063072, -0.005279, 0.028372, -0.04635, 0.011638, 0.062297, 0.016165, -0.030642, 0.086492, -0.027539, 0.055084, 0.043872, -0.007077, -0.03232, -0.054974, -0.029296, 0.002555, -0.063534, -0.087932, -0.048739, -0.068391, -0.00217, -0.039197, 0.022536, 0.018298, -0.01462, -0.057936, 0.020308, -0.019318, 0.042091, 0.002646, -0.029871, 0.051203, -0.03635, -0.045242, -0.040601, -0.013931, 0.012882, -0.056211, -0.050165, -0.069549, 0.000763, -0.102289, 0.042246, -0.006625, 0.008984, 0.025439, -0.034777, -0.085899, -0.001813, 0.000719, -0.051137, 0.057466, -0.03104, -0.014938, -0.030338, -0.036861, 0.099275, -0.029211, -0.006736, 0.018792, -0.060749, 0.043795, -0.037823, 0.084683, -0.121052, -0.063129, -0.037918, -0.113107, -0.032931, 0.025731, 0.045678, -0.002274, 0.034414, 0.043623, 0.150288, -0.007602, 0.003134, 0.033199, -0.105101, -0.014609, -0.044624, 0.0112, 0.00844, -0.012949, 0.030071, -0.000621, -0.016227, -0.016192, 0.049342, -0.019468, -0.001625, 0.062536, -0.086559, -0.018281, 0.005826, 0.062174, 0.005956, 0.054344, 0.044587, 0.029871, -0.025585, 0.01221, -0.015134, 0.078713, 0.133049, 0.045529, 0.024325, -0.013106, -0.028064, -0.009615, -0.011583, 0.055976, -0.084049, 0.044053, 0.154783, -0.040537, 0.028926, 0.038668, 0.027726, -0.074607, 0.028804, 0.007197, -0.039072, 0.0, -0.009008, 0.074744, -0.022089, 0.042811, -0.031019, 0.070189, -0.02208, 0.035683, -0.130464, -0.083983, -0.047459, 0.110218, 0.091123, 0.067515, 0.018266, -0.051182, -0.014234, 0.104029, 0.059418, -0.027876, 0.015321, 0.002617, 0.004706, 0.070503, 0.010357, -0.06475, 0.035293, 0.058493, 0.075, 0.028026, 0.000758, 0.047498, 0.012785, -0.029854, -0.04476, 0.107261, -0.066215, -0.101628, 0.011462, 0.033548, -0.083869, 0.044819, -0.062868, 0.039838, -0.07685, -0.023524, 0.043322, 0.055765, 0.039741, -0.001553, -0.080105, -0.011716, 0.03003, 0.028733, 0.02141, 0.063441, 0.012158, -0.012646, -0.026435, -0.031489, -0.012982, -0.029564, 0.027908, 0.02799, -0.002933, 0.074617, 0.067918, 0.001045, 0.015819, 0.008539, -0.016358, -0.018948, 0.077816, -0.056386, -0.030237, -0.059822, -0.062533, 0.037832, 0.036927, 0.055091, -0.0976, -0.041824, 0.089544, 0.060602, -0.090846, 0.011203, 0.01221, 0.000852, 0.012231, 0.086723, -0.061111, 0.058927, -0.045906, 0.08033, 0.109835, -0.0, -0.006183, 0.018069, 0.02998, 0.059215, 0.066565, -0.044159, 0.039882, -0.075449, -0.042824, 0.052009, 0.04354, -0.032538, 0.019801, -0.04058, -0.029777, -0.067395, 0.006471, -0.076893, 0.11364, -0.026269, 0.062857, -0.032454, 0.014415, 0.061753, 0.041811, -0.002252, -0.042663, -0.088218, -0.08904, -0.019587, -0.020553, 0.061756, -0.019745, 0.031444, -0.024024, 0.109036, -0.01987, -0.034574, 0.003433, -0.113607, 0.084638, -0.04823, 0.010653, 0.02907, -0.03872, 0.000789, 0.03304, 0.026067, 0.005313, -0.060008, -0.017352, 0.030115, -0.001568, -0.061182, -0.04127, 0.029584, 0.048656, 0.052287, -0.100577, 0.040787, 0.035408, 0.061345, 0.04793, 0.072104, 0.006114, 0.012629, 0.048865, 0.008381, -0.069663, -0.054071, -0.006194, -0.042428, -0.044697, -0.00312, -0.007234, -0.014785, -0.01428, -0.14182, -0.03334, 0.030808, 0.003911, 0.024742, 0.08533, 0.064973, -0.039105, 0.042779, -0.054949, -0.025361, -0.035417, 0.068724, -0.096612, -0.021463, -0.052646, -0.018986, -0.018747, -0.0, -0.024859, -0.003607, -0.006195, -0.025696, -0.023944, -0.019238, -0.032358, 0.075512, 0.037814, 0.061339, -0.059012, -0.092151, -0.078212, 0.061193, 0.096673, -0.014386, 0.034987, 0.064646, -0.098346, 0.001065, -0.072909, 0.063522, 0.021857, -0.045247, 0.021396, 0.007829, -0.002502, 0.074757, 0.024422, -0.024651, -0.034625, -0.015679, 0.018035, -0.02034, 0.013329, 0.009078, -0.033414, 0.060639, 0.001997, 0.064367, -0.068067, 0.074715, -0.01098, 0.011778, -0.043913, 0.005258, -0.085341, 0.012746, -0.05125, 0.00618, -0.009423, -0.034723, 0.008808, -0.006097, -0.070735, -0.033463, -0.012879, -0.034059, 0.089444, 0.06555, 0.070733, -0.091945, 0.078908, -0.017547]","[""ART0407"", ""ART0723"", ""ART0593""]"
ART0732,Mongo DB Unveils Next-Generation Platform,MongoDB,2024-03-08,AI_ML,1785000000,New product features leverage cutting-edge AI technology to solve customer problems.,https://technews.example.com/articles/732,SaaS,2008,"Austin, TX",16952,False,MONG,16,Medium,"[-0.063119, 0.023888, 0.006645, 0.042095, 0.037445, -0.066603, -0.039831, -0.001713, -0.038932, 0.010654, -0.031005, -0.016022, 0.047253, -0.034036, 0.038652, 0.079146, 0.036057, -0.068037, -0.022219, -0.012051, -0.042593, -0.025893, -0.003807, 0.020289, -0.002606, 0.048389, 0.048831, -0.029814, -0.016202, -0.036033, 0.031137, 0.050463, 0.029916, 0.038644, -0.084209, 0.036693, -0.018761, -0.065294, -0.000566, -0.114361, 0.009746, -0.085799, -0.07092, -0.011516, 0.170703, 0.001922, -0.063209, 0.089016, 0.101039, 0.051006, -0.081435, -0.094417, 0.021157, 0.055194, 0.017115, 0.122613, 0.019272, -0.012756, -0.033067, 0.034198, 0.068259, -0.098613, 0.011651, 0.043907, 0.006719, 0.058003, -0.081038, -0.004681, -0.043126, -0.001948, 0.074701, 0.077224, -0.086434, -0.009166, -0.050174, 0.059667, 0.044297, -0.07987, 0.086966, 0.070278, -0.118523, -0.053053, -0.002476, 0.006515, 0.000808, -0.052009, 0.014892, -0.066767, -0.040892, -0.023886, 0.021747, 0.006095, 0.071657, 0.016992, 0.030127, 0.031315, 0.029375, 0.006044, 0.01026, 0.021443, -0.041851, 0.087205, 0.02757, -0.079472, -0.033651, 0.018721, 0.079, -0.037067, -0.058528, -0.024252, -0.03022, -0.035278, -0.004099, -0.04929, -0.019819, 0.016597, -0.038244, -0.01071, -0.035211, 0.073772, 0.001977, 0.083734, -0.04648, 0.015179, 0.018868, 0.058406, -0.035824, 0.0, -0.017033, -0.013034, 0.027662, -0.054264, 0.05654, 0.04947, -0.053929, 0.062254, -0.093525, 0.032211, -0.061854, 0.046721, -0.009729, 0.021271, 0.141161, -0.063025, 0.015186, 0.072728, 0.029424, -0.045577, 0.062209, -0.048223, -0.025969, 0.067369, 0.078825, 0.043649, 0.044229, -0.019403, 0.114048, 0.012292, -0.036154, -0.008738, -0.035188, 0.062889, -0.031478, 0.031405, -0.063806, -0.059577, -0.028336, 0.012316, 0.031422, 0.066904, -0.021118, -0.045335, -0.10636, 0.047074, 0.055156, -0.047903, -0.015114, -0.02581, -0.055016, -0.011298, -0.024538, 0.052396, 0.073279, -0.067515, 0.00414, -0.034832, 0.042489, -0.062648, -0.056824, -0.035997, 0.004622, 0.059947, -0.014715, 0.03073, 0.033881, 0.067181, 0.015543, 0.042325, 0.060644, 0.071014, -0.017904, -0.01355, -0.032666, -0.042264, -0.052341, -0.082365, 0.01062, -0.010606, 0.011527, -0.01236, -0.060486, -0.00161, 0.045106, 0.036209, 0.029832, -0.024598, -0.018787, -0.006595, -0.027646, 0.108037, -0.002069, 0.058108, 0.026165, -0.0, -0.079829, -0.08027, -0.005301, 0.028966, 0.054903, -0.028332, -0.052873, -0.018725, 0.014599, -0.026772, -0.05523, -0.074618, 0.014767, -0.055788, -0.029951, 0.024938, -0.040943, -0.054782, 0.018807, -0.02012, -0.027535, 0.042181, -0.068258, 0.009265, 0.033434, -0.040908, -0.06566, -0.091267, -0.000292, -0.022275, -0.043588, -0.031336, -0.029288, 0.018054, 0.023464, 0.031607, 0.010136, 0.0496, 0.039768, 0.046904, 0.025354, -0.001663, -0.111887, -0.065852, 0.009822, -0.01114, -0.031895, 0.039811, -0.002753, -0.044694, -0.045694, -0.049867, 0.06773, -0.017191, -0.038146, -0.021275, 0.030709, -0.014247, 0.047717, 0.058212, -0.012256, -0.030249, 0.050334, 0.018624, 0.038362, -0.063465, -0.009951, 0.074458, -0.044409, -0.071617, -0.012591, -0.02356, -0.020105, 0.097515, 0.026798, -0.012056, -0.059861, -0.088836, -0.00488, -0.010361, 0.069151, -0.000594, 0.103697, 0.042427, 0.013166, -0.059317, 0.01994, -0.024127, -0.089391, 0.032258, -0.0999, 0.066289, -0.103572, 0.061412, -0.057676, -0.0, -0.058873, -0.028235, 0.086219, 0.031528, 0.102603, 0.000193, 0.014196, 0.089636, -0.008434, 0.005914, -0.014511, 0.006745, -0.019571, 0.035053, 0.059416, 0.031223, 0.061827, -0.012469, 0.036808, 0.020519, 0.109706, 0.03769, 0.033083, -0.040291, 0.00997, -0.051924, 0.006273, 0.080826, 0.015493, 0.006884, -0.076697, -0.011235, 0.119522, -0.016253, 0.142472, 0.061271, -0.012168, 0.044428, -0.122288, -0.005161, 0.034641, 0.034499, -0.010695, -0.019535, -0.006856, -0.066707, 0.035774, -0.019449, 0.074008, 0.00887, 0.014407, -0.052567, 0.102436, 0.06785, 0.064624, 0.015275, 0.038831, -0.067146, 0.083472, 0.015111, 0.069588, -0.08148, -0.004407, 0.037429]","[""ART0526"", ""ART0265"", ""ART0585""]"
ART0738,Databricks Launches New AI-Powered Product,Databricks,2024-02-25,AI_ML,2640000000,Leadership outlines vision for responsible AI development and deployment.,https://technews.example.com/articles/738,Data Analytics,2003,"Berlin, Germany",17962,True,DATA,21,Medium,"[-0.039288, -0.020664, 0.036395, -0.008583, 0.06072, -0.05164, -0.067476, 0.002932, -0.06374, 0.046064, -0.028175, -0.01647, 0.070027, -0.028717, -0.014264, 0.076643, -0.008419, -0.071603, -0.061723, -0.06561, 0.018791, 0.002627, 0.009293, -0.011976, 0.001583, 0.08455, 0.025989, -0.055737, -0.024411, -0.022925, 0.00065, -0.066943, 0.072784, 0.012826, 0.015934, 0.044932, 0.043965, 0.003798, -0.011431, -0.079297, -0.021982, -0.034577, -0.045447, -0.010147, -0.019268, 0.062701, -0.008932, -0.08804, 0.012174, 0.003351, -0.102306, -0.104571, 0.034383, -0.039591, -0.00309, -0.002411, 0.107444, 0.009663, 0.018801, -0.025261, 0.032021, -0.070879, 0.045341, -0.028148, 0.033936, 0.055154, -0.054102, 0.012739, 0.017317, -0.071937, 0.091766, 0.035498, -0.00858, -0.009369, -0.036705, 0.031226, 0.026939, -0.036291, 0.078649, -0.036099, -0.018246, 0.010782, -0.041106, 0.126606, -0.014917, -0.002182, -0.014457, -0.002582, -0.009221, 0.089141, -0.030163, -0.034827, 0.072596, 0.039607, -0.083388, 0.018457, -0.034323, -0.100634, -0.05089, -0.027601, -0.067848, 0.014173, -0.031897, -0.071792, -0.064326, -0.018741, 0.060117, -0.070881, -0.010805, 0.014608, 0.040061, -0.024713, -0.03672, -0.022696, 0.01242, -0.026232, -0.122529, 0.09916, 0.027553, -0.028343, 0.048067, 0.047069, 0.038686, 0.072353, 0.03352, -0.015391, -0.046827, -0.0, -0.047018, 0.026297, 0.05039, 0.074413, 0.102891, -0.074039, -0.008167, 0.038917, -0.083853, 0.014803, -0.041112, 0.017191, -0.061412, 0.041094, -0.018076, -0.115367, 0.020609, 0.014068, -0.068405, -0.024051, 0.037086, -0.068099, 0.001281, 0.011641, 0.074648, -0.01887, 0.029505, -0.001954, 0.116838, 0.026811, -0.137572, 0.042886, -0.036851, -0.006599, -0.035581, 0.016641, -0.100379, -0.025743, -0.051045, 0.102837, 0.019915, 0.012301, -0.039022, -0.042772, -0.024682, -0.027056, 0.034848, 0.005066, 0.048063, -0.040257, -0.038698, -0.014156, 0.066825, 0.037659, 0.079652, -0.072888, 0.020914, -0.050903, 0.045848, 0.001316, 0.014335, 0.00988, -0.038581, 0.142031, -0.010343, 0.056586, 0.059425, -2.3e-05, 0.05524, 0.082503, 0.030611, -0.022386, 0.071469, 0.016369, -0.020824, -0.0333, -0.058573, -0.041796, -0.012774, 0.016763, -0.076602, -0.056235, -0.042267, 0.006425, 0.02745, -0.037508, -0.051913, 0.02149, -0.03468, 0.049932, -0.058979, -0.079323, -0.016021, 0.065165, -0.092727, -0.0, -0.006371, -0.011735, 0.024141, -0.023565, 0.064513, 0.025586, -0.039823, -0.077172, 0.071552, 0.074345, -0.060414, -0.016809, -0.004228, -0.023205, 0.055048, 0.027006, -0.003845, -0.047555, 0.029038, -0.056762, -0.031383, 0.075488, -0.038926, 0.021882, 0.038216, -0.007567, -0.029574, 0.07269, 0.040255, 0.015426, 0.004605, -0.079802, -0.008501, -0.005189, -0.027175, 0.054673, 0.022663, -0.067846, -0.001477, 0.027085, 0.009813, -0.064692, -0.133954, 0.01616, -0.025982, 0.006722, -0.034818, 0.100264, -0.043473, -0.009099, -0.011108, 0.045591, 0.010891, -0.067052, -0.045027, -0.004677, 0.076771, 0.101402, -0.002003, 0.04924, 0.001695, -0.071725, 0.083329, 0.036204, -0.135546, 0.008582, 0.083928, 0.032497, -0.063233, 0.003469, 0.035532, -0.006974, 0.008037, 0.073052, -0.058272, -0.012663, -0.064228, -0.013021, -0.02904, -0.050194, 0.03904, -0.019736, 0.06813, 0.05364, 0.063454, 0.029084, 0.039209, -0.007403, -0.000119, 0.077674, -0.069378, -0.00636, -0.091513, 0.109937, -0.061775, -0.0, -0.003356, 0.02807, 0.037384, 0.01739, 0.051535, 0.01122, -0.01366, 0.053806, 0.028944, -0.040353, 0.073689, -0.058832, 0.001378, 0.01061, 0.056793, 0.009086, 0.051062, 0.051121, 0.005801, -0.018752, 0.078797, 0.026262, -0.065378, -0.049096, -0.031263, -0.035425, -0.044236, 0.014113, -0.051335, 0.018617, 0.003359, -0.017666, 0.097337, 0.050335, 0.077718, 0.013013, 0.035978, 0.037225, 0.001971, -0.02516, -0.028375, 0.146055, -0.052224, -0.030433, -0.057478, 0.051439, -0.107832, -0.026569, 0.009223, 0.045795, -0.010142, 0.047627, 0.018446, 0.102724, 0.101916, 0.070118, 0.000564, -0.027298, -0.035722, 0.040582, 0.112268, -0.04082, 0.110584, -0.033779]","[""ART0293"", ""ART0347"", ""ART0643""]"
ART0740,Tesla Achieves Profitability Milestone,Tesla,2024-07-01,AI_ML,98880000000,Platform improvements deliver enhanced performance and new capabilities.,https://technews.example.com/articles/740,Cloud Computing,2008,"London, UK",5691,True,,16,Small,"[-0.02888, 0.051622, -0.018935, -0.02607, 0.003382, 0.011198, -0.142342, 0.063814, -0.028049, -0.021198, -0.013533, 0.043614, 0.014653, -0.015427, 0.070584, -0.01384, 0.038788, 0.008958, -0.00346, -0.026648, -0.031372, -0.027158, 0.033059, 0.019842, 0.093736, 0.030836, -0.098541, 0.018748, 0.050011, -0.036353, -0.042849, -0.046839, 0.028309, 0.036112, -0.025116, 0.059525, -0.026228, -0.019601, -0.052368, -0.094865, -0.024899, -0.087948, -0.113353, -0.008017, 0.023199, 0.026652, 0.079215, -0.044623, 0.048073, -0.038682, -0.041746, -0.068725, 0.049499, -0.081971, -0.068501, 0.007174, 0.033919, -0.009614, 0.024994, -0.024129, 0.017851, -0.082822, -0.005853, 0.040782, 0.061952, -0.068294, -0.017536, 0.009794, -0.079681, -0.029533, 0.082754, -0.074767, 0.016601, -0.019929, -0.040439, 0.036322, 0.057295, 0.048926, 0.043108, 0.042637, 0.080257, 0.027026, -0.126635, 0.045786, -0.004918, -0.001396, -0.001484, -0.003875, -0.033803, -0.029831, -0.014462, 0.037021, -0.009095, -0.003768, -0.09717, 0.028388, 0.045418, -0.099807, 0.008295, 0.029361, 0.044783, 0.04203, 0.013295, -0.061932, 0.017685, -0.045076, -0.016596, 0.127312, 0.00609, -0.030208, 0.090014, -0.046068, -0.074332, -0.075041, -0.034566, 0.052011, -0.101833, 0.026058, 0.089781, 0.026989, 0.074471, -0.00064, 0.052993, 0.013014, -0.015272, -0.00333, -0.083614, -0.0, -0.092889, 0.025418, -0.012349, 0.022167, 0.010783, 0.027135, -0.016864, 0.043034, -0.042177, -0.020665, 0.02143, 0.037041, 0.021393, 0.042927, 0.03798, -0.12236, -0.048633, -0.026387, -0.010812, -0.012553, 0.045531, -0.111624, 0.072917, 0.044788, 0.139402, -0.038743, 0.002434, -0.053271, -0.058917, 0.005823, -0.013672, 0.07973, -0.087819, 0.017761, -0.063043, 0.013963, -0.034606, -0.123026, 0.031384, 0.030991, -0.087244, -0.016192, -0.095649, -0.057, -0.016278, 0.043985, 0.029468, -7.5e-05, 0.014575, 0.006371, -0.003185, 0.010802, 0.024929, -0.048994, 0.086267, 0.025685, 0.040424, -0.01731, 0.031472, 0.017316, -0.036203, 0.054072, -0.045243, 0.020584, -0.079283, 0.079899, 0.028772, 0.01184, 0.013154, 0.107141, 0.036918, -0.065981, 0.049113, -0.012616, 0.05473, -0.025323, -0.074473, -0.031679, 0.066464, 0.007839, -0.017082, 0.032405, 0.046976, -0.018554, 0.122761, -0.045173, -0.040602, 0.001131, 0.008924, 0.024153, 0.025658, 0.025209, -0.003221, 0.070838, -0.041613, -0.0, 0.042231, 0.018372, 0.069698, 0.011101, 0.025297, -0.006344, -0.060414, -0.101037, -0.045854, 0.097559, 0.00019, 0.064677, -0.02546, 0.012469, -0.014108, 0.069335, -0.056282, -0.087846, 0.030051, -0.064831, 0.049108, 0.067367, 0.02969, 0.063364, 0.048204, -0.069364, -0.062228, -0.041878, 0.111925, -0.081179, -0.04302, -0.057454, 0.010548, 0.019409, 0.115675, 0.029595, 0.030335, -0.024068, 0.026231, -0.065252, 0.032793, -0.053575, 0.013546, -0.007488, -0.010074, -0.022335, -0.001911, 0.017307, 0.071857, 0.036685, 0.11329, -0.014826, -0.001829, 0.032049, -0.08942, -0.00374, 0.033987, 0.065045, 0.013402, 0.001551, 0.05275, -0.029855, 0.025444, 0.039774, -0.020411, -0.101, -0.027796, -0.014878, -0.010095, -0.002162, -0.047974, -0.037242, -0.029021, -0.064316, -0.109039, 0.06278, -0.008114, -0.085755, 0.011056, -0.087995, 0.040423, 0.064645, 0.071926, 0.0315, 0.037547, 0.049227, -0.007545, -0.011023, 0.033543, 0.075016, -0.019801, 0.017106, -0.042999, 0.088682, -0.058787, -0.0, 0.039028, -0.00534, -0.044557, -0.035048, 0.031845, -0.028021, -0.01388, 0.018987, 0.031505, 0.030565, 0.041146, -0.034932, 0.005533, 0.050021, 0.031594, -0.002964, 0.016876, 0.075736, -0.002394, 0.073173, 0.06268, 0.067226, -0.06242, -0.0104, -0.00732, -0.03309, 0.01581, 0.032064, 0.044544, -0.102422, -0.043046, -0.0321, 0.040616, 0.009881, 0.033712, -0.044829, -0.029568, 0.00455, 0.022915, -0.008481, 0.031966, -0.005883, 0.004637, 0.021047, -0.136443, -0.028376, -0.132404, -0.07825, -0.037222, 0.017869, 0.060358, -0.004476, 0.012782, -0.050149, 0.033216, 0.031299, -0.015793, -0.014131, 0.031157, -0.014239, 0.084793, -0.099004, 0.10895, 0.020541]","[""ART0196"", ""ART0234"", ""ART0015""]"
ART0741,Scale AI CEO Discusses Future of AI,Scale AI,2024-01-05,AI_ML,897000000,International expansion strategy focuses on enterprise customers in key markets.,https://technews.example.com/articles/741,AI/ML,2003,"Berlin, Germany",23379,False,,21,Medium,"[0.042363, -0.05816, 0.059091, -0.045698, 0.039436, 0.006294, 0.033555, 0.090523, -0.004567, -0.022109, 0.009461, 0.039505, -0.036215, 0.018117, 0.049941, 0.052992, -0.044935, -0.041853, -0.080866, -0.079944, -0.034481, -0.0744, -0.054806, -0.027237, -0.01156, 0.011402, 0.050615, -0.013193, -0.051976, 0.0189, 0.044647, -0.010736, 0.096658, 0.030183, -0.005702, 0.037696, -0.053574, -0.001366, 0.067846, -0.029186, 0.105235, -0.055095, -0.040208, -0.038128, 0.100908, 0.012661, -0.063238, 0.030962, -0.014478, 0.018171, -0.090349, -0.036624, -0.012517, -0.085799, 0.022335, 0.0176, 0.028894, -0.045172, 0.019, -0.021625, -0.004998, -0.052852, 0.066521, 0.042658, 0.073878, 0.005783, -0.015687, 0.002686, -0.114815, -0.033834, 0.048848, -0.030902, -0.03328, 0.064358, -0.020785, 0.001838, -0.002225, 0.003557, 0.081105, 0.031635, -0.018823, 0.049685, -0.001542, 0.028353, -0.100524, 0.003004, 0.014079, -0.106834, -0.013493, 0.013165, 0.040211, -0.097382, -0.03547, 0.047559, 0.041015, 0.041631, -0.102204, -0.099063, -0.037693, -0.013103, 0.059042, 0.063775, 0.033751, -0.014261, -0.077843, -0.010691, 0.042798, -0.007922, 0.036724, -0.000777, -0.08848, -0.02952, -0.00493, -0.084089, 0.027644, -0.055145, 0.015457, 0.086295, 0.069598, -0.016906, 0.019512, -0.003014, -0.012629, 0.053037, -0.044444, 0.058256, -0.033527, -0.0, -0.154936, -0.014599, 0.009421, 0.068011, -0.001616, 0.008555, 0.030426, 0.000693, -0.057361, -0.041913, -0.089059, 0.078979, 0.012468, 0.024432, 0.045261, -0.033542, 0.058957, 0.105892, 0.048352, -0.032103, 0.089283, -0.058464, 0.042885, 0.02082, 0.053178, -0.05145, -0.008455, -0.029299, 0.011215, 0.010663, -0.030111, 0.037073, -0.098161, -0.019198, -0.04397, 0.085601, -0.049957, -0.02196, -0.023903, 0.054355, -0.015713, 0.075866, -0.05547, 0.010683, -0.025768, 0.020183, 0.067226, -0.027157, 0.04458, -0.038229, -0.052229, -0.023252, 0.035853, -0.089803, 0.138784, -0.001976, 0.00036, -0.056849, 0.011153, -0.051344, -0.024689, -0.055432, -0.103704, 0.134273, 0.001517, 0.068985, 0.039284, -0.007541, 0.039241, 0.037413, 0.089133, 0.027596, 0.032346, 0.016272, -0.133102, 0.014758, -0.077368, -0.034632, 0.063128, -0.023533, -0.092902, 0.036556, 0.018667, 0.009175, 0.056872, -0.004911, 0.056523, 0.006974, 0.027532, 0.048603, -0.0591, -0.016556, -0.011685, 0.084357, -0.056378, 0.0, -0.007614, 0.021195, -0.069129, -0.038643, 0.025767, -0.008348, -0.048565, 0.08403, 0.031174, 0.015364, -0.059742, -0.0012, 0.051342, 0.023799, -0.016651, -0.03941, 0.028048, -0.014882, 0.036875, 0.009354, 0.094421, 0.004652, -0.047539, 0.04064, 0.065231, -0.005737, -0.046795, 0.046869, -0.072328, -0.071121, -0.026879, -0.055428, 0.047234, 0.094494, 0.008659, 0.082642, -0.008939, -0.095593, 0.00625, 0.101779, -0.010944, -0.067536, -0.005127, -0.071027, -0.039552, 0.007153, 0.031032, 0.02316, -0.0281, -0.027954, -0.045525, -0.00247, -0.024918, -0.019981, -0.13496, 0.054637, 0.02693, 0.040542, -0.073994, 0.019751, 0.009737, -0.008117, 0.110018, 0.00561, -0.078852, 0.001301, 0.066567, 0.019655, -0.006216, -0.102756, -0.012821, -0.062308, -0.085448, 0.034057, -0.08161, 0.003792, -0.02154, -0.05857, 0.034571, -0.03943, -0.020399, -0.011477, 0.011165, 0.054061, 0.045928, 0.024394, 0.015842, -0.025887, -0.016296, 0.017894, -0.060556, -0.056567, -0.046984, -0.014249, -0.055068, -0.0, -0.088429, 0.014552, 0.132171, 0.101319, 0.053896, 0.001092, -0.011298, 0.002339, 0.001881, 0.017595, -0.0345, -0.034867, -0.026722, 0.070224, 0.115289, 0.03587, 0.00317, 0.045316, -0.002084, 0.020977, 0.002507, 0.091759, 0.017851, -0.099624, 0.018414, -0.030168, -0.076563, 0.027423, -0.05061, 0.046564, -0.020382, 0.033986, 0.035817, 0.040004, 0.036222, 0.027932, 0.002997, 0.045948, -0.056339, -0.014239, -0.016222, 0.044478, 0.041135, -0.009301, 0.027123, -0.001305, -0.105828, -0.021631, 0.023138, 0.021481, 0.011749, 0.029191, -0.016568, 0.065493, 0.127917, -0.023254, 0.005703, -0.03251, -0.061322, 0.11329, 0.019359, -0.004131, -0.022381, 0.003345]","[""ART0273"", ""ART0414"", ""ART0331""]"
ART0743,SpaceX Expands into European Market,SpaceX,2024-10-22,FINTECH,9945000000,New product features leverage cutting-edge AI technology to solve customer problems.,https://technews.example.com/articles/743,AI/ML,2016,"Berlin, Germany",31018,False,,8,Large,"[-0.006808, -0.041976, 0.100875, -0.041822, -0.005775, -0.020475, 0.032523, 0.019491, -0.009051, -0.033164, -0.06867, 0.01718, 0.005947, 0.008365, -0.000219, -0.015901, 0.053969, -0.047238, -0.054734, 0.017909, 0.058325, -0.093063, -0.06549, -0.014945, -0.00149, 0.085662, 0.099838, -0.062182, 0.007027, 0.002439, 0.033837, 0.065912, 0.07759, -0.026224, -0.018668, 0.060349, -0.037734, -0.058528, -0.008988, -0.050914, -0.02293, -0.072336, -0.023148, 0.006121, 0.092797, -0.043245, 0.015405, -0.000868, 0.066699, 0.045322, -0.106081, -0.062259, 0.039511, -0.038333, 0.023823, 0.002419, -0.016917, 0.020289, 0.020241, -0.023583, 0.069389, -0.085138, 0.07862, 0.074664, -0.000821, 0.024192, -0.11004, -0.009539, -0.088031, -0.048852, 0.035943, 0.02307, -0.07849, 0.058172, 0.044354, 0.037998, 0.078257, -0.018134, 0.117897, -0.014777, 0.011333, -0.041035, -0.077312, 0.058094, -0.022358, -0.040831, 0.039354, -0.015285, 0.001852, -0.023148, 0.001963, -0.000315, 0.024107, -0.000755, 0.04167, -0.034921, -0.032981, -0.005641, -0.007385, 0.021042, -0.046103, -0.01146, 0.033267, 0.018904, -0.054643, -0.031755, 0.038724, -0.001474, 0.030002, -0.044785, -0.110402, -0.025735, -0.037267, -0.050014, -0.00609, 0.023923, -0.034948, 0.014441, 0.119894, 0.00757, -0.017859, -0.047109, -0.033147, 0.101014, 0.036199, 0.025115, -0.098801, 0.0, -0.18278, -0.033247, 0.01471, -0.019329, 0.001494, -0.041291, -0.030071, 0.047292, -0.041806, 0.003719, -0.128276, 0.039604, -0.029013, 0.111097, 0.133472, -0.0462, 0.045996, 0.003738, -0.012769, -0.021067, 0.050168, -0.073987, 0.071943, 0.061551, 0.033274, 0.008413, 0.033696, -0.036235, 0.07175, -0.00735, -0.125967, 0.002873, -0.021794, 0.014031, -0.064643, 0.130667, -0.047702, -0.034455, -0.047196, 0.098537, -0.046234, 0.031832, -0.035616, -0.030843, -0.035494, 0.019473, -0.018949, -0.102573, 0.000921, 0.059804, -0.045638, 0.087323, 0.048092, -0.032848, 0.083102, -0.026514, 0.020835, 0.02207, 0.030459, -0.006919, -0.05304, -0.025802, 0.004242, 0.108168, 0.015015, 0.128743, 0.097623, 0.043845, -0.026971, 0.082366, -0.035494, 0.036828, 0.018073, -0.029884, 0.003272, -0.016142, -0.099067, -0.091363, 0.060223, -0.060518, -0.054658, -0.009022, 0.017734, 0.020652, 0.055449, -0.019317, -0.00838, 0.028495, 0.020482, 0.035603, -0.064357, -0.080029, -0.032798, 0.111738, -0.040187, -0.0, -0.098123, -0.04565, -0.020298, 0.02338, -0.024122, 0.02413, -0.038589, -0.018918, -0.000598, 0.08177, -0.003852, 0.004125, 0.028097, 0.028046, -0.032345, 0.003408, 0.010283, -0.029435, 0.010583, -0.049066, 0.055421, 0.014143, -0.040086, -0.012316, -0.030368, 0.008674, -0.023539, 0.033624, -0.011853, -0.025588, -0.088357, 0.027523, 0.008671, 0.102733, 0.074663, 0.102129, -0.016734, 0.018521, 0.035518, 0.01064, -0.039409, -0.104092, -0.063405, 0.016331, -0.031307, -0.007846, -0.002507, 0.027432, -0.038336, -0.010037, -0.008837, -0.006828, 0.04468, -0.073152, -0.109445, 0.029932, 0.015878, 0.039427, 0.042233, 0.059557, 0.000976, -0.038254, 0.081905, -0.045086, -0.018298, -0.063623, 0.01871, 0.070085, -0.054964, 0.005197, 0.06817, -0.002826, -0.073108, 0.089328, -0.024144, -0.005384, -0.017561, -0.018834, 0.014296, 0.012397, 0.09481, -0.050061, 0.111478, 0.063536, 0.014313, 0.055743, -0.014221, -0.00844, -0.009302, -0.010689, -0.072125, 0.051924, -0.055816, 0.028011, -0.120255, -0.0, -0.099702, -0.060025, 0.056886, 0.041135, 0.032123, 0.02016, -0.032978, 0.069679, -0.047511, -0.064896, -0.014096, -0.039375, -0.03208, 0.079298, 0.031637, 0.03756, 0.004104, 0.059755, 0.042638, 0.032925, 0.041629, 0.058395, 0.065902, -0.03528, -0.004201, -0.076055, 0.011996, 0.081919, 0.029061, 0.012551, -0.039865, -0.006424, 0.047321, 0.087036, 0.0256, 0.006092, -0.015679, 0.079821, -0.044329, -0.008627, -0.018979, 0.040493, -0.031006, -0.060551, 0.007693, 0.024898, -0.037592, -0.127944, 0.029746, 0.035474, 0.011303, 0.011912, -0.022671, 0.034804, 0.027509, -0.00372, -0.001295, -0.013901, 0.03166, 0.046578, -0.02997, -0.04391, 0.000575, 0.038018]","[""ART0193"", ""ART0422"", ""ART0207""]"
ART0745,NVIDIA Unveils Next-Generation Platform,NVIDIA,2024-09-08,FINTECH,58500000000,The company demonstrated significant advances in model performance and efficiency.,https://technews.example.com/articles/745,AI/ML,2017,"London, UK",22031,False,,7,Medium,"[-0.04308, 0.018618, -0.004679, -0.004013, 0.077009, -0.048437, -0.143679, 0.012118, -0.004369, -0.050661, -0.057145, 0.029581, -0.026184, -0.017236, 0.050421, 0.023769, 0.073544, -0.028224, -0.010199, -0.026111, -0.015801, -0.03795, -0.018945, 0.002948, 0.041735, 0.014815, -0.0422, -0.037626, 0.031624, -0.046457, 0.001223, 0.017164, 0.010619, 0.009428, -0.057483, -0.063188, 0.016191, -0.05913, -0.083074, -0.074559, -0.027433, -0.017706, -0.045608, 0.072345, 0.10625, -0.022064, -0.029129, -0.022183, 0.010341, -0.068844, -0.028165, -0.0743, 0.031705, -0.038806, -0.037689, 0.065508, -0.038043, -0.128199, 0.020051, -0.056584, 0.111381, -0.075613, -0.009657, 0.08521, 0.03862, 0.0402, 0.044151, -0.042773, 0.031178, 0.000847, -0.029839, 0.006327, 0.002078, -0.043635, -0.024533, -0.002991, 0.043213, 0.026805, 0.080093, 0.029401, 0.043434, 0.034888, 0.039928, -0.022441, 0.017835, -0.023747, -0.001698, -0.011349, 0.021216, -0.084529, -0.030735, 0.032292, 0.072174, 0.011303, -0.070742, -0.006622, 0.012203, -0.066366, -0.024002, 0.034904, 0.004705, 0.020308, 0.049846, 0.050023, 0.009206, 0.017432, 0.020517, 0.048817, -0.016675, 0.035693, -0.006287, 0.033523, -0.086237, 0.064403, -0.022273, 0.03895, -0.097662, 0.001168, 0.027323, 0.029185, -0.04045, -0.029289, -0.054503, -0.038477, -0.001502, 0.051775, -0.054373, -0.0, -0.022891, -0.014498, 0.036425, 0.022091, 0.034656, 0.095886, 0.027285, 0.065093, 0.040117, 0.047377, -0.086697, 0.030272, -0.041203, 0.1126, 0.069441, -0.116758, -0.062613, 0.079556, 0.027189, 0.088263, 0.085457, 0.059741, -0.024193, -0.046407, 0.020819, 0.036445, -0.041524, -0.013939, 0.038561, 0.028406, -0.011971, -0.035546, -0.00956, -0.006136, -0.014261, 0.006388, -0.039133, -0.040234, 0.082572, 0.093371, 0.012249, 0.056241, -0.017447, -0.143172, -0.090566, 0.007226, 0.001762, -0.016477, -0.07388, 0.003053, -0.01552, 0.095167, -0.06968, 0.013596, 0.072014, -0.041141, -0.011489, 0.046861, 0.058242, 0.037623, -0.105776, -0.03237, -0.032842, -0.077777, -0.01961, 0.009667, 0.094404, 0.013271, -0.088934, 0.015295, -0.000318, -0.00327, -0.063983, -0.055983, 0.082972, -0.041832, -0.059206, 0.016183, -0.004276, -0.006782, -0.016492, 0.089206, -0.011685, 0.000504, 0.058808, -0.034051, 2.7e-05, 0.01839, -0.084868, -0.039821, -0.032107, 0.042596, 0.042475, 0.065544, 0.069886, -0.0, 0.062706, -0.062922, 0.018163, 0.026589, 0.022346, 0.001651, -0.040485, -0.020418, -0.013898, -0.035603, 0.056526, 0.11006, 0.072009, 0.050305, -0.005735, 0.008683, -0.060424, -0.06438, -0.03258, -0.142125, 0.019107, 0.013942, -0.026833, -0.052086, 0.000177, -0.017954, 0.051319, -0.072982, 0.041205, -0.071227, -0.027944, 0.008635, 0.020445, 0.059509, 0.122718, 0.05025, 0.03427, 0.000277, -0.016145, -0.018479, 0.088758, 0.059075, 0.018309, 0.025766, 0.014185, 0.105677, -0.053696, 0.000246, 0.109529, -0.005324, 0.006953, -0.002313, -0.015909, 0.029187, -0.061488, 0.00406, 0.032101, 0.064743, 0.042357, -0.022223, 0.032838, 0.038228, -0.085091, -0.037163, 0.042655, -0.040099, -0.0418, 0.047035, 0.011782, 0.035041, -0.065955, -0.034782, -0.060664, -0.037889, -0.089372, -0.019492, -0.009055, -0.134163, 0.073953, -0.031652, -0.003882, -0.081437, 0.094554, 0.004732, 0.015857, -0.043621, 0.071993, -0.132509, 5.8e-05, -0.004807, -0.043024, 0.028399, -0.083237, 0.080696, 0.004944, -0.0, 0.111613, -0.052975, 0.030562, 0.068779, 0.014304, -0.063883, -0.073247, 0.036244, -0.002526, 0.034207, 0.062268, -0.087277, -0.012762, 0.055888, 0.073094, 0.078622, 0.063452, 0.048304, 0.015037, -0.000932, -0.005659, 0.045574, 0.009275, -0.03264, -0.059711, -0.028342, 0.086043, -0.046299, 0.070779, -0.049923, -0.046926, -0.00489, 0.049342, 0.029399, 0.052231, 0.003981, -0.001834, 0.039488, 0.155362, -0.033884, 0.006707, 0.025112, -0.033867, 0.001732, -0.02971, -0.051616, 0.00134, -0.067102, -0.070892, 0.036207, -0.049456, 0.049281, -0.053002, 0.021902, -0.034449, 0.003087, -0.045137, -0.015634, 0.032569, 0.013695, 0.047835, -0.074064, 0.04395, 0.032409]","[""ART0066"", ""ART0613"", ""ART0700""]"
ART0749,xAI Faces Regulatory Scrutiny,xAI,2024-11-07,AI_ML,180000000,International expansion strategy focuses on enterprise customers in key markets.,https://technews.example.com/articles/749,,,,,,,,,"[0.071032, -0.060486, -0.017748, -0.055355, 0.08587, -0.005253, 0.091995, 0.012059, -0.023044, -0.066227, 0.083732, 0.016965, -0.019285, 0.044442, 0.105969, 0.000121, 0.008854, -0.101485, -0.07743, 0.010597, 0.006376, -0.040676, -0.039538, 0.020971, -0.026715, -0.022755, 0.031465, 0.0002, -0.000971, -0.019352, -0.038249, 0.0582, 0.034151, 0.043874, 0.054768, 0.009953, -0.033628, -0.015418, 0.006485, -0.058203, 0.109138, -0.09072, -0.019835, -0.024991, 0.058598, -0.037789, -0.014944, 0.030243, -0.027954, 0.034292, -0.017276, 0.017163, 0.019372, -0.042376, -0.006417, -0.022286, -0.03849, -0.062629, 7.7e-05, 0.028038, 0.016329, -0.011873, 0.037048, 0.077737, -0.01333, 0.001045, -0.073659, -0.010556, -0.053999, -0.094785, 0.026614, -0.088901, -0.03083, 0.046917, -0.013993, 0.044267, 0.077321, 0.031976, 0.059158, 0.003868, 0.035228, 0.053659, 0.046841, 0.006736, -0.041091, -0.015036, 0.037522, -0.092711, -0.044997, 0.040914, 0.052318, -0.059117, 0.0543, 0.048628, 0.053509, 0.00857, 0.007637, -0.091568, 0.016341, 0.027834, 0.03183, 0.036666, -0.047168, 0.009061, -0.082872, -0.075787, -0.009342, 0.026736, -0.013129, 0.034619, -0.077331, -0.068814, -0.019354, -0.062081, 0.029615, 0.01493, -0.005691, 0.123697, 0.051646, -0.033555, -0.035287, -0.00139, -0.022615, 0.021611, 0.01887, 0.011148, -0.067186, 0.0, -0.122278, 0.030777, -0.06217, -0.007522, -0.054382, 0.004866, 0.042927, 0.072561, -0.03289, 0.027284, -0.040535, 0.09089, -0.002793, -0.019018, 0.062322, 0.009434, -0.02234, 0.141205, 0.07698, 0.017755, 0.079041, -0.094073, 0.07082, 0.017686, -0.023814, 0.002789, -0.031296, -0.010558, 0.007524, 0.042679, -0.045499, -0.036331, 0.002409, 0.030011, -0.033704, 0.121302, -0.045224, -0.049258, 0.000552, 0.051517, -0.057548, 0.091086, -0.079879, -0.054749, 0.003758, 0.074348, -0.011686, -0.07943, -0.026375, -0.002013, -0.061647, -0.001031, 0.043103, -0.013969, 0.088629, -0.069084, -0.026261, -0.03414, -0.008751, -0.066339, -0.05807, -0.06502, -0.097662, 0.097993, 0.002626, 0.101497, 0.028641, -0.045354, -0.006114, -0.009528, 0.01435, -0.03186, 0.039548, 0.00484, -0.021102, -0.039614, -0.134923, 0.073665, 0.078117, -0.031772, -0.04072, 0.046521, 0.039328, 0.062948, -0.046572, 0.011815, 0.067713, 0.030905, 0.071018, 0.01763, -0.053775, 0.008473, -0.029817, 0.083604, 0.047444, -0.0, -0.0193, -0.003939, -0.066277, -0.052566, -0.017763, -0.050867, -0.050978, 0.034649, 0.037988, -0.012976, -0.049772, -0.025504, 0.036222, 0.02043, -0.103323, -0.016466, 0.088598, 0.010046, 0.013499, 0.01045, 0.072775, -0.062627, -0.02803, -0.013844, 0.104666, 0.02206, -0.019031, -0.04322, 0.036937, -0.051451, -0.066668, 0.056071, 0.030223, 0.078701, -0.006383, 0.038191, -0.062979, 0.023981, 0.052501, 0.058988, -0.027066, -0.049799, 0.02195, 0.022701, -0.038384, 0.012852, 0.097785, 0.024621, 0.010868, -0.00497, -0.030787, 0.014851, 0.006052, -0.021762, -0.140705, 0.068316, 0.06535, 0.033722, -0.118033, 0.018683, 0.052223, 0.034985, 0.042041, 0.052687, -0.019464, -0.022116, 0.074538, -0.028648, 0.060838, -0.119464, 0.020257, -0.095318, -0.143285, 0.003015, -0.023737, 0.028029, 0.003857, -0.100981, 0.027677, -0.034191, -0.007923, -0.017345, 0.053091, 0.060333, 0.06741, 0.017441, 0.021059, -0.000362, -0.010376, -0.01161, -0.035259, 0.02619, -0.050815, -0.045751, 0.018034, -0.0, -0.113303, -0.055672, 0.077837, 0.15094, 0.006677, 0.012701, -0.00126, 0.048121, 0.033996, 0.024382, -0.034128, 0.014937, -0.037404, 0.040807, 0.031212, 0.00188, 0.019739, 0.113683, -0.046159, 0.013295, -0.010642, 0.023788, 0.03758, -0.142362, 0.017344, -0.01713, -0.053493, 0.03178, 0.062007, -0.034978, -0.00079, 0.039854, 0.011255, 0.032613, -0.031469, 0.04914, 0.005815, 0.033608, -0.037312, -0.027901, -0.109552, 0.017326, 0.035587, -0.006318, -0.006086, -0.016287, -0.085322, -0.040371, 0.011685, -0.039863, 0.004651, -0.032213, 0.084262, -0.009035, 0.065416, 0.04814, 0.004015, 0.025067, -0.024401, 0.102306, -0.0405, -0.007631, 0.000578, -0.003812]","[""ART0648"", ""ART0225"", ""ART0455""]"
